{
  "model": "Rosetta",
  "dataset": "openbookqa",
  "answer_method": "generate",
  "overall_accuracy": 0.555,
  "subjects": {
    "SPLIT_0_OF_1": 0.555
  },
  "kv_transfer_stats": {
    "count": 5600,
    "selected_min": 101,
    "selected_max": 127,
    "selected_sum": 648060,
    "total_sum": 658476,
    "selected_fraction_sum": 5530.0350420936375,
    "score_mean_sum": 72518.52139472961,
    "score_min": 0.12491133064031601,
    "score_max": 88.61380004882812,
    "prefill_count": 200,
    "prefill_time_sum_ms": 81708.7214877829,
    "selection_time_sum_ms": 846.0102035896853,
    "projection_score_time_sum_ms": 11893.227821332403,
    "projection_transfer_time_sum_ms": 11723.5510625178,
    "fuse_time_sum_ms": 622.1160006243736,
    "rd_int8_sum": 648060,
    "rd_int4_sum": 0,
    "rd_drop_sum": 10416,
    "rd_budget_bytes_sum": 183904000.0,
    "rd_bytes_used_sum": 167289080.0,
    "rd_effective_bits_sum": 45174.32365653514,
    "rd_payload_bytes_sum": 165903360.0,
    "rd_index_bytes_sum": 1296120.0,
    "rd_scale_bytes_sum": 89600.0,
    "selected_mean": 115.725,
    "total_mean": 117.585,
    "selected_fraction_mean": 0.9875062575167209,
    "score_mean": 12.949735963344574,
    "prefill_time_mean_ms": 408.5436074389145,
    "selection_time_mean_ms": 0.15107325064101523,
    "projection_score_time_mean_ms": 2.123790682380786,
    "projection_transfer_time_mean_ms": 2.093491261163893,
    "fuse_time_mean_ms": 0.11109214296863813,
    "rd_int8_mean": 115.725,
    "rd_int4_mean": 0.0,
    "rd_drop_mean": 1.86,
    "rd_budget_bytes_mean": 32840.0,
    "rd_bytes_used_mean": 29873.05,
    "rd_effective_bits_mean": 8.06684351009556,
    "rd_payload_bytes_mean": 29625.6,
    "rd_index_bytes_mean": 231.45,
    "rd_scale_bytes_mean": 16.0
  },
  "length_statistics": {
    "subjects": {
      "SPLIT_0_OF_1": {
        "avg_input_length": 118.585,
        "avg_gen_length": 8.1,
        "avg_length_ratio": 0.06863622162675434,
        "accuracy": 0.555,
        "total_samples": 200
      }
    }
  }
}