{
  "conditions": [
    "target_only",
    "matched_packet",
    "matched_byte_text_2",
    "query_aware_diag_span",
    "structured_json_diag",
    "structured_free_text_diag",
    "full_hidden_log"
  ],
  "exact_id_parity": true,
  "exact_id_sha256": "50ef91ed25476a81eaa533ec328f9cb4c913e13480fd4f4f0641550217a94478",
  "full_log_e2e_delta_vs_packet_ms": 209.68993750284426,
  "full_log_prompt_token_delta_vs_packet": 87.5,
  "full_log_ttft_delta_vs_packet_ms": 182.10491698846454,
  "metrics": {
    "full_hidden_log": {
      "accuracy": 0.3125,
      "correct": 5,
      "mean_generated_tokens": 3.6875,
      "mean_payload_bytes": 366.5,
      "mean_payload_tokens_proxy": 33.875,
      "mean_prompt_bytes": 1132.5,
      "mean_prompt_tokens": 280.875,
      "p50_e2e_ms": 984.9589585064678,
      "p50_ttft_ms": 637.9662709950935,
      "p95_e2e_ms": 1165.481042000465,
      "p95_ttft_ms": 783.1034999981057,
      "valid_prediction_rate": 0.3125
    },
    "matched_byte_text_2": {
      "accuracy": 0.25,
      "correct": 4,
      "mean_generated_tokens": 13.0,
      "mean_payload_bytes": 2.0,
      "mean_payload_tokens_proxy": 1.0,
      "mean_prompt_bytes": 768.0,
      "mean_prompt_tokens": 192.375,
      "p50_e2e_ms": 2017.359020996082,
      "p50_ttft_ms": 432.15108349977527,
      "p95_e2e_ms": 2157.3285420017783,
      "p95_ttft_ms": 583.1967499980237,
      "valid_prediction_rate": 1.0
    },
    "matched_packet": {
      "accuracy": 0.75,
      "correct": 12,
      "mean_generated_tokens": 3.625,
      "mean_payload_bytes": 2.0,
      "mean_payload_tokens_proxy": 1.0,
      "mean_prompt_bytes": 768.0,
      "mean_prompt_tokens": 193.375,
      "p50_e2e_ms": 775.2690210036235,
      "p50_ttft_ms": 455.86135400662897,
      "p95_e2e_ms": 867.8120830008993,
      "p95_ttft_ms": 561.0375420073979,
      "valid_prediction_rate": 1.0
    },
    "query_aware_diag_span": {
      "accuracy": 0.8125,
      "correct": 13,
      "mean_generated_tokens": 7.9375,
      "mean_payload_bytes": 14.0,
      "mean_payload_tokens_proxy": 1.0,
      "mean_prompt_bytes": 780.0,
      "mean_prompt_tokens": 196.75,
      "p50_e2e_ms": 871.6249580029398,
      "p50_ttft_ms": 442.7089375021751,
      "p95_e2e_ms": 2404.8795419948874,
      "p95_ttft_ms": 623.9720830053557,
      "valid_prediction_rate": 1.0
    },
    "structured_free_text_diag": {
      "accuracy": 0.75,
      "correct": 12,
      "mean_generated_tokens": 3.625,
      "mean_payload_bytes": 17.0,
      "mean_payload_tokens_proxy": 4.0,
      "mean_prompt_bytes": 783.0,
      "mean_prompt_tokens": 196.375,
      "p50_e2e_ms": 743.6231669998961,
      "p50_ttft_ms": 442.03235449822387,
      "p95_e2e_ms": 860.0573750009062,
      "p95_ttft_ms": 571.447292008088,
      "valid_prediction_rate": 1.0
    },
    "structured_json_diag": {
      "accuracy": 0.8125,
      "correct": 13,
      "mean_generated_tokens": 5.0625,
      "mean_payload_bytes": 21.0,
      "mean_payload_tokens_proxy": 2.0,
      "mean_prompt_bytes": 787.0,
      "mean_prompt_tokens": 198.375,
      "p50_e2e_ms": 726.5003749998868,
      "p50_ttft_ms": 479.47083349572495,
      "p95_e2e_ms": 2193.9742090034997,
      "p95_ttft_ms": 638.5290420003003,
      "valid_prediction_rate": 1.0
    },
    "target_only": {
      "accuracy": 0.25,
      "correct": 4,
      "mean_generated_tokens": 13.0,
      "mean_payload_bytes": 0.0,
      "mean_payload_tokens_proxy": 0.0,
      "mean_prompt_bytes": 773.0,
      "mean_prompt_tokens": 193.375,
      "p50_e2e_ms": 2058.8973534977413,
      "p50_ttft_ms": 536.9301454920787,
      "p95_e2e_ms": 2228.4755000000587,
      "p95_ttft_ms": 733.9881669904571,
      "valid_prediction_rate": 1.0
    }
  },
  "n": 16,
  "packet_minus_matched_byte_text_accuracy": 0.5,
  "packet_minus_target_accuracy": 0.5,
  "packet_prompt_token_delta_vs_target": 0.0,
  "packet_vs_full_log_payload_compression": 183.25,
  "packet_vs_query_payload_compression": 7.0,
  "pass_gate": true,
  "pass_rule": "Packet must beat target by >=0.15, matched-byte text must stay within target+0.05, and query-aware/full-log payloads must be larger than the packet. Latency is reported, not gated.",
  "prompt_style": "audit"
}