{
  "llama": {
    "rms_mean": 0.8308929502528949,
    "count": 685
  },
  "qwen": {
    "rms_mean": 0.6775280117118445,
    "count": 685
  }
}