{
  "llama": {
    "rms_mean_raw": 0.010564380873213796,
    "rms_mean_cal": 0.010569340385058346,
    "embed_rms": 0.010564600117504597,
    "count": 17
  },
  "qwen": {
    "rms_mean_raw": 0.013648752561386894,
    "rms_mean_cal": 0.013640518300235271,
    "embed_rms": 0.013661411590874195,
    "count": 17
  }
}