block,rows,selected_accuracy,packet_only_accuracy,delta_vs_packet_only
0,205,0.48292682926829267,0.47804878048780486,0.004878048780487809
1,205,0.5073170731707317,0.5073170731707317,0.0
2,205,0.5121951219512195,0.5024390243902439,0.009756097560975618
3,205,0.4975609756097561,0.4975609756097561,0.0
4,204,0.5196078431372549,0.5245098039215687,-0.004901960784313708
