{
  "model": "Rosetta",
  "dataset": "ai2-arc",
  "answer_method": "generate",
  "overall_accuracy": 0.5504347826086956,
  "subjects": {
    "SPLIT_0_OF_1": 0.5504347826086956
  },
  "length_statistics": {
    "subjects": {
      "SPLIT_0_OF_1": {
        "avg_input_length": 141.31739130434784,
        "avg_gen_length": 10.73304347826087,
        "avg_length_ratio": 0.07667314344946138,
        "accuracy": 0.5504347826086956,
        "total_samples": 1150
      }
    }
  }
}