{
  "budget_summaries": [
    {
      "best_compression_baseline_accuracy": 0.451171875,
      "best_no_source_accuracy": 0.25,
      "budget_bytes": 4,
      "learned_vs_compression_pass": false,
      "matched_accuracy": 0.28125,
      "matched_minus_best_compression": -0.169921875,
      "matched_minus_best_no_source": 0.03125,
      "metrics": {
        "matched_learned_syndrome": {
          "accuracy": 0.28125,
          "correct": 144,
          "mean_payload_bytes": 4.0,
          "mean_payload_tokens": 1.0,
          "n": 512,
          "p50_latency_ms": 87.24672899552388,
          "p95_latency_ms": 199.68424999387935
        },
        "random_same_byte": {
          "accuracy": 0.240234375,
          "correct": 123,
          "mean_payload_bytes": 4.0,
          "mean_payload_tokens": 1.0,
          "n": 512,
          "p50_latency_ms": 0.45227049849927425,
          "p95_latency_ms": 34.16008299973328
        },
        "raw_source_sign_sketch": {
          "accuracy": 0.341796875,
          "correct": 175,
          "mean_payload_bytes": 4.0,
          "mean_payload_tokens": 1.0,
          "n": 512,
          "p50_latency_ms": 47.13243750302354,
          "p95_latency_ms": 120.50412499229424
        },
        "relative_answer_masked_source": {
          "accuracy": 0.2578125,
          "correct": 132,
          "mean_payload_bytes": 4.0,
          "mean_payload_tokens": 1.0,
          "n": 512,
          "p50_latency_ms": 48.41966649837559,
          "p95_latency_ms": 116.10720799944829
        },
        "relative_constrained_shuffled_source": {
          "accuracy": 0.173828125,
          "correct": 89,
          "mean_payload_bytes": 4.0,
          "mean_payload_tokens": 1.0,
          "n": 512,
          "p50_latency_ms": 43.736499501392245,
          "p95_latency_ms": 133.2720420032274
        },
        "relative_label_shuffled_ridge": {
          "accuracy": 0.236328125,
          "correct": 121,
          "mean_payload_bytes": 4.0,
          "mean_payload_tokens": 1.0,
          "n": 512,
          "p50_latency_ms": 48.70008299621986,
          "p95_latency_ms": 124.60712499159854
        },
        "relative_order_mismatch_source": {
          "accuracy": 0.185546875,
          "correct": 95,
          "mean_payload_bytes": 4.0,
          "mean_payload_tokens": 1.0,
          "n": 512,
          "p50_latency_ms": 43.87131200201111,
          "p95_latency_ms": 118.20899999293033
        },
        "relative_permuted_score_bytes": {
          "accuracy": 0.15234375,
          "correct": 78,
          "mean_payload_bytes": 4.0,
          "mean_payload_tokens": 1.0,
          "n": 512,
          "p50_latency_ms": 46.662291504617315,
          "p95_latency_ms": 116.76050000824034
        },
        "relative_random_same_byte": {
          "accuracy": 0.244140625,
          "correct": 125,
          "mean_payload_bytes": 4.0,
          "mean_payload_tokens": 1.0,
          "n": 512,
          "p50_latency_ms": 0.043833497329615057,
          "p95_latency_ms": 0.2613749966258183
        },
        "relative_score_source": {
          "accuracy": 0.4765625,
          "correct": 244,
          "mean_payload_bytes": 4.0,
          "mean_payload_tokens": 1.0,
          "n": 512,
          "p50_latency_ms": 47.23027099680621,
          "p95_latency_ms": 119.3637079995824
        },
        "scalar_answer_masked_source": {
          "accuracy": 0.2578125,
          "correct": 132,
          "mean_payload_bytes": 4.0,
          "mean_payload_tokens": 1.0,
          "n": 512,
          "p50_latency_ms": 47.10779149172595,
          "p95_latency_ms": 125.99683400185313
        },
        "scalar_constrained_shuffled_source": {
          "accuracy": 0.189453125,
          "correct": 97,
          "mean_payload_bytes": 4.0,
          "mean_payload_tokens": 1.0,
          "n": 512,
          "p50_latency_ms": 47.083166500669904,
          "p95_latency_ms": 123.09054099023342
        },
        "scalar_label_shuffled_ridge": {
          "accuracy": 0.19921875,
          "correct": 102,
          "mean_payload_bytes": 4.0,
          "mean_payload_tokens": 1.0,
          "n": 512,
          "p50_latency_ms": 45.863228995585814,
          "p95_latency_ms": 123.86925000464544
        },
        "scalar_quantized_source": {
          "accuracy": 0.451171875,
          "correct": 231,
          "mean_payload_bytes": 4.0,
          "mean_payload_tokens": 1.0,
          "n": 512,
          "p50_latency_ms": 46.86129150650231,
          "p95_latency_ms": 124.30987499828916
        },
        "scalar_shuffled_source": {
          "accuracy": 0.267578125,
          "correct": 137,
          "mean_payload_bytes": 4.0,
          "mean_payload_tokens": 1.0,
          "n": 512,
          "p50_latency_ms": 47.60670849645976,
          "p95_latency_ms": 127.84091700450517
        },
        "target_only": {
          "accuracy": 0.25,
          "correct": 128,
          "mean_payload_bytes": 0.0,
          "mean_payload_tokens": 0.0,
          "n": 512,
          "p50_latency_ms": 0.002749991836026311,
          "p95_latency_ms": 0.007541995728388429
        },
        "zero_source": {
          "accuracy": 0.25,
          "correct": 128,
          "mean_payload_bytes": 0.0,
          "mean_payload_tokens": 0.0,
          "n": 512,
          "p50_latency_ms": 0.0030204973882064223,
          "p95_latency_ms": 0.006667003617621958
        }
      },
      "pass_gate": false,
      "qjl_controls_ok": false,
      "qjl_minus_best_no_source": null,
      "qjl_minus_scalar": null,
      "qjl_residual_source_accuracy": null,
      "qjl_source_packet_pass": false,
      "relative_controls_ok": true,
      "relative_minus_best_no_source": 0.2265625,
      "relative_minus_scalar": 0.025390625,
      "relative_score_source_accuracy": 0.4765625,
      "relative_source_packet_pass": true,
      "scalar_controls_ok": true,
      "scalar_minus_best_no_source": 0.201171875,
      "scalar_quantized_source_accuracy": 0.451171875,
      "scalar_source_packet_pass": true,
      "target_only_accuracy": 0.25
    }
  ],
  "budgets": [
    4
  ],
  "candidate_pool_recall": 1.0,
  "candidate_view": "slot",
  "candidates": 4,
  "code_projection_sha256": "ecdf2cca90546220df37f713cbae254c39da756040dc798437c99b38fb8abe52",
  "created_utc": "2026-04-29T06:56:15.920881+00:00",
  "encoder_sha256": "81c4dee1e1f14584699fdd7a249f0901976758abd97ad40582fe08c6bf422515",
  "eval_examples": 512,
  "eval_family_set": "all",
  "eval_seed": 30,
  "exact_id_parity": true,
  "feature_dim": 512,
  "fit_intercept": false,
  "gate": "source_private_tool_trace_compression_baselines",
  "label_shuffle_encoder_sha256": "70a2181957f9da4f0d87205ae9a94bd37b6349197427bd2c9d7c1abeb15631ca",
  "label_shuffle_seed": 145117,
  "packet_variants": [
    "relative_scores"
  ],
  "pass_gate": true,
  "pass_rule": "learned syndrome pass: beats target/no-source by >=0.15 and beats best matched-byte compression baseline by >=0.02. Scalar packet pass: scalar quantized source packet beats no-source by >=0.15 and scalar source-destroying controls stay within target_only +0.05. Optional packet variants are reported as comparator/candidate rows and do not change the historical pass gate.",
  "prediction_files": {
    "4": "predictions_budget4.jsonl"
  },
  "qjl_residual_projection_sha256": "288d46b5161627973ba4baa257597127e16fe23b013eeb667eaa9122ac6c53ee",
  "relative_score_calibration": {
    "hi": 0.9974198931455611,
    "lo": 0.35838822901248935
  },
  "remap_slot_seed": 109,
  "ridge": 0.01,
  "scalar_projection_sha256": "2f98e1c1c2b6c4e6f21f9f541cecd7dad8d767eec1133352667d2c9343f6c14d",
  "train_examples": 768,
  "train_family_set": "all",
  "train_seed": 29
}