block,rows,selected_accuracy,packet_only_accuracy,delta_vs_packet_only
0,205,0.47804878048780486,0.47804878048780486,0.0
1,205,0.5073170731707317,0.5073170731707317,0.0
2,205,0.5024390243902439,0.5024390243902439,0.0
3,205,0.4926829268292683,0.4975609756097561,-0.004878048780487809
4,204,0.5245098039215687,0.5245098039215687,0.0
