group,model,EM,F1,NLL/token,wall_clock_sec,compression,payload_bytes,samples,M,token_budget_mode,token_budget_k,dataset
text,llama,0.615,0.8094276466075133,12.403911339973977,31.761128425598145,7.65828125,1164800,200,32,content_only,32,squad
text,qwen,0.68,0.8516192862752388,24.624676366308734,31.761128425598145,7.2403125,1164800,200,32,content_only,32,squad
latent,llama,0.0,0.0,10.14329021912313,37.910897970199585,7.65828125,1164800,200,32,content_only,32,squad
latent,qwen,0.0,0.002873376516675134,10.114726150477374,37.910897970199585,7.2403125,1164800,200,32,content_only,32,squad
token_budget,llama,0.005,0.04021474843730812,,27.096097230911255,7.65828125,1164800,200,32,content_only,32,squad
token_budget,qwen,0.04,0.08823398758088613,,27.096097230911255,7.2403125,1164800,200,32,content_only,32,squad
joint,both,0.0,0.00041666664322916806,,,,1164800,200,32,content_only,32,squad
