{
  "samples": 200,
  "max_new_tokens": 12,
  "latent_len": 16,
  "device": "cuda",
  "dtype": "torch.bfloat16",
  "avg_prompt_tokens": {
    "llama": 245.065,
    "qwen": 230.69
  },
  "compression": {
    "llama": 15.3165625,
    "qwen": 14.418125
  },
  "payload_bytes": 16384,
  "wire": {
    "text_bytes_onecopy": {
      "llama_avg": 1259,
      "qwen_avg": 1106,
      "max_avg": 1259
    },
    "text_bytes_twocopies": {
      "sum_avg": 2365
    },
    "latent_bytes": {
      "fp32": 16384,
      "fp16": 8192
    },
    "wire_compression": {
      "vs_onecopy_fp16": 0.1536865234375,
      "vs_onecopy_fp32": 0.07684326171875
    }
  },
  "text": {
    "wall_clock_sec": 15.897888898849487,
    "llama": {
      "em": 0.58,
      "f1": 0.7994106570072514,
      "nll_token": 12.72173482274305
    },
    "qwen": {
      "em": 0.69,
      "f1": 0.85772697967667,
      "nll_token": 26.15362625052689
    }
  },
  "latent": {
    "wall_clock_sec": 13.122031688690186,
    "llama": {
      "em": 0.0,
      "f1": 0.03145349503437739,
      "nll_token": 8.807072930595501
    },
    "qwen": {
      "em": 0.0,
      "f1": 0.0,
      "nll_token": 8.627006180702693
    }
  },
  "token_budget": {
    "mode": "content_only",
    "k": 16,
    "llama": {
      "em": 0.0,
      "f1": 0.038205738705738714
    },
    "wall_clock_sec": 11.6460440158844,
    "qwen": {
      "em": 0.01,
      "f1": 0.04269888444888446
    }
  },
  "joint": {
    "em": 0.0,
    "f1": 0.0,
    "agreement": 0.01,
    "oracle": {
      "em": null,
      "f1": null
    }
  },
  "debug": {
    "llama": {
      "adapter_scale": 1.0314667224884033,
      "Z_std": 1.0001648664474487,
      "Z_mean_norm": 16.002626419067383,
      "prefix_std": 0.01057085394859314,
      "prefix_mean_norm": 0.6755208969116211,
      "embed_rms": 0.010564851574599743,
      "encoder_text_mode": "llama_chat",
      "calibration_mode": "embed_rms",
      "append_bos_after_prefix": "auto"
    },
    "qwen": {
      "adapter_scale": 1.0027012825012207,
      "Z_std": 0.9999676942825317,
      "Z_mean_norm": 15.999469757080078,
      "prefix_std": 0.013639749959111214,
      "prefix_mean_norm": 0.8158245086669922,
      "embed_rms": 0.01363132894039154,
      "encoder_text_mode": "raw",
      "calibration_mode": "embed_rms",
      "append_bos_after_prefix": "auto"
    },
    "latent_anchor_text": "Answer: ",
    "prefix_gain": 1.0,
    "calibration_mode": "embed_rms",
    "append_bos_after_prefix": "auto",
    "decode": {
      "min_new_tokens": 2,
      "eos_ban_steps": 6,
      "first_token_top_p": 0.9,
      "first_token_temperature": 0.7
    }
  },
  "oracle": {
    "em": 0.0,
    "f1": 0.03145349503437739
  },
  "dataset": "squad"
}