group,model,EM,F1,NLL/token,wall_clock_sec,compression,payload_bytes,samples,M,token_budget_mode,token_budget_k,dataset
text,llama,0.58,0.7994106570072514,12.72173482274305,15.897888898849487,15.3165625,16384,200,16,content_only,16,squad
text,qwen,0.69,0.85772697967667,26.15362625052689,15.897888898849487,14.418125,16384,200,16,content_only,16,squad
latent,llama,0.0,0.03145349503437739,8.807072930595501,13.122031688690186,15.3165625,16384,200,16,content_only,16,squad
latent,qwen,0.0,0.0,8.627006180702693,13.122031688690186,14.418125,16384,200,16,content_only,16,squad
token_budget,llama,0.0,0.038205738705738714,,11.6460440158844,15.3165625,16384,200,16,content_only,16,squad
token_budget,qwen,0.01,0.04269888444888446,,11.6460440158844,14.418125,16384,200,16,content_only,16,squad
joint,both,0.0,0.0,,,,16384,200,16,content_only,16,squad
