group,model,EM,F1,NLL/token,wall_clock_sec,compression,payload_bytes,samples,M,token_budget_mode,token_budget_k,dataset
text,llama,0.58,0.7994106570072514,12.72173482274305,15.968859434127808,15.3165625,16384,200,16,content_only,16,squad
text,qwen,0.68,0.8528460272957177,25.81069942126198,15.968859434127808,14.480625,16384,200,16,content_only,16,squad
latent,llama,0.0,0.026356314437196788,8.87147299448649,13.914730548858643,15.3165625,16384,200,16,content_only,16,squad
latent,qwen,0.0,0.01703456510809452,8.634079721869615,13.914730548858643,14.480625,16384,200,16,content_only,16,squad
token_budget,llama,0.0,0.038205738705738714,,11.81860876083374,15.3165625,16384,200,16,content_only,16,squad
token_budget,qwen,0.01,0.04269888444888446,,11.81860876083374,14.480625,16384,200,16,content_only,16,squad
joint,both,0.0,0.02162955345308287,,,,16384,200,16,content_only,16,squad
