group,model,EM,F1,NLL/token,wall_clock_sec,compression,payload_bytes,samples,M,token_budget_mode,token_budget_k,dataset
text,llama,0.58,0.7994106570072514,12.72173482274305,17.213155031204224,15.3165625,16384,200,16,content_only,16,squad
text,qwen,0.69,0.85772697967667,26.15362625052689,17.213155031204224,14.418125,16384,200,16,content_only,16,squad
latent,llama,0.0,0.0,10.548729775984542,13.609163999557495,15.3165625,16384,200,16,content_only,16,squad
latent,qwen,0.0,0.014297882672882671,7.152387885031877,13.609163999557495,14.418125,16384,200,16,content_only,16,squad
token_budget,llama,0.0,0.038205738705738714,,12.494384050369263,15.3165625,16384,200,16,content_only,16,squad
token_budget,qwen,0.01,0.04269888444888446,,12.494384050369263,14.418125,16384,200,16,content_only,16,squad
joint,both,0.0,0.004125,,,,16384,200,16,content_only,16,squad
