{
  "samples": 200,
  "max_new_tokens": 12,
  "latent_len": 16,
  "device": "cuda",
  "dtype": "torch.bfloat16",
  "avg_prompt_tokens": {
    "llama": 245.065,
    "qwen": 230.69
  },
  "compression": {
    "llama": 15.3165625,
    "qwen": 14.418125
  },
  "payload_bytes": 16384,
  "wire": {
    "text_bytes_onecopy": {
      "llama_avg": 1259,
      "qwen_avg": 1106,
      "max_avg": 1259
    },
    "text_bytes_twocopies": {
      "sum_avg": 2365
    },
    "latent_bytes": {
      "fp32": 16384,
      "fp16": 8192
    },
    "wire_compression": {
      "vs_onecopy_fp16": 0.1536865234375,
      "vs_onecopy_fp32": 0.07684326171875
    }
  },
  "text": {
    "llama": {
      "em": 0.58,
      "f1": 0.7994106570072514,
      "nll_token": 12.72173482274305
    },
    "qwen": {
      "em": 0.69,
      "f1": 0.85772697967667,
      "nll_token": 26.15362625052689
    },
    "wall_clock_sec": 17.213155031204224
  },
  "latent": {
    "llama": {
      "em": 0.0,
      "f1": 0.0,
      "nll_token": 10.548729775984542
    },
    "qwen": {
      "em": 0.0,
      "f1": 0.014297882672882671,
      "nll_token": 7.152387885031877
    },
    "wall_clock_sec": 13.609163999557495
  },
  "token_budget": {
    "mode": "content_only",
    "k": 16,
    "llama": {
      "em": 0.0,
      "f1": 0.038205738705738714
    },
    "qwen": {
      "em": 0.01,
      "f1": 0.04269888444888446
    },
    "wall_clock_sec": 12.494384050369263
  },
  "joint": {
    "em": 0.0,
    "f1": 0.004125,
    "agreement": 0.0,
    "oracle": {
      "em": null,
      "f1": null
    }
  },
  "debug": {
    "llama": {
      "adapter_scale": 1.0251884460449219,
      "Z_std": 0.9986631870269775,
      "Z_mean_norm": 15.978583335876465,
      "prefix_std": 0.010561160743236542,
      "prefix_mean_norm": 0.6729660630226135,
      "embed_rms": 0.010567531920969486,
      "encoder_text_mode": "standard",
      "calibration_mode": "embed_rms",
      "append_bos_after_prefix": "auto",
      "latent_anchor_mode": "text",
      "latent_anchor_text": "<|start_header_id|>assistant<|end_header_id|>",
      "model_id": "meta-llama/Meta-Llama-3.1-8B-Instruct"
    },
    "qwen": {
      "adapter_scale": 1.0042412281036377,
      "Z_std": 0.9986631870269775,
      "Z_mean_norm": 15.978583335876465,
      "prefix_std": 0.01364227943122387,
      "prefix_mean_norm": 0.8154441714286804,
      "embed_rms": 0.013642646372318268,
      "encoder_text_mode": "standard",
      "calibration_mode": "embed_rms",
      "append_bos_after_prefix": "auto",
      "latent_anchor_mode": "text",
      "latent_anchor_text": "<|start_header_id|>assistant<|end_header_id|>",
      "model_id": "Qwen/Qwen2.5-7B-Instruct"
    },
    "latent_anchor_mode": "auto",
    "latent_anchor_text": "<|start_header_id|>assistant<|end_header_id|>",
    "prefix_gain": 1.0,
    "calibration_mode": "embed_rms",
    "append_bos_after_prefix": "auto",
    "decode": {
      "min_new_tokens": 2,
      "eos_ban_steps": 6,
      "first_token_top_p": 1.0,
      "first_token_temperature": 0.0
    }
  },
  "oracle": {
    "em": 0.0,
    "f1": 0.014297882672882671
  },
  "dataset": "squad"
}