{
  "llama": {
    "rms_mean_raw": 0.7288807713698087,
    "rms_mean_cal": 0.01057129652410136,
    "embed_rms": 0.010566863231360912,
    "count": 1369
  },
  "qwen": {
    "rms_mean_raw": 0.7449258858483582,
    "rms_mean_cal": 0.01364122135898029,
    "embed_rms": 0.013653487898409367,
    "count": 1369
  }
}