{
  "llama": {
    "rms_mean_raw": 0.7658740060010734,
    "rms_mean_cal": 0.010571157472674824,
    "embed_rms": 0.010572271421551704,
    "count": 1369
  },
  "qwen": {
    "rms_mean_raw": 0.8162272768442086,
    "rms_mean_cal": 0.01364139609999405,
    "embed_rms": 0.013617086224257946,
    "count": 1369
  }
}