{
  "budget_summaries": [
    {
      "best_compression_baseline_accuracy": 0.365234375,
      "best_no_source_accuracy": 0.25,
      "budget_bytes": 4,
      "learned_vs_compression_pass": false,
      "matched_accuracy": 0.24609375,
      "matched_minus_best_compression": -0.119140625,
      "matched_minus_best_no_source": -0.00390625,
      "metrics": {
        "matched_learned_syndrome": {
          "accuracy": 0.24609375,
          "correct": 126,
          "mean_payload_bytes": 4.0,
          "mean_payload_tokens": 1.0,
          "n": 512,
          "p50_latency_ms": 8.640916494186968,
          "p95_latency_ms": 28.393959000823088
        },
        "random_same_byte": {
          "accuracy": 0.23828125,
          "correct": 122,
          "mean_payload_bytes": 4.0,
          "mean_payload_tokens": 1.0,
          "n": 512,
          "p50_latency_ms": 0.43152050056960434,
          "p95_latency_ms": 2.688916996703483
        },
        "raw_source_sign_sketch": {
          "accuracy": 0.365234375,
          "correct": 187,
          "mean_payload_bytes": 4.0,
          "mean_payload_tokens": 1.0,
          "n": 512,
          "p50_latency_ms": 4.353437994723208,
          "p95_latency_ms": 16.561917000217363
        },
        "relative_canonical_answer_masked_source": {
          "accuracy": 0.25,
          "correct": 128,
          "mean_payload_bytes": 4.0,
          "mean_payload_tokens": 1.0,
          "n": 512,
          "p50_latency_ms": 4.4058334970031865,
          "p95_latency_ms": 21.254416002193466
        },
        "relative_canonical_constrained_shuffled_source": {
          "accuracy": 0.20703125,
          "correct": 106,
          "mean_payload_bytes": 4.0,
          "mean_payload_tokens": 1.0,
          "n": 512,
          "p50_latency_ms": 4.256708001776133,
          "p95_latency_ms": 20.002791003207676
        },
        "relative_canonical_label_shuffled_ridge": {
          "accuracy": 0.34765625,
          "correct": 178,
          "mean_payload_bytes": 4.0,
          "mean_payload_tokens": 1.0,
          "n": 512,
          "p50_latency_ms": 4.0921460022218525,
          "p95_latency_ms": 17.833707999670878
        },
        "relative_canonical_order_mismatch_source": {
          "accuracy": 0.494140625,
          "correct": 253,
          "mean_payload_bytes": 4.0,
          "mean_payload_tokens": 1.0,
          "n": 512,
          "p50_latency_ms": 4.033666496980004,
          "p95_latency_ms": 16.79149999108631
        },
        "relative_canonical_permuted_score_bytes": {
          "accuracy": 0.298828125,
          "correct": 153,
          "mean_payload_bytes": 4.0,
          "mean_payload_tokens": 1.0,
          "n": 512,
          "p50_latency_ms": 4.016770501038991,
          "p95_latency_ms": 17.782375012757257
        },
        "relative_canonical_random_same_byte": {
          "accuracy": 0.24609375,
          "correct": 126,
          "mean_payload_bytes": 4.0,
          "mean_payload_tokens": 1.0,
          "n": 512,
          "p50_latency_ms": 0.041916508052963763,
          "p95_latency_ms": 0.13704199227504432
        },
        "relative_canonical_score_source": {
          "accuracy": 0.20703125,
          "correct": 106,
          "mean_payload_bytes": 4.0,
          "mean_payload_tokens": 1.0,
          "n": 512,
          "p50_latency_ms": 4.47493749379646,
          "p95_latency_ms": 15.00704200589098
        },
        "scalar_answer_masked_source": {
          "accuracy": 0.25,
          "correct": 128,
          "mean_payload_bytes": 4.0,
          "mean_payload_tokens": 1.0,
          "n": 512,
          "p50_latency_ms": 4.569020995404571,
          "p95_latency_ms": 17.318540994892828
        },
        "scalar_constrained_shuffled_source": {
          "accuracy": 0.375,
          "correct": 192,
          "mean_payload_bytes": 4.0,
          "mean_payload_tokens": 1.0,
          "n": 512,
          "p50_latency_ms": 4.229375001159497,
          "p95_latency_ms": 17.45529199251905
        },
        "scalar_label_shuffled_ridge": {
          "accuracy": 0.259765625,
          "correct": 133,
          "mean_payload_bytes": 4.0,
          "mean_payload_tokens": 1.0,
          "n": 512,
          "p50_latency_ms": 4.47568749950733,
          "p95_latency_ms": 19.40699999977369
        },
        "scalar_quantized_source": {
          "accuracy": 0.224609375,
          "correct": 115,
          "mean_payload_bytes": 4.0,
          "mean_payload_tokens": 1.0,
          "n": 512,
          "p50_latency_ms": 4.423625003255438,
          "p95_latency_ms": 19.227249998948537
        },
        "scalar_shuffled_source": {
          "accuracy": 0.150390625,
          "correct": 77,
          "mean_payload_bytes": 4.0,
          "mean_payload_tokens": 1.0,
          "n": 512,
          "p50_latency_ms": 4.381374994409271,
          "p95_latency_ms": 18.563416990218684
        },
        "target_only": {
          "accuracy": 0.25,
          "correct": 128,
          "mean_payload_bytes": 0.0,
          "mean_payload_tokens": 0.0,
          "n": 512,
          "p50_latency_ms": 0.0023750035325065255,
          "p95_latency_ms": 0.00633401214145124
        },
        "zero_source": {
          "accuracy": 0.25,
          "correct": 128,
          "mean_payload_bytes": 0.0,
          "mean_payload_tokens": 0.0,
          "n": 512,
          "p50_latency_ms": 0.002291999408043921,
          "p95_latency_ms": 0.005915993824601173
        }
      },
      "pass_gate": false,
      "qjl_controls_ok": false,
      "qjl_minus_best_no_source": null,
      "qjl_minus_scalar": null,
      "qjl_residual_source_accuracy": null,
      "qjl_source_packet_pass": false,
      "relative_canonical_controls_ok": false,
      "relative_canonical_minus_best_no_source": -0.04296875,
      "relative_canonical_minus_scalar": -0.017578125,
      "relative_canonical_score_source_accuracy": 0.20703125,
      "relative_canonical_source_packet_pass": false,
      "relative_controls_ok": false,
      "relative_minus_best_no_source": null,
      "relative_minus_scalar": null,
      "relative_score_source_accuracy": null,
      "relative_source_packet_pass": false,
      "scalar_controls_ok": false,
      "scalar_minus_best_no_source": -0.025390625,
      "scalar_quantized_source_accuracy": 0.224609375,
      "scalar_source_packet_pass": false,
      "target_only_accuracy": 0.25
    }
  ],
  "budgets": [
    4
  ],
  "candidate_pool_recall": 1.0,
  "candidate_view": "slot",
  "candidates": 4,
  "code_projection_sha256": "ecdf2cca90546220df37f713cbae254c39da756040dc798437c99b38fb8abe52",
  "created_utc": "2026-04-29T07:25:48.171610+00:00",
  "encoder_sha256": "b893c04ce36b1928a35dc01028124dc0877fa371919c8e1bdef415413ccd777f",
  "eval_examples": 512,
  "eval_family_set": "holdout",
  "eval_seed": 30,
  "exact_id_parity": true,
  "feature_dim": 512,
  "fit_intercept": false,
  "gate": "source_private_tool_trace_compression_baselines",
  "label_shuffle_encoder_sha256": "74142a6db927a52002f9a46710d8fa00d0a4a5f9031418d1ce9fe3676b392105",
  "label_shuffle_seed": 145117,
  "packet_variants": [
    "relative_scores_canonical"
  ],
  "pass_gate": false,
  "pass_rule": "learned syndrome pass: beats target/no-source by >=0.15 and beats best matched-byte compression baseline by >=0.02. Scalar packet pass: scalar quantized source packet beats no-source by >=0.15 and scalar source-destroying controls stay within target_only +0.05. Optional packet variants are reported as comparator/candidate rows and do not change the historical pass gate. Canonical relative-score packets serialize scores by stable public candidate identity and map bytes back at decode time.",
  "prediction_files": {
    "4": "predictions_budget4.jsonl"
  },
  "qjl_residual_projection_sha256": "288d46b5161627973ba4baa257597127e16fe23b013eeb667eaa9122ac6c53ee",
  "relative_score_calibration": {
    "hi": 1.0123406946659088,
    "lo": 0.48413985401391985
  },