{
  "artifact_sha256": {
    "endpoint_proxy_rows.jsonl": "a7a464cf8d41e1f7eb1937ac6b07cc15598320d87d933545ca7453a415741c70",
    "summary.json": "a6f542f39bdc0bfcad9356afbbd8c928e51b752b19d1b66692777dba2351242d",
    "summary.md": "d7c88c81160e3efb29efdbfdf15639bdb851bd2d54949c45a346352cc46deb25"
  },
  "artifacts": [
    "endpoint_proxy_rows.jsonl",
    "summary.json",
    "summary.md",
    "manifest.json",
    "manifest.md"
  ],
  "benchmark_sha256": "f1f918b549e795ef250498aa562f2e175dbdeca8f02039c61481d0ee4eea1d2d",
  "device": "cpu",
  "dtype": "float32",
  "limit": 32,
  "max_new_tokens": 24,
  "model_name": "Qwen/Qwen3-0.6B",
  "prompt_style": "label_strict",
  "run_utc": "2026-04-29T13:23:31.806078+00:00",
  "script_sha256": "0372ba1fc0de7228df1f476f778b44e5900fe6f0d1bb03a85ef76a9efa72294b",
  "summary": {
    "best_source_destroying_control_accuracy": 0.25,
    "conditions": [
      "target_only",
      "matched_packet",
      "matched_byte_text_2",
      "random_same_byte_packet",
      "deranged_candidate_diag_table",
      "query_aware_diag_span",
      "structured_json_diag",
      "structured_free_text_diag",
      "full_hidden_log"
    ],
    "exact_id_parity": true,
    "exact_id_sha256": "29b8310938a9e3555d4706324390110f83caf8ff29eb3b4c7d1c5f55d93a88b3",
    "full_log_e2e_delta_vs_packet_ms": 232.30216649972135,
    "full_log_prompt_token_delta_vs_packet": 87.46875,
    "full_log_ttft_delta_vs_packet_ms": 164.84122950350866,
    "metrics": {
      "deranged_candidate_diag_table": {
        "accuracy": 0.21875,
        "correct": 7,
        "mean_generated_tokens": 12.375,
        "mean_payload_bytes": 2.0,
        "mean_payload_tokens_proxy": 1.0,
        "mean_prompt_bytes": 920.0,
        "mean_prompt_tokens": 218.34375,
        "p50_e2e_ms": 2140.9984584970516,
        "p50_ttft_ms": 466.43937499902677,
        "p95_e2e_ms": 2301.2887090153527,
        "p95_ttft_ms": 627.8853330004495,
        "strict_accuracy": 0.21875,
        "strict_correct": 7,
        "strict_valid_prediction_rate": 0.9375,
        "valid_prediction_rate": 1.0
      },
      "full_hidden_log": {
        "accuracy": 0.40625,
        "correct": 13,
        "mean_generated_tokens": 13.0,
        "mean_payload_bytes": 366.5,
        "mean_payload_tokens_proxy": 33.875,
        "mean_prompt_bytes": 1284.5,
        "mean_prompt_tokens": 305.8125,
        "p50_e2e_ms": 2334.110645999317,
        "p50_ttft_ms": 660.7434380057384,
        "p95_e2e_ms": 2523.701708007138,
        "p95_ttft_ms": 854.7097499977099,
        "strict_accuracy": 0.40625,
        "strict_correct": 13,
        "strict_valid_prediction_rate": 1.0,
        "valid_prediction_rate": 1.0
      },
      "matched_byte_text_2": {
        "accuracy": 0.25,
        "correct": 8,
        "mean_generated_tokens": 13.0,
        "mean_payload_bytes": 2.0,
        "mean_payload_tokens_proxy": 1.0,
        "mean_prompt_bytes": 920.0,
        "mean_prompt_tokens": 217.34375,
        "p50_e2e_ms": 2090.8413545112126,
        "p50_ttft_ms": 497.2734164985013,
        "p95_e2e_ms": 2263.505582988728,
        "p95_ttft_ms": 664.7218340076506,
        "strict_accuracy": 0.25,
        "strict_correct": 8,
        "strict_valid_prediction_rate": 1.0,
        "valid_prediction_rate": 1.0
      },
      "matched_packet": {
        "accuracy": 0.6875,
        "correct": 22,
        "mean_generated_tokens": 12.6875,
        "mean_payload_bytes": 2.0,
        "mean_payload_tokens_proxy": 1.0,
        "mean_prompt_bytes": 920.0,
        "mean_prompt_tokens": 218.34375,
        "p50_e2e_ms": 2101.8084794995957,
        "p50_ttft_ms": 495.90220850222977,
        "p95_e2e_ms": 2275.424000006751,
        "p95_ttft_ms": 677.0979580032872,
        "strict_accuracy": 0.65625,
        "strict_correct": 21,
        "strict_valid_prediction_rate": 0.96875,
        "valid_prediction_rate": 1.0
      },
      "query_aware_diag_span": {
        "accuracy": 0.6875,
        "correct": 22,
        "mean_generated_tokens": 13.0,
        "mean_payload_bytes": 14.0,
        "mean_payload_tokens_proxy": 1.0,
        "mean_prompt_bytes": 932.0,
        "mean_prompt_tokens": 221.6875,
        "p50_e2e_ms": 2078.2250835036393,
        "p50_ttft_ms": 492.0171045087045,
        "p95_e2e_ms": 2271.6514579951763,
        "p95_ttft_ms": 671.4217499829829,
        "strict_accuracy": 0.6875,
        "strict_correct": 22,
        "strict_valid_prediction_rate": 1.0,
        "valid_prediction_rate": 1.0
      },
      "random_same_byte_packet": {
        "accuracy": 0.0,
        "correct": 0,
        "mean_generated_tokens": 13.0,
        "mean_payload_bytes": 2.0,
        "mean_payload_tokens_proxy": 1.0,
        "mean_prompt_bytes": 920.0,
        "mean_prompt_tokens": 218.34375,
        "p50_e2e_ms": 2079.6668539987877,
        "p50_ttft_ms": 514.5990829914808,
        "p95_e2e_ms": 2240.1546250039246,
        "p95_ttft_ms": 679.8942500026897,
        "strict_accuracy": 0.0,
        "strict_correct": 0,
        "strict_valid_prediction_rate": 1.0,
        "valid_prediction_rate": 1.0
      },
      "structured_free_text_diag": {
        "accuracy": 0.6875,
        "correct": 22,
        "mean_generated_tokens": 13.0,
        "mean_payload_bytes": 17.0,
        "mean_payload_tokens_proxy": 4.0,
        "mean_prompt_bytes": 935.0,
        "mean_prompt_tokens": 221.34375,
        "p50_e2e_ms": 2114.297853993776,
        "p50_ttft_ms": 468.6259164955118,
        "p95_e2e_ms": 2299.4828329974553,
        "p95_ttft_ms": 695.5911249970086,
        "strict_accuracy": 0.6875,
        "strict_correct": 22,
        "strict_valid_prediction_rate": 1.0,
        "valid_prediction_rate": 1.0
      },
      "structured_json_diag": {
        "accuracy": 0.53125,
        "correct": 17,
        "mean_generated_tokens": 13.0,
        "mean_payload_bytes": 21.0,
        "mean_payload_tokens_proxy": 2.0,
        "mean_prompt_bytes": 939.0,
        "mean_prompt_tokens": 223.34375,
        "p50_e2e_ms": 2077.9622709960677,
        "p50_ttft_ms": 525.7147290103603,
        "p95_e2e_ms": 2288.4130829916103,
        "p95_ttft_ms": 680.5812919919845,
        "strict_accuracy": 0.53125,
        "strict_correct": 17,
        "strict_valid_prediction_rate": 1.0,
        "valid_prediction_rate": 1.0
      },
      "target_only": {
        "accuracy": 0.25,
        "correct": 8,
        "mean_generated_tokens": 13.0,
        "mean_payload_bytes": 0.0,
        "mean_payload_tokens_proxy": 0.0,
        "mean_prompt_bytes": 925.0,
        "mean_prompt_tokens": 218.34375,
        "p50_e2e_ms": 2083.7157084970386,
        "p50_ttft_ms": 519.9329584938823,
        "p95_e2e_ms": 2268.5254999960307,
        "p95_ttft_ms": 696.20333299099,
        "strict_accuracy": 0.25,
        "strict_correct": 8,
        "strict_valid_prediction_rate": 1.0,
        "valid_prediction_rate": 1.0
      }
    },
    "n": 32,
    "packet_minus_best_source_destroying_control_accuracy": 0.4375,
    "packet_minus_matched_byte_text_accuracy": 0.4375,
    "packet_minus_target_accuracy": 0.4375,
    "packet_prompt_token_delta_vs_target": 0.0,
    "packet_strict_accuracy": 0.65625,
    "packet_strict_minus_target_accuracy": 0.40625,
    "packet_vs_full_log_payload_compression": 183.25,
    "packet_vs_query_payload_compression": 7.0,
    "pass_gate": true,
    "pass_rule": "Packet must beat target by >=0.15, all included source-destroying controls must stay within target+0.05, matched packet valid rate must be >=0.95, exact ID parity must hold, and query-aware/full-log payloads must be larger than the packet. Latency is reported, not gated.",
    "prompt_style": "label_strict"
  }
}