{
  "samples": 200,
  "max_new_tokens": 24,
  "latent_len": 8,
  "avg_prompt_tokens": {
    "llama": 76.095,
    "qwen": 59.875
  },
  "compression": {
    "llama": 9.511875,
    "qwen": 7.484375
  },
  "payload_bytes": 8192,
  "text": {
    "llama": {
      "em": 0.0,
      "f1": 0.008771054326936681,
      "nll_token": 14.314151741986606
    },
    "qwen": {
      "em": 0.0,
      "f1": 0.002543738896102188,
      "nll_token": 11.753927846023123
    },
    "wall_clock_sec": 141.5504801273346
  },
  "latent": {
    "llama": {
      "em": 0.0,
      "f1": 0.0,
      "nll_token": 9.600510046443837
    },
    "qwen": {
      "em": 0.0,
      "f1": 0.0,
      "nll_token": 10.044482185654875
    },
    "wall_clock_sec": 17.363337993621826
  },
  "token_budget": {
    "llama": {
      "em": 0.0,
      "f1": 0.01076005894362357
    },
    "qwen": {
      "em": 0.0,
      "f1": 0.004907781076781872
    },
    "wall_clock_sec": 11.35565710067749
  },
  "joint": {
    "em": 0.0,
    "f1": 0.0,
    "agreement": 0.84,
    "oracle": {
      "em": 0.0,
      "f1": 0.0
    }
  }
}