group,model,EM,F1,NLL/token,wall_clock_sec,compression,payload_bytes,samples,M
text,llama,0.0,0.008771054326936681,14.314151741986606,141.5504801273346,9.511875,8192,200,8
text,qwen,0.0,0.002543738896102188,11.753927846023123,141.5504801273346,7.484375,8192,200,8
latent,llama,0.0,0.0,9.600510046443837,17.363337993621826,9.511875,8192,200,8
latent,qwen,0.0,0.0,10.044482185654875,17.363337993621826,7.484375,8192,200,8
token_budget,llama,0.0,0.01076005894362357,,11.35565710067749,9.511875,8192,200,8
token_budget,qwen,0.0,0.004907781076781872,,11.35565710067749,7.484375,8192,200,8
joint,both,0.0,0.0,,,,8192,200,8
