{
  "model": "Rosetta",
  "dataset": "ai2-arc",
  "answer_method": "generate",
  "overall_accuracy": 0.5202020202020202,
  "subjects": {
    "SPLIT_0_OF_1": 0.5202020202020202
  },
  "kv_transfer_stats": {
    "count": 5544,
    "selected_min": 25,
    "selected_max": 68,
    "selected_sum": 195412,
    "total_sum": 781704,
    "selected_fraction_sum": 1386.1783613663288,
    "score_mean_sum": 97793.06023609638,
    "score_min": 1.3429028987884521,
    "score_max": 88.78279113769531,
    "prefill_count": 198,
    "prefill_time_sum_ms": 35948.14814336132,
    "selection_time_sum_ms": 2090.1935837464407,
    "projection_score_time_sum_ms": 12086.506966967136,
    "projection_transfer_time_sum_ms": 0.0,
    "fuse_time_sum_ms": 837.3578329337761,
    "rd_int8_sum": 0,
    "rd_int4_sum": 0,
    "rd_drop_sum": 0,
    "rd_budget_bytes_sum": 0.0,
    "rd_bytes_used_sum": 0.0,
    "rd_effective_bits_sum": 0.0,
    "rd_payload_bytes_sum": 0.0,
    "rd_index_bytes_sum": 0.0,
    "rd_scale_bytes_sum": 0.0,
    "selected_mean": 35.24747474747475,
    "total_mean": 141.0,
    "selected_fraction_mean": 0.25003217196362354,
    "score_mean": 17.639440879526763,
    "prefill_time_mean_ms": 181.55630375435013,
    "selection_time_mean_ms": 0.37701904468730896,
    "projection_score_time_mean_ms": 2.1801058742725714,
    "projection_transfer_time_mean_ms": 0.0,
    "fuse_time_mean_ms": 0.15103857015400002,
    "rd_int8_mean": 0.0,
    "rd_int4_mean": 0.0,
    "rd_drop_mean": 0.0,
    "rd_budget_bytes_mean": 0.0,
    "rd_bytes_used_mean": 0.0,
    "rd_effective_bits_mean": 0.0,
    "rd_payload_bytes_mean": 0.0,
    "rd_index_bytes_mean": 0.0,
    "rd_scale_bytes_mean": 0.0
  },
  "length_statistics": {
    "subjects": {
      "SPLIT_0_OF_1": {
        "avg_input_length": 142.0,
        "avg_gen_length": 8.878787878787879,
        "avg_length_ratio": 0.0628794255832975,
        "accuracy": 0.5202020202020202,
        "total_samples": 198
      }
    }
  }
}