group,model,EM,F1,NLL/token,wall_clock_sec,compression,payload_bytes,samples,M,token_budget_mode,token_budget_k,dataset
text,llama,0.615,0.8094276466075133,12.403911339973977,34.125367879867554,7.65828125,1164800,200,32,content_only,32,squad
text,qwen,0.68,0.8516192862752388,24.624676366308734,34.125367879867554,7.2403125,1164800,200,32,content_only,32,squad
latent,llama,0.0,0.0023611110701388894,10.789257227969008,42.68409729003906,7.65828125,1164800,200,32,content_only,32,squad
latent,qwen,0.0,0.012249193821759841,10.266884765927754,42.68409729003906,7.2403125,1164800,200,32,content_only,32,squad
token_budget,llama,0.005,0.04021474843730812,,29.588571310043335,7.65828125,1164800,200,32,content_only,32,squad
token_budget,qwen,0.04,0.08823398758088613,,29.588571310043335,7.2403125,1164800,200,32,content_only,32,squad
joint,both,0.0,0.010680097357568641,,,,1164800,200,32,content_only,32,squad
