{
  "llama": {
    "rms_mean_raw": 0.010652844248821118,
    "rms_mean_cal": 0.010571322318369854,
    "embed_rms": 0.01057521253824234,
    "count": 1667
  },
  "qwen": {
    "rms_mean_raw": 0.013747090545841048,
    "rms_mean_cal": 0.013641183096949004,
    "embed_rms": 0.013643525540828705,
    "count": 1667
  }
}