{
  "llama": {
    "rms_mean": 0.8388804012841552,
    "count": 685
  },
  "qwen": {
    "rms_mean": 0.6841729675766325,
    "count": 685
  }
}