{
  "llama": {
    "rms_mean": 0.7931038057717094,
    "count": 685
  },
  "qwen": {
    "rms_mean": 0.6550806089909408,
    "count": 685
  }
}