{
  "llama": {
    "rms_mean_raw": 0.010560999480741365,
    "rms_mean_cal": 0.010571532297347273,
    "embed_rms": 0.010570552200078964,
    "count": 350
  },
  "qwen": {
    "rms_mean_raw": 0.013638051607246909,
    "rms_mean_cal": 0.013640417187873807,
    "embed_rms": 0.013647305779159069,
    "count": 350
  }
}