group,model,EM,F1,NLL/token,wall_clock_sec,compression,payload_bytes,samples,M,token_budget_mode,token_budget_k,dataset
text,llama,0.615,0.8094276466075133,12.403911339973977,21.95551872253418,7.65828125,1164800,200,32,content_only,32,squad
text,qwen,0.645,0.8181537358456591,24.624676366308734,21.95551872253418,7.2403125,1164800,200,32,content_only,32,squad
latent,llama,0.0,0.012129202720871188,12.119668636732902,5.300471067428589,7.65828125,1164800,200,32,content_only,32,squad
latent,qwen,0.0,0.014597549085341372,10.842214198497237,5.300471067428589,7.2403125,1164800,200,32,content_only,32,squad
token_budget,llama,0.005,0.03978617701314485,,5.652704238891602,7.65828125,1164800,200,32,content_only,32,squad
token_budget,qwen,0.04,0.08875346809571157,,5.652704238891602,7.2403125,1164800,200,32,content_only,32,squad
joint,both,0.0,0.013915699097901881,,,,1164800,200,32,content_only,32,squad
