group,model,EM,F1,NLL/token,wall_clock_sec,compression,payload_bytes,samples,M,token_budget_mode,token_budget_k,dataset
text,llama,0.58,0.7994106570072514,12.72173482274305,17.180128574371338,15.3165625,16384,200,16,content_only,16,squad
text,qwen,0.68,0.8528460272957177,25.81069942126198,17.180128574371338,14.480625,16384,200,16,content_only,16,squad
latent,llama,0.0,0.024258449883449888,8.76029359510426,14.611945152282715,15.3165625,16384,200,16,content_only,16,squad
latent,qwen,0.0,0.02424750086514793,8.422177261461027,14.611945152282715,14.480625,16384,200,16,content_only,16,squad
token_budget,llama,0.0,0.038205738705738714,,12.735944032669067,15.3165625,16384,200,16,content_only,16,squad
token_budget,qwen,0.01,0.04269888444888446,,12.735944032669067,14.480625,16384,200,16,content_only,16,squad
joint,both,0.0,0.027446613027495383,,,,16384,200,16,content_only,16,squad
