{
  "model": "Rosetta",
  "dataset": "ai2-arc",
  "answer_method": "generate",
  "overall_accuracy": 0.5798816568047337,
  "subjects": {
    "SPLIT_0_OF_1": 0.5798816568047337
  },
  "length_statistics": {
    "subjects": {
      "SPLIT_0_OF_1": {
        "avg_input_length": 140.72189349112426,
        "avg_gen_length": 9.071005917159763,
        "avg_length_ratio": 0.06525166536510532,
        "accuracy": 0.5798816568047337,
        "total_samples": 169
      }
    }
  }
}