{
  "artifact_sha256": {
    "endpoint_proxy_rows.jsonl": "8f37da38962a66ce56aa9774fc284b3a1b7bbc63e244ee8186079d916011e601",
    "summary.json": "242dc9c4b3f7f9482b811a430761fc2b0edc10d68daf67f9aac36afd7ffbb3f3",
    "summary.md": "15c47634c66b2afcef45bd8f7e42c0a1865877964108b7181ba08d28b4e4d842"
  },
  "artifacts": [
    "endpoint_proxy_rows.jsonl",
    "summary.json",
    "summary.md",
    "manifest.json",
    "manifest.md"
  ],
  "benchmark_sha256": "f1f918b549e795ef250498aa562f2e175dbdeca8f02039c61481d0ee4eea1d2d",
  "device": "cpu",
  "dtype": "float32",
  "limit": 32,
  "max_new_tokens": 24,
  "model_name": "Qwen/Qwen3-0.6B",
  "prompt_style": "audit",
  "run_utc": "2026-04-29T11:26:43.161579+00:00",
  "script_sha256": "d8a760985373917fe20f02cb9b41edd1ea05904289f1959e8edb3562c0467bea",
  "summary": {
    "conditions": [
      "target_only",
      "matched_packet",
      "matched_byte_text_2",
      "query_aware_diag_span",
      "structured_json_diag",
      "structured_free_text_diag",
      "full_hidden_log"
    ],
    "exact_id_parity": true,
    "exact_id_sha256": "29b8310938a9e3555d4706324390110f83caf8ff29eb3b4c7d1c5f55d93a88b3",
    "full_log_e2e_delta_vs_packet_ms": 225.83677149668802,
    "full_log_prompt_token_delta_vs_packet": 87.46875,
    "full_log_ttft_delta_vs_packet_ms": 163.44752150325803,
    "metrics": {
      "full_hidden_log": {
        "accuracy": 0.40625,
        "correct": 13,
        "mean_generated_tokens": 3.59375,
        "mean_payload_bytes": 366.5,
        "mean_payload_tokens_proxy": 33.875,
        "mean_prompt_bytes": 1132.5,
        "mean_prompt_tokens": 280.8125,
        "p50_e2e_ms": 1041.3743545068428,
        "p50_ttft_ms": 647.4359374988126,
        "p95_e2e_ms": 1175.0219170062337,
        "p95_ttft_ms": 816.0920410009567,
        "valid_prediction_rate": 0.40625
      },
      "matched_byte_text_2": {
        "accuracy": 0.28125,
        "correct": 9,
        "mean_generated_tokens": 11.75,
        "mean_payload_bytes": 2.0,
        "mean_payload_tokens_proxy": 1.0,
        "mean_prompt_bytes": 768.0,
        "mean_prompt_tokens": 192.34375,
        "p50_e2e_ms": 1992.7157085039653,
        "p50_ttft_ms": 483.0543329953798,
        "p95_e2e_ms": 2184.5837500004563,
        "p95_ttft_ms": 638.5125830129255,
        "valid_prediction_rate": 1.0
      },
      "matched_packet": {
        "accuracy": 0.71875,
        "correct": 23,
        "mean_generated_tokens": 4.875,
        "mean_payload_bytes": 2.0,
        "mean_payload_tokens_proxy": 1.0,
        "mean_prompt_bytes": 768.0,
        "mean_prompt_tokens": 193.34375,
        "p50_e2e_ms": 815.5375830101548,
        "p50_ttft_ms": 483.98841599555453,
        "p95_e2e_ms": 2005.4881250107428,
        "p95_ttft_ms": 638.9048340060981,
        "valid_prediction_rate": 1.0
      },
      "query_aware_diag_span": {
        "accuracy": 0.78125,
        "correct": 25,
        "mean_generated_tokens": 8.34375,
        "mean_payload_bytes": 14.0,
        "mean_payload_tokens_proxy": 1.0,
        "mean_prompt_bytes": 780.0,
        "mean_prompt_tokens": 196.6875,
        "p50_e2e_ms": 889.1806245082989,
        "p50_ttft_ms": 523.9387709953007,
        "p95_e2e_ms": 2516.1179160058964,
        "p95_ttft_ms": 655.4227080050623,
        "valid_prediction_rate": 1.0
      },
      "structured_free_text_diag": {
        "accuracy": 0.8125,
        "correct": 26,
        "mean_generated_tokens": 4.09375,
        "mean_payload_bytes": 17.0,
        "mean_payload_tokens_proxy": 4.0,
        "mean_prompt_bytes": 783.0,
        "mean_prompt_tokens": 196.34375,
        "p50_e2e_ms": 830.361478991108,
        "p50_ttft_ms": 474.8803125039558,
        "p95_e2e_ms": 1992.2971250052797,
        "p95_ttft_ms": 643.6432500049705,
        "valid_prediction_rate": 1.0
      },
      "structured_json_diag": {
        "accuracy": 0.78125,
        "correct": 25,
        "mean_generated_tokens": 5.46875,
        "mean_payload_bytes": 21.0,
        "mean_payload_tokens_proxy": 2.0,
        "mean_prompt_bytes": 787.0,
        "mean_prompt_tokens": 198.34375,
        "p50_e2e_ms": 843.7860005069524,
        "p50_ttft_ms": 476.8853755085729,
        "p95_e2e_ms": 2373.8348750048317,
        "p95_ttft_ms": 632.3006669990718,
        "valid_prediction_rate": 1.0
      },
      "target_only": {
        "accuracy": 0.25,
        "correct": 8,
        "mean_generated_tokens": 13.0,
        "mean_payload_bytes": 0.0,
        "mean_payload_tokens_proxy": 0.0,
        "mean_prompt_bytes": 773.0,
        "mean_prompt_tokens": 193.34375,
        "p50_e2e_ms": 2014.0348959976109,
        "p50_ttft_ms": 475.74375000112923,
        "p95_e2e_ms": 2212.0923750044312,
        "p95_ttft_ms": 670.4766250040848,
        "valid_prediction_rate": 1.0
      }
    },
    "n": 32,
    "packet_minus_matched_byte_text_accuracy": 0.4375,
    "packet_minus_target_accuracy": 0.46875,
    "packet_prompt_token_delta_vs_target": 0.0,
    "packet_vs_full_log_payload_compression": 183.25,
    "packet_vs_query_payload_compression": 7.0,
    "pass_gate": true,
    "pass_rule": "Packet must beat target by >=0.15, matched-byte text must stay within target+0.05, and query-aware/full-log payloads must be larger than the packet. Latency is reported, not gated.",
    "prompt_style": "audit"
  }
}