{
  "llama": {
    "rms_mean_raw": 0.010552105733326503,
    "rms_mean_cal": 0.010570983261402165,
    "embed_rms": 0.010566353797912598,
    "count": 350
  },
  "qwen": {
    "rms_mean_raw": 0.013643024739410196,
    "rms_mean_cal": 0.013640797268599271,
    "embed_rms": 0.013653620146214962,
    "count": 350
  }
}