{
  "llama": {
    "rms_mean": 0.6881121497954765,
    "count": 685
  },
  "qwen": {
    "rms_mean": 0.6165356554254128,
    "count": 685
  }
}