{
  "llama": {
    "rms_mean": 0.8017428330261341,
    "count": 685
  },
  "qwen": {
    "rms_mean": 0.6590477317789175,
    "count": 685
  }
}