{
  "llama": {
    "rms_mean": 0.7836888744883294,
    "count": 685
  },
  "qwen": {
    "rms_mean": 0.6510674400921286,
    "count": 685
  }
}