{
  "samples": 400,
  "max_new_tokens": 16,
  "latent_len": 48,
  "device": "cuda",
  "dtype": "torch.bfloat16",
  "avg_prompt_tokens": {
    "llama": 245.3875,
    "qwen": 231.6975
  },
  "compression": {
    "llama": 5.112239583333333,
    "qwen": 4.82703125
  },
  "payload_bytes": 8752,
  "payload_bytes_detail": {
    "fp32": 43024,
    "fp16": 21520,
    "selected": 8752
  },
  "wire": {
    "text_bytes_onecopy": {
      "llama_avg": 1254,
      "qwen_avg": 1102,
      "max_avg": 1254
    },
    "text_bytes_twocopies": {
      "sum_avg": 2356
    },
    "latent_bytes": {
      "fp32": 43024,
      "fp16": 21520,
      "int8": 11440,
      "int6": 8752,
      "int4": 6064
    },
    "selected_latent_bytes": 8752,
    "wire_ratio": {
      "latent_over_onecopy_fp16": 17.161084529505583,
      "latent_over_onecopy_fp32": 34.30940988835726,
      "selected_over_onecopy": 6.979266347687401
    },
    "base_latent_bytes": 43008
  },
  "text": {
    "llama": {
      "em": 0.5275,
      "f1": 0.7778926129970251,
      "nll_token": 12.783967164200934
    },
    "qwen": {
      "em": 0.62,
      "f1": 0.8134641899953049,
      "nll_token": 25.918280501998048
    },
    "wall_clock_sec": 34.2204749584198
  },
  "latent": {
    "llama": {
      "em": 0.0,
      "f1": 0.003464285714285714,
      "nll": 11.055768073538971,
      "first_token_top1": 0.007499999832361937,
      "first_token_top5": 0.007499999832361937,
      "nll_token": 11.055768073538971
    },
    "qwen": {
      "em": 0.0,
      "f1": 0.003666666666666667,
      "nll": 10.839359561839544,
      "first_token_top1": 0.057499997317790985,
      "first_token_top5": 0.10499999672174454,
      "nll_token": 10.839359561839544
    },
    "wall_clock_sec": 35.057849407196045
  },
  "token_budget": {
    "mode": "content_only",
    "k": 48,
    "llama": {
      "em": 0.0125,
      "f1": 0.05350790124671197
    },
    "qwen": {
      "em": 0.0325,
      "f1": 0.08204202741702739
    },
    "wall_clock_sec": 26.675098419189453
  },
  "joint": {
    "em": 0.0,
    "f1": 0.003666666666666667,
    "agreement": 0.0,
    "oracle": {
      "em": 0.0,
      "f1": 0.005416666666666666
    }
  },
  "debug": {
    "llama": {},
    "qwen": {},
    "settings": {
      "latent_anchor_mode": "text",
      "latent_anchor_text": "Answer: ",
      "prefix_gain": 1.15,
      "calibration_mode": "embed_rms",
      "append_bos_after_prefix": "no",
      "decode": {
        "min_new_tokens": 3,
        "eos_ban_steps": 6,
        "first_token_top_p": 1.0,
        "first_token_temperature": 0.0
      }
    }
  },
  "oracle": {
    "em": 0.0,
    "f1": 0.005416666666666666
  },
  "dataset": "squad"
}