group,model,EM,F1,NLL/token,wall_clock_sec,compression,payload_bytes,samples,M,token_budget_mode,token_budget_k,dataset
text,llama,0.0,0.13101654220840853,15.679386170409446,10.077199697494507,16.8253125,16384,200,16,content_only,16,squad
text,qwen,0.375,0.5976191602085568,13.036324268295651,10.077199697494507,14.418125,16384,200,16,content_only,16,squad
latent,llama,0.0,0.00825,9.13008600545484,9.405444860458374,16.8253125,16384,200,16,content_only,16,squad
latent,qwen,0.0,0.00593035048027308,10.002622544134736,9.405444860458374,14.418125,16384,200,16,content_only,16,squad
token_budget,llama,0.0,0.0417471874530698,,9.209888458251953,16.8253125,16384,200,16,content_only,16,squad
token_budget,qwen,0.005,0.040937358393240746,,9.209888458251953,14.418125,16384,200,16,content_only,16,squad
joint,both,0.0,0.00593035048027308,,,,16384,200,16,content_only,16,squad
