{
  "llama": {
    "rms_mean": 0.7582206758269429,
    "count": 685
  },
  "qwen": {
    "rms_mean": 0.6403694667955384,
    "count": 685
  }
}