{
  "timestamp": "2026-01-11T22:28:16.211205",
  "correction_method": "bonferroni",
  "alpha": 0.05,
  "comparisons": {
    "sst2": {
      "dataset_name": "SST-2",
      "num_classes": 2,
      "random_chance": 50.0,
      "methods": {
        "zeroshot_llama": {
          "mean": 83.8302752293578,
          "std": 0.0,
          "ci_95": [
            83.8302752293578,
            83.8302752293578
          ],
          "n_seeds": 2,
          "values": [
            83.8302752293578,
            83.8302752293578
          ],
          "vs_baseline": {
            "difference": -9.518348623853214,
            "p_value_raw": 0.007669746642944905,
            "cohens_d": -58.6898628384866
          }
        },
        "zeroshot_mistral": {
          "mean": 89.56422018348624,
          "std": 0.0,
          "ci_95": [
            89.56422018348624,
            89.56422018348624
          ],
          "n_seeds": 2,
          "values": [
            89.56422018348624,
            89.56422018348624
          ],
          "vs_baseline": {
            "difference": -3.7844036697247674,
            "p_value_raw": 0.019285606543647752,
            "cohens_d": -23.334523779157294
          }
        },
        "text_relay": {
          "mean": 41.28440366972477,
          "std": 0.0,
          "ci_95": [
            41.28440366972477,
            41.28440366972477
          ],
          "n_seeds": 2,
          "values": [
            41.28440366972477,
            41.28440366972477
          ],
          "vs_baseline": {
            "difference": -52.06422018348624,
            "p_value_raw": 0.0014022439269189624,
            "cohens_d": -321.0264786587097
          }
        },
        "prompt_tuning": {
          "mean": 50.91743119266055,
          "std": 0.0,
          "ci_95": [
            50.91743119266055,
            50.91743119266055
          ],
          "n_seeds": 2,
          "values": [
            50.91743119266055,
            50.91743119266055
          ],
          "vs_baseline": {
            "difference": -42.43119266055046,
            "p_value_raw": 0.0017205897899720943,
            "cohens_d": -261.6295090390366
          }
        },
        "lora": {
          "mean": 92.60321100917432,
          "std": 2.027255680007306,
          "ci_95": [
            92.60321100917432,
            92.60321100917432
          ],
          "n_seeds": 2,
          "values": [
            94.03669724770643,
            91.1697247706422
          ],
          "vs_baseline": {
            "difference": -0.745412844036693,
            "p_value_raw": 0.6724901221861617,
            "cohens_d": -0.39966905023587007
          }
        },
        "bridge_8": {
          "mean": 93.34862385321101,
          "std": 0.16218045440057563,
          "ci_95": [
            93.34862385321101,
            93.34862385321101
          ],
          "n_seeds": 2,
          "values": [
            93.46330275229357,
            93.23394495412845
          ]
        },
        "bridge_32": {
          "mean": 93.69266055045871,
          "std": 0.32436090880117135,
          "ci_95": [
            93.69266055045871,
            93.69266055045871
          ],
          "n_seeds": 2,
          "values": [
            93.92201834862385,
            93.46330275229357
          ],
          "vs_baseline": {
            "difference": 0.34403669724770225,
            "p_value_raw": 0.20483276469914918,
            "cohens_d": 2.1213203435594674
          }
        }
      }
    },
    "agnews": {
      "dataset_name": "AG News",
      "num_classes": 4,
      "random_chance": 25.0,
      "methods": {
        "zeroshot_llama": {
          "mean": 70.97368421052632,
          "std": 0.0,
          "ci_95": [
            70.97368421052632,
            70.97368421052632
          ],
          "n_seeds": 2,
          "values": [
            70.97368421052632,
            70.97368421052632
          ],
          "vs_baseline": {
            "difference": -20.085526315789465,
            "p_value_raw": 0.023968777449258488,
            "cohens_d": -18.77214785184816
          }
        },
        "zeroshot_mistral": {
          "mean": 71.14473684210526,
          "std": 0.0,
          "ci_95": [
            71.14473684210526,
            71.14473684210526
          ],
          "n_seeds": 2,
          "values": [
            71.14473684210526,
            71.14473684210526
          ],
          "vs_baseline": {
            "difference": -19.91447368421052,
            "p_value_raw": 0.024174456952975265,
            "cohens_d": -18.61228023175381
          }
        },
        "text_relay": {
          "mean": 1.0263157894736843,
          "std": 0.0,
          "ci_95": [
            1.0263157894736843,
            1.0263157894736843
          ],
          "n_seeds": 2,
          "values": [
            1.0263157894736843,
            1.0263157894736843
          ],
          "vs_baseline": {
            "difference": -90.0328947368421,
            "p_value_raw": 0.005349620064870559,
            "cohens_d": -84.14570696119952
          }
        },
        "prompt_tuning": {
          "mean": 25.0,
          "std": 0.0,
          "ci_95": [
            25.0,
            25.0
          ],
          "n_seeds": 2,
          "values": [
            25.0,
            25.0
          ],
          "vs_baseline": {
            "difference": -66.05921052631578,
            "p_value_raw": 0.00729091454834975,
            "cohens_d": -61.739645129514386
          }
        },
        "lora": {
          "mean": 53.28289473684211,
          "std": 39.625891856230346,
          "ci_95": [
            53.28289473684211,
            53.28289473684211
          ],
          "n_seeds": 2,
          "values": [
            25.263157894736842,
            81.30263157894737
          ],
          "vs_baseline": {
            "difference": -37.77631578947367,
            "p_value_raw": 0.3979774967084752,
            "cohens_d": -0.9797797146653365
          }
        },
        "bridge_8": {
          "mean": 91.05921052631578,
          "std": 1.0699642083743763,
          "ci_95": [
            91.05921052631578,
            91.05921052631578
          ],
          "n_seeds": 2,
          "values": [
            90.30263157894737,
            91.8157894736842
          ]
        },
        "bridge_32": {
          "mean": 90.65131578947368,
          "std": 1.3676933794002895,
          "ci_95": [
            90.65131578947368,
            90.65131578947368
          ],
          "n_seeds": 2,
          "values": [
            89.6842105263158,
            91.61842105263158
          ],
          "vs_baseline": {
            "difference": -0.40789473684209554,
            "p_value_raw": 0.3033285801259203,
            "cohens_d": -1.3700193885489105
          }
        }
      }
    },
    "trec": {
      "dataset_name": "TREC",
      "num_classes": 6,
      "random_chance": 16.666666666666668,
      "methods": {
        "zeroshot_llama": {
          "mean": 48.2,
          "std": 0.0,
          "ci_95": [
            48.2,
            48.2
          ],
          "n_seeds": 2,
          "values": [
            48.2,
            48.2
          ],
          "vs_baseline": {
            "difference": -11.399999999999991,
            "p_value_raw": 0.719734184473769,
            "cohens_d": -0.33309988865812545
          }
        },
        "zeroshot_mistral": {
          "mean": 50.6,
          "std": 0.0,
          "ci_95": [
            50.6,
            50.6
          ],
          "n_seeds": 2,
          "values": [
            50.6,
            50.6
          ],
          "vs_baseline": {
            "difference": -8.999999999999993,
            "p_value_raw": 0.7733310067239719,
            "cohens_d": -0.26297359630904643
          }
        },
        "text_relay": {
          "mean": 4.0,
          "std": 0.0,
          "ci_95": [
            4.0,
            4.0
          ],