{
  "created_at": "2026-05-04T10:36:37.016607+00:00",
  "files": {
    "predictions.jsonl": "03aca2784ab250fba96500352f2980bfe2b227c6064ff5e27ec82e2dca673ee3",
    "row_summaries.csv": "5cf004069f8b33f17755d2244aa08ea47821ad478c639737b58dc4c07a66eb29",
    "target_self_resonance_hellaswag_query_resampler_gate.json": "e21ea93a64d0b277c2df086d2100487bd0cc884e8ffb8fd8e27043a5b30d1405",
    "target_self_resonance_hellaswag_query_resampler_gate.md": "44a1d13e7ef37c669b8a374a3666341f6e9f76aaba1faf0b013f151e835cdbdc"
  },
  "headline": {
    "best_control_agreement": 0.625,
    "best_control_by_agreement": "chunk_mean_prefix",
    "best_control_by_kl": "shuffled_query_resampler",
    "best_control_mean_kl": 0.25231779058984366,
    "chunk_mean_agreement": 0.625,
    "chunk_mean_kl": 0.4265018355944109,
    "kl_gain_vs_best_control_kl": 0.007992819448415761,
    "kl_gain_vs_chunk_mean": 0.182176864452983,
    "kl_gain_vs_slots_only": 0.14922295709091674,
    "query_accuracy": 0.375,
    "query_agreement": 0.5,
    "query_mean_attention_max": 0.07306214980781078,
    "query_mean_kl": 0.2443249711414279,
    "query_mean_normalized_attention_entropy": 0.9503800123929977,
    "query_nonfinite_kl_count": 0,
    "query_nonfinite_score_row_count": 0,
    "slots_only_agreement": 0.0,
    "slots_only_kl": 0.39354792823234463
  },
  "pass_gate": false
}
