row_id,content_id,answer_index,full_prompt_prediction,query_prediction,chunk_prediction,slots_prediction,query_kl_to_full,slots_kl_to_full,query_prefix_rms,chunk_prefix_rms,mean_attention_entropy,normalized_attention_entropy,mean_attention_max
992,20a68cc2234ddc31f4a48593f788aa95c59236883f707aee4195c2ad490ed115,3,3,3,3,0,0.04509716400124347,0.09650718134770808,0.01505278144031763,0.015052780508995056,3.394181728363037,0.9625169038772583,0.0602746307849884
1005,ddadd2146716ee05a973177fefd3c04b9478d18d08a13137e9074658ccab196e,1,1,0,2,3,0.1361059416731963,0.5619250374618949,0.015052780508995056,0.015052780508995056,2.9363322257995605,0.949948787689209,0.10351808369159698
1012,031c33517e2acf54a7e5ee77e548717c601bd60e453f11c0fa8a0ce9c0611fb7,3,3,2,3,0,0.10459261540904496,0.11513148365248782,0.015052780508995056,0.015052780508995056,3.3754050731658936,0.9571923017501831,0.06621826440095901
1045,9c504c5da88e8aa131cdcb5cd2e8e270f56b4cf10b2843af434c714e5d3c5f8a,2,0,0,0,3,0.114350766607651,0.0725014987713627,0.015052780508995056,0.015052780508995056,3.1865622997283936,0.946326732635498,0.08911584317684174
1046,18a477f3c8686380e53b75c94375f13ff130e75e9176f61be09cdbd0d44bc58f,3,3,3,3,0,0.1709451592927689,0.4989676604903146,0.015052780508995056,0.015052780508995056,3.4976444244384766,0.9481589794158936,0.058879222720861435
1047,ae8ce2cf35acf36ffa5627007c9799558caa3d0d73232d9f810cef8933be39fa,2,2,3,3,3,0.9665297090210849,0.5150940737069339,0.015052780508995056,0.015052780508995056,3.416486978530884,0.9392182230949402,0.06419157236814499
1050,0f7beabbec61913bab7fd901c04d710f7a724a3108c5728dba4e7dd806ab68c5,2,2,2,2,0,0.17156535153573402,1.0155965298410927,0.015052780508995056,0.015052780508995056,3.1228575706481934,0.9475157856941223,0.09369508922100067
1052,01eefd2edc7994d9c8a30592b107a8ffe5f1dc1b7c7477c589e2ce64cac5c65f,0,1,2,2,3,0.24541306159069953,0.2726599605869623,0.015052780508995056,0.015052780508995056,3.603163242340088,0.9521623849868774,0.04860449209809303
