{
  "llama": {
    "rms_mean_raw": 0.010562095517183052,
    "rms_mean_cal": 0.010570845402338925,
    "embed_rms": 0.010565285570919514,
    "count": 17
  },
  "qwen": {
    "rms_mean_raw": 0.013649589765597792,
    "rms_mean_cal": 0.013637913390994072,
    "embed_rms": 0.013613689690828323,
    "count": 17
  }
}