{
  "artifact_sha256": {
    "endpoint_proxy_rows.jsonl": "9c3f27c9df3e53f382b6135ecae8efa01be1d6e237d5b0c1c7cc3ba3c3356423",
    "summary.json": "dda9078d25cae44acd1431c2b53c8ee655ab7563a0eaf8c5f469ca277ffbda7d",
    "summary.md": "0cfc3800ee8bc16202dca01248f5714d7f0dc2b005f22e3c03ec3bdc4116f7cd"
  },
  "artifacts": [
    "endpoint_proxy_rows.jsonl",
    "summary.json",
    "summary.md",
    "manifest.json",
    "manifest.md"
  ],
  "benchmark_sha256": "f1f918b549e795ef250498aa562f2e175dbdeca8f02039c61481d0ee4eea1d2d",
  "device": "cpu",
  "dtype": "float32",
  "limit": 8,
  "max_new_tokens": 24,
  "model_name": "Qwen/Qwen3-0.6B",
  "run_utc": "2026-04-29T10:38:00.989459+00:00",
  "script_sha256": "aca93253b3b46a8736f21778d88a2c343a0e83558ce74922702591af4cacfed2",
  "summary": {
    "conditions": [
      "target_only",
      "matched_packet",
      "matched_byte_text_2",
      "query_aware_diag_span",
      "structured_json_diag",
      "structured_free_text_diag",
      "full_hidden_log"
    ],
    "exact_id_parity": true,
    "exact_id_sha256": "0722cebb12497355219b4625ba14372a52b8c0a5932345c7668c8ecbbd6de565",
    "full_log_e2e_delta_vs_packet_ms": 290.06214599939995,
    "full_log_prompt_token_delta_vs_packet": 87.5,
    "full_log_ttft_delta_vs_packet_ms": 104.94783350441139,
    "metrics": {
      "full_hidden_log": {
        "accuracy": 0.0,
        "correct": 0,
        "mean_generated_tokens": 6.0,
        "mean_payload_bytes": 366.5,
        "mean_payload_tokens_proxy": 33.875,
        "mean_prompt_bytes": 1228.5,
        "mean_prompt_tokens": 303.875,
        "p50_e2e_ms": 2216.035458499391,
        "p50_ttft_ms": 1096.9802499967045,
        "p95_e2e_ms": 2322.5955840025563,
        "p95_ttft_ms": 1313.881832989864,
        "valid_prediction_rate": 0.0
      },
      "matched_byte_text_2": {
        "accuracy": 0.25,
        "correct": 2,
        "mean_generated_tokens": 13.0,
        "mean_payload_bytes": 2.0,
        "mean_payload_tokens_proxy": 1.0,
        "mean_prompt_bytes": 864.0,
        "mean_prompt_tokens": 215.375,
        "p50_e2e_ms": 3187.7299584957655,
        "p50_ttft_ms": 887.4206249965937,
        "p95_e2e_ms": 3683.1807919952553,
        "p95_ttft_ms": 1002.7310420118738,
        "valid_prediction_rate": 1.0
      },
      "matched_packet": {
        "accuracy": 0.25,
        "correct": 2,
        "mean_generated_tokens": 8.0,
        "mean_payload_bytes": 2.0,
        "mean_payload_tokens_proxy": 1.0,
        "mean_prompt_bytes": 864.0,
        "mean_prompt_tokens": 216.375,
        "p50_e2e_ms": 1925.9733124999912,
        "p50_ttft_ms": 992.0324164922931,
        "p95_e2e_ms": 3266.799749995698,
        "p95_ttft_ms": 1111.604207995697,
        "valid_prediction_rate": 0.5
      },
      "query_aware_diag_span": {
        "accuracy": 0.5,
        "correct": 4,
        "mean_generated_tokens": 10.5,
        "mean_payload_bytes": 14.0,
        "mean_payload_tokens_proxy": 1.0,
        "mean_prompt_bytes": 876.0,
        "mean_prompt_tokens": 219.75,
        "p50_e2e_ms": 3178.826791496249,
        "p50_ttft_ms": 876.7172914958792,
        "p95_e2e_ms": 3402.0335000095656,
        "p95_ttft_ms": 977.9966670030262,
        "valid_prediction_rate": 0.75
      },
      "structured_free_text_diag": {
        "accuracy": 0.25,
        "correct": 2,
        "mean_generated_tokens": 5.5,
        "mean_payload_bytes": 17.0,
        "mean_payload_tokens_proxy": 4.0,
        "mean_prompt_bytes": 879.0,
        "mean_prompt_tokens": 219.375,
        "p50_e2e_ms": 1257.4944795051124,
        "p50_ttft_ms": 935.5015835026279,
        "p95_e2e_ms": 2534.454499997082,
        "p95_ttft_ms": 1128.6022910062457,
        "valid_prediction_rate": 0.25
      },
      "structured_json_diag": {
        "accuracy": 0.5,
        "correct": 4,
        "mean_generated_tokens": 8.0,
        "mean_payload_bytes": 21.0,
        "mean_payload_tokens_proxy": 2.0,
        "mean_prompt_bytes": 883.0,
        "mean_prompt_tokens": 221.375,
        "p50_e2e_ms": 2233.363395505876,
        "p50_ttft_ms": 933.4326250027516,
        "p95_e2e_ms": 3012.253666995093,
        "p95_ttft_ms": 1141.2439580017235,
        "valid_prediction_rate": 0.5
      },
      "target_only": {
        "accuracy": 0.25,
        "correct": 2,
        "mean_generated_tokens": 13.0,
        "mean_payload_bytes": 0.0,
        "mean_payload_tokens_proxy": 0.0,
        "mean_prompt_bytes": 881.0,
        "mean_prompt_tokens": 218.375,
        "p50_e2e_ms": 3214.4821455003694,
        "p50_ttft_ms": 963.9273124994361,
        "p95_e2e_ms": 3424.564166998607,
        "p95_ttft_ms": 1129.7606250009267,
        "valid_prediction_rate": 1.0
      }
    },
    "n": 8,
    "packet_minus_matched_byte_text_accuracy": 0.0,
    "packet_minus_target_accuracy": 0.0,
    "packet_prompt_token_delta_vs_target": -2.0,
    "packet_vs_full_log_payload_compression": 183.25,
    "packet_vs_query_payload_compression": 7.0,
    "pass_gate": false,
    "pass_rule": "Packet must beat target by >=0.15, matched-byte text must stay within target+0.05, and query-aware/full-log payloads must be larger than the packet. Latency is reported, not gated."
  }
}