{
  "samples": 200,
  "max_new_tokens": 8,
  "latent_len": 16,
  "device": "mps",
  "dtype": "torch.float16",
  "avg_prompt_tokens": {
    "llama": 269.205,
    "qwen": 230.69
  },
  "compression": {
    "llama": 16.8253125,
    "qwen": 14.418125
  },
  "payload_bytes": 16384,
  "wire": {
    "text_bytes_onecopy": {
      "llama_avg": 1070,
      "qwen_avg": 1106,
      "max_avg": 1106
    },
    "text_bytes_twocopies": {
      "sum_avg": 2176
    },
    "latent_bytes": {
      "fp32": 16384,
      "fp16": 8192
    },
    "wire_compression": {
      "vs_onecopy_fp16": 0.135009765625,
      "vs_onecopy_fp32": 0.0675048828125
    }
  },
  "text": {
    "wall_clock_sec": 147.8706238269806,
    "llama": {
      "em": 0.005,
      "f1": 0.056785177241059595,
      "nll_token": 15.681324996504673
    },
    "qwen": {
      "em": 0.23,
      "f1": 0.39575623885918004,
      "nll_token": 13.044476828877889
    }
  },
  "latent": {
    "wall_clock_sec": 71.04051303863525,
    "llama": {
      "em": 0.0,
      "f1": 0.026987234987234987,
      "nll_token": 7.842418723882631
    },
    "qwen": {
      "em": 0.0,
      "f1": 0.0,
      "nll_token": 8.918943154433418
    }
  },
  "token_budget": {
    "mode": "content_only",
    "k": 16,
    "llama": {
      "em": 0.0,
      "f1": 0.029140570815493417
    },
    "wall_clock_sec": 60.273768186569214,
    "qwen": {
      "em": 0.005,
      "f1": 0.04103176209755158
    }
  },
  "joint": {
    "em": 0.0,
    "f1": 0.0,
    "agreement": 0.08,
    "oracle": {
      "em": null,
      "f1": null
    }
  },
  "debug": {
    "llama": {
      "adapter_scale": 0.9990198612213135,
      "Z_std": 0.9982794523239136,
      "Z_mean_norm": 15.972457885742188,
      "prefix_std": 0.6479999423027039,
      "prefix_mean_norm": 29.201139450073242,
      "embed_rms": 0.014909257180988789
    },
    "qwen": {
      "adapter_scale": 0.9966846704483032,
      "Z_std": 0.9982794523239136,
      "Z_mean_norm": 15.972457885742188,
      "prefix_std": 0.6391584277153015,
      "prefix_mean_norm": 19.102418899536133,
      "embed_rms": 0.015230061486363411
    },
    "latent_anchor_text": "Answer: ",
    "prefix_gain": 1.0,
    "decode": {
      "min_new_tokens": 2,
      "eos_ban_steps": 6,
      "first_token_top_p": 0.9,
      "first_token_temperature": 0.7
    }
  },
  "oracle": {
    "em": 0.0,
    "f1": 0.026987234987234987
  },
  "dataset": "squad"
}