group,model,EM,F1,NLL/token,wall_clock_sec,compression,payload_bytes,samples,M,token_budget_mode,token_budget_k,dataset
text,llama,0.005,0.056785177241059595,15.681324996504673,147.8706238269806,16.8253125,16384,200,16,content_only,16,squad
text,qwen,0.23,0.39575623885918004,13.044476828877889,147.8706238269806,14.418125,16384,200,16,content_only,16,squad
latent,llama,0.0,0.026987234987234987,7.842418723882631,71.04051303863525,16.8253125,16384,200,16,content_only,16,squad
latent,qwen,0.0,0.0,8.918943154433418,71.04051303863525,14.418125,16384,200,16,content_only,16,squad
token_budget,llama,0.0,0.029140570815493417,,60.273768186569214,16.8253125,16384,200,16,content_only,16,squad
token_budget,qwen,0.005,0.04103176209755158,,60.273768186569214,14.418125,16384,200,16,content_only,16,squad
joint,both,0.0,0.0,,,,16384,200,16,content_only,16,squad
