{
  "model": "Rosetta",
  "dataset": "ai2-arc",
  "answer_method": "generate",
  "overall_accuracy": 0.5721739130434783,
  "subjects": {
    "SPLIT_0_OF_1": 0.5721739130434783
  },
  "length_statistics": {
    "subjects": {
      "SPLIT_0_OF_1": {
        "avg_input_length": 141.31739130434784,
        "avg_gen_length": 10.361739130434783,
        "avg_length_ratio": 0.07451063083799937,
        "accuracy": 0.5721739130434783,
        "total_samples": 1150
      }
    }
  }
}