{
  "model": "Rosetta",
  "dataset": "ai2-arc",
  "answer_method": "generate",
  "overall_accuracy": 0.5803108808290155,
  "subjects": {
    "SPLIT_0_OF_1": 0.5803108808290155
  },
  "kv_transfer_stats": {
    "count": 5404,
    "selected_min": 50,
    "selected_max": 132,
    "selected_sum": 378588,
    "total_sum": 757092,
    "selected_fraction_sum": 2702.3084661458715,
    "score_mean_sum": 82486.3966742754,
    "score_min": 1.2452210187911987,
    "score_max": 88.81431579589844,
    "prefill_count": 193,
    "prefill_time_sum_ms": 34371.39260163531,
    "selection_time_sum_ms": 1972.510490566492,
    "projection_score_time_sum_ms": 11323.270691093057,
    "projection_transfer_time_sum_ms": 0.0,
    "fuse_time_sum_ms": 807.338569429703,
    "rd_int8_sum": 0,
    "rd_int4_sum": 0,
    "rd_drop_sum": 0,
    "rd_budget_bytes_sum": 0.0,
    "rd_bytes_used_sum": 0.0,
    "rd_effective_bits_sum": 0.0,
    "rd_payload_bytes_sum": 0.0,
    "rd_index_bytes_sum": 0.0,
    "rd_scale_bytes_sum": 0.0,
    "selected_mean": 70.05699481865285,
    "total_mean": 140.0984455958549,
    "selected_fraction_mean": 0.5000570810780666,
    "score_mean": 15.263952012264138,
    "prefill_time_mean_ms": 178.09011710691868,
    "selection_time_mean_ms": 0.3650093431840289,
    "projection_score_time_mean_ms": 2.0953498688181083,
    "projection_transfer_time_mean_ms": 0.0,
    "fuse_time_mean_ms": 0.14939647842888656,
    "rd_int8_mean": 0.0,
    "rd_int4_mean": 0.0,
    "rd_drop_mean": 0.0,
    "rd_budget_bytes_mean": 0.0,
    "rd_bytes_used_mean": 0.0,
    "rd_effective_bits_mean": 0.0,
    "rd_payload_bytes_mean": 0.0,
    "rd_index_bytes_mean": 0.0,
    "rd_scale_bytes_mean": 0.0
  },
  "length_statistics": {
    "subjects": {
      "SPLIT_0_OF_1": {
        "avg_input_length": 141.0984455958549,
        "avg_gen_length": 10.430051813471502,
        "avg_length_ratio": 0.07415384141536838,
        "accuracy": 0.5803108808290155,
        "total_samples": 193
      }
    }
  }
}