{
  "model": "Rosetta",
  "dataset": "ai2-arc",
  "answer_method": "generate",
  "overall_accuracy": 0.5384615384615384,
  "subjects": {
    "SPLIT_0_OF_1": 0.5384615384615384
  },
  "kv_transfer_stats": {
    "count": 4732,
    "selected_min": 52,
    "selected_max": 98,
    "selected_sum": 330568,
    "total_sum": 661164,
    "selected_fraction_sum": 2365.766213055944,
    "score_mean_sum": 72211.69198942184,
    "score_min": 1.2498971223831177,
    "score_max": 89.0440673828125,
    "prefill_count": 169,
    "prefill_time_sum_ms": 29686.573642888106,
    "selection_time_sum_ms": 1772.8997484082356,
    "projection_score_time_sum_ms": 9979.883895488456,
    "projection_transfer_time_sum_ms": 0.0,
    "fuse_time_sum_ms": 712.3700274387375,
    "rd_int8_sum": 0,
    "rd_int4_sum": 0,
    "rd_drop_sum": 0,
    "rd_budget_bytes_sum": 0.0,
    "rd_bytes_used_sum": 0.0,
    "rd_effective_bits_sum": 0.0,
    "rd_payload_bytes_sum": 0.0,
    "rd_index_bytes_sum": 0.0,
    "rd_scale_bytes_sum": 0.0,
    "selected_mean": 69.85798816568047,
    "total_mean": 139.72189349112426,
    "selected_fraction_mean": 0.4999505944750515,
    "score_mean": 15.260289938592951,
    "prefill_time_mean_ms": 175.66019907034382,
    "selection_time_mean_ms": 0.3746618234167869,
    "projection_score_time_mean_ms": 2.1090202653187777,
    "projection_transfer_time_mean_ms": 0.0,
    "fuse_time_mean_ms": 0.15054311653396818,
    "rd_int8_mean": 0.0,
    "rd_int4_mean": 0.0,
    "rd_drop_mean": 0.0,
    "rd_budget_bytes_mean": 0.0,
    "rd_bytes_used_mean": 0.0,
    "rd_effective_bits_mean": 0.0,
    "rd_payload_bytes_mean": 0.0,
    "rd_index_bytes_mean": 0.0,
    "rd_scale_bytes_mean": 0.0
  },
  "length_statistics": {
    "subjects": {
      "SPLIT_0_OF_1": {
        "avg_input_length": 140.72189349112426,
        "avg_gen_length": 11.041420118343195,
        "avg_length_ratio": 0.07864674951791463,
        "accuracy": 0.5384615384615384,
        "total_samples": 169
      }
    }
  }
}