{
  "model": "Rosetta",
  "dataset": "ai2-arc",
  "answer_method": "generate",
  "overall_accuracy": 0.5202020202020202,
  "subjects": {
    "SPLIT_0_OF_1": 0.5202020202020202
  },
  "length_statistics": {
    "subjects": {
      "SPLIT_0_OF_1": {
        "avg_input_length": 142.0,
        "avg_gen_length": 10.47979797979798,
        "avg_length_ratio": 0.07446020125363027,
        "accuracy": 0.5202020202020202,
        "total_samples": 198
      }
    }
  }
}