{
  "model": "Rosetta",
  "dataset": "ai2-arc",
  "answer_method": "generate",
  "overall_accuracy": 0.5562130177514792,
  "subjects": {
    "SPLIT_0_OF_1": 0.5562130177514792
  },
  "length_statistics": {
    "subjects": {
      "SPLIT_0_OF_1": {
        "avg_input_length": 140.72189349112426,
        "avg_gen_length": 8.964497041420119,
        "avg_length_ratio": 0.06463064841497262,
        "accuracy": 0.5562130177514792,
        "total_samples": 169
      }
    }
  }
}