{
  "model": "Rosetta",
  "dataset": "ai2-arc",
  "answer_method": "generate",
  "overall_accuracy": 0.5404040404040404,
  "subjects": {
    "SPLIT_0_OF_1": 0.5404040404040404
  },
  "length_statistics": {
    "subjects": {
      "SPLIT_0_OF_1": {
        "avg_input_length": 142.0,
        "avg_gen_length": 9.792929292929292,
        "avg_length_ratio": 0.07012754289507599,
        "accuracy": 0.5404040404040404,
        "total_samples": 198
      }
    }
  }
}