{
  "model": "Rosetta",
  "dataset": "ai2-arc",
  "answer_method": "generate",
  "overall_accuracy": 0.4623115577889447,
  "subjects": {
    "SPLIT_0_OF_1": 0.4623115577889447
  },
  "kv_transfer_stats": {
    "count": 5572,
    "selected_min": 22,
    "selected_max": 50,
    "selected_sum": 177996,
    "total_sum": 711816,
    "selected_fraction_sum": 1393.2990385235803,
    "score_mean_sum": 123656.94084358215,
    "score_min": 1.461535930633545,
    "score_max": 110.98128509521484,
    "prefill_count": 199,
    "prefill_time_sum_ms": 44821.840041084215,
    "selection_time_sum_ms": 2052.095601800829,
    "projection_score_time_sum_ms": 12041.324117220938,
    "projection_transfer_time_sum_ms": 0.0,
    "fuse_time_sum_ms": 827.7147205080837,
    "rd_int8_sum": 0,
    "rd_int4_sum": 0,
    "rd_drop_sum": 0,
    "rd_budget_bytes_sum": 0.0,
    "rd_bytes_used_sum": 0.0,
    "rd_effective_bits_sum": 0.0,
    "rd_payload_bytes_sum": 0.0,
    "rd_index_bytes_sum": 0.0,
    "rd_scale_bytes_sum": 0.0,
    "selected_mean": 31.944723618090453,
    "total_mean": 127.74874371859296,
    "selected_fraction_mean": 0.2500536680767373,
    "score_mean": 22.192559376091555,
    "prefill_time_mean_ms": 225.23537709087546,
    "selection_time_mean_ms": 0.3682870785715774,
    "projection_score_time_mean_ms": 2.1610416577927025,
    "projection_transfer_time_mean_ms": 0.0,
    "fuse_time_mean_ms": 0.14854894481480324,
    "rd_int8_mean": 0.0,
    "rd_int4_mean": 0.0,
    "rd_drop_mean": 0.0,
    "rd_budget_bytes_mean": 0.0,
    "rd_bytes_used_mean": 0.0,
    "rd_effective_bits_mean": 0.0,
    "rd_payload_bytes_mean": 0.0,
    "rd_index_bytes_mean": 0.0,
    "rd_scale_bytes_mean": 0.0
  },
  "length_statistics": {
    "subjects": {
      "SPLIT_0_OF_1": {
        "avg_input_length": 166.74874371859298,
        "avg_gen_length": 8.728643216080402,
        "avg_length_ratio": 0.05304036870134515,
        "accuracy": 0.4623115577889447,
        "total_samples": 199
      }
    }
  }
}