{
  "model": "Rosetta",
  "dataset": "ai2-arc",
  "answer_method": "generate",
  "overall_accuracy": 0.4393939393939394,
  "subjects": {
    "SPLIT_0_OF_1": 0.4393939393939394
  },
  "kv_transfer_stats": {
    "count": 5544,
    "selected_min": 22,
    "selected_max": 65,
    "selected_sum": 179956,
    "total_sum": 720720,
    "selected_fraction_sum": 1384.2590663485835,
    "score_mean_sum": 123105.90368306637,
    "score_min": 1.4609954357147217,
    "score_max": 112.71884155273438,
    "prefill_count": 198,
    "prefill_time_sum_ms": 45860.604189685546,
    "selection_time_sum_ms": 2094.3086005281657,
    "projection_score_time_sum_ms": 12171.765495906584,
    "projection_transfer_time_sum_ms": 0.0,
    "fuse_time_sum_ms": 846.7187387868762,
    "rd_int8_sum": 0,
    "rd_int4_sum": 0,
    "rd_drop_sum": 0,
    "rd_budget_bytes_sum": 0.0,
    "rd_bytes_used_sum": 0.0,
    "rd_effective_bits_sum": 0.0,
    "rd_payload_bytes_sum": 0.0,
    "rd_index_bytes_sum": 0.0,
    "rd_scale_bytes_sum": 0.0,
    "selected_mean": 32.45959595959596,
    "total_mean": 130.0,
    "selected_fraction_mean": 0.24968597877860452,
    "score_mean": 22.20524958208268,
    "prefill_time_mean_ms": 231.61921307921992,
    "selection_time_mean_ms": 0.37776129158155947,
    "projection_score_time_mean_ms": 2.195484396808547,
    "projection_transfer_time_mean_ms": 0.0,
    "fuse_time_mean_ms": 0.15272704523572803,
    "rd_int8_mean": 0.0,
    "rd_int4_mean": 0.0,
    "rd_drop_mean": 0.0,
    "rd_budget_bytes_mean": 0.0,
    "rd_bytes_used_mean": 0.0,
    "rd_effective_bits_mean": 0.0,
    "rd_payload_bytes_mean": 0.0,
    "rd_index_bytes_mean": 0.0,
    "rd_scale_bytes_mean": 0.0
  },
  "length_statistics": {
    "subjects": {
      "SPLIT_0_OF_1": {
        "avg_input_length": 169.0,
        "avg_gen_length": 7.904040404040404,
        "avg_length_ratio": 0.04723472785072674,
        "accuracy": 0.4393939393939394,
        "total_samples": 198
      }
    }
  }
}