{
  "budget_summaries": [
    {
      "best_compression_baseline_accuracy": 0.501953125,
      "best_no_source_accuracy": 0.25,
      "budget_bytes": 4,
      "learned_vs_compression_pass": false,
      "matched_accuracy": 0.275390625,
      "matched_minus_best_compression": -0.2265625,
      "matched_minus_best_no_source": 0.025390625,
      "metrics": {
        "matched_learned_syndrome": {
          "accuracy": 0.275390625,
          "correct": 141,
          "mean_payload_bytes": 4.0,
          "mean_payload_tokens": 1.0,
          "n": 512,
          "p50_latency_ms": 8.167312502337154,
          "p95_latency_ms": 25.651166986790486
        },
        "random_same_byte": {
          "accuracy": 0.2421875,
          "correct": 124,
          "mean_payload_bytes": 4.0,
          "mean_payload_tokens": 1.0,
          "n": 512,
          "p50_latency_ms": 0.42799999937415123,
          "p95_latency_ms": 3.5182499996153638
        },
        "raw_source_sign_sketch": {
          "accuracy": 0.326171875,
          "correct": 167,
          "mean_payload_bytes": 4.0,
          "mean_payload_tokens": 1.0,
          "n": 512,
          "p50_latency_ms": 4.332374999648891,
          "p95_latency_ms": 13.95149999007117
        },
        "relative_canonical_answer_masked_source": {
          "accuracy": 0.232421875,
          "correct": 119,
          "mean_payload_bytes": 4.0,
          "mean_payload_tokens": 1.0,
          "n": 512,
          "p50_latency_ms": 3.947228498873301,
          "p95_latency_ms": 17.657874996075407
        },
        "relative_canonical_constrained_shuffled_source": {
          "accuracy": 0.35546875,
          "correct": 182,
          "mean_payload_bytes": 4.0,
          "mean_payload_tokens": 1.0,
          "n": 512,
          "p50_latency_ms": 4.087041495949961,
          "p95_latency_ms": 17.06079200084787
        },
        "relative_canonical_label_shuffled_ridge": {
          "accuracy": 0.248046875,
          "correct": 127,
          "mean_payload_bytes": 4.0,
          "mean_payload_tokens": 1.0,
          "n": 512,
          "p50_latency_ms": 4.0467079961672425,
          "p95_latency_ms": 16.10333300777711
        },
        "relative_canonical_order_mismatch_source": {
          "accuracy": 0.11328125,
          "correct": 58,
          "mean_payload_bytes": 4.0,
          "mean_payload_tokens": 1.0,
          "n": 512,
          "p50_latency_ms": 4.025437498057727,
          "p95_latency_ms": 17.54258399887476
        },
        "relative_canonical_permuted_score_bytes": {
          "accuracy": 0.189453125,
          "correct": 97,
          "mean_payload_bytes": 4.0,
          "mean_payload_tokens": 1.0,
          "n": 512,
          "p50_latency_ms": 4.035270503663924,
          "p95_latency_ms": 15.995041991118342
        },
        "relative_canonical_random_same_byte": {
          "accuracy": 0.24609375,
          "correct": 126,
          "mean_payload_bytes": 4.0,
          "mean_payload_tokens": 1.0,
          "n": 512,
          "p50_latency_ms": 0.040750004700385034,
          "p95_latency_ms": 0.1346669887425378
        },
        "relative_canonical_score_source": {
          "accuracy": 0.505859375,
          "correct": 259,
          "mean_payload_bytes": 4.0,
          "mean_payload_tokens": 1.0,
          "n": 512,
          "p50_latency_ms": 3.6501665017567575,
          "p95_latency_ms": 14.704750006785616
        },
        "scalar_answer_masked_source": {
          "accuracy": 0.232421875,
          "correct": 119,
          "mean_payload_bytes": 4.0,
          "mean_payload_tokens": 1.0,
          "n": 512,
          "p50_latency_ms": 3.876271002809517,
          "p95_latency_ms": 14.114250006969087
        },
        "scalar_constrained_shuffled_source": {
          "accuracy": 0.16796875,
          "correct": 86,
          "mean_payload_bytes": 4.0,
          "mean_payload_tokens": 1.0,
          "n": 512,
          "p50_latency_ms": 3.7866460043005645,
          "p95_latency_ms": 17.47024999349378
        },
        "scalar_label_shuffled_ridge": {
          "accuracy": 0.25390625,
          "correct": 130,
          "mean_payload_bytes": 4.0,
          "mean_payload_tokens": 1.0,
          "n": 512,
          "p50_latency_ms": 4.1047085032914765,
          "p95_latency_ms": 16.580916999373585
        },
        "scalar_quantized_source": {
          "accuracy": 0.501953125,
          "correct": 257,
          "mean_payload_bytes": 4.0,
          "mean_payload_tokens": 1.0,
          "n": 512,
          "p50_latency_ms": 3.8125414939713664,
          "p95_latency_ms": 14.385041009518318
        },
        "scalar_shuffled_source": {
          "accuracy": 0.224609375,
          "correct": 115,
          "mean_payload_bytes": 4.0,
          "mean_payload_tokens": 1.0,
          "n": 512,
          "p50_latency_ms": 3.9818125005695038,
          "p95_latency_ms": 16.628124998533167
        },
        "target_only": {
          "accuracy": 0.25,
          "correct": 128,
          "mean_payload_bytes": 0.0,
          "mean_payload_tokens": 0.0,
          "n": 512,
          "p50_latency_ms": 0.002458997187204659,
          "p95_latency_ms": 0.0062920007621869445
        },
        "zero_source": {
          "accuracy": 0.25,
          "correct": 128,
          "mean_payload_bytes": 0.0,
          "mean_payload_tokens": 0.0,
          "n": 512,
          "p50_latency_ms": 0.0021875021047890186,
          "p95_latency_ms": 0.005833004252053797
        }
      },
      "pass_gate": false,
      "qjl_controls_ok": false,
      "qjl_minus_best_no_source": null,
      "qjl_minus_scalar": null,
      "qjl_residual_source_accuracy": null,
      "qjl_source_packet_pass": false,
      "relative_canonical_controls_ok": false,
      "relative_canonical_minus_best_no_source": 0.255859375,
      "relative_canonical_minus_scalar": 0.00390625,
      "relative_canonical_score_source_accuracy": 0.505859375,
      "relative_canonical_source_packet_pass": false,
      "relative_controls_ok": false,
      "relative_minus_best_no_source": null,
      "relative_minus_scalar": null,
      "relative_score_source_accuracy": null,
      "relative_source_packet_pass": false,
      "scalar_controls_ok": true,
      "scalar_minus_best_no_source": 0.251953125,
      "scalar_quantized_source_accuracy": 0.501953125,
      "scalar_source_packet_pass": true,
      "target_only_accuracy": 0.25
    }
  ],
  "budgets": [
    4
  ],
  "candidate_pool_recall": 1.0,
  "candidate_view": "slot",
  "candidates": 4,
  "code_projection_sha256": "ecdf2cca90546220df37f713cbae254c39da756040dc798437c99b38fb8abe52",
  "created_utc": "2026-04-29T07:17:06.858842+00:00",
  "encoder_sha256": "24723b6749e25154560d3fc4cf440cf9561203b841d609d28d010bd58d14a694",
  "eval_examples": 512,
  "eval_family_set": "all",
  "eval_seed": 30,
  "exact_id_parity": true,
  "feature_dim": 512,
  "fit_intercept": false,
  "gate": "source_private_tool_trace_compression_baselines",
  "label_shuffle_encoder_sha256": "f2e36f0cb7c9e2773c055796e89e0cc805e55db0d183c8cbae0dc4f6fffb6ada",
  "label_shuffle_seed": 145117,
  "packet_variants": [
    "relative_scores_canonical"
  ],
  "pass_gate": true,
  "pass_rule": "learned syndrome pass: beats target/no-source by >=0.15 and beats best matched-byte compression baseline by >=0.02. Scalar packet pass: scalar quantized source packet beats no-source by >=0.15 and scalar source-destroying controls stay within target_only +0.05. Optional packet variants are reported as comparator/candidate rows and do not change the historical pass gate. Canonical relative-score packets serialize scores by stable public candidate identity and map bytes back at decode time.",
  "prediction_files": {
    "4": "predictions_budget4.jsonl"
  },
  "qjl_residual_projection_sha256": "288d46b5161627973ba4baa257597127e16fe23b013eeb667eaa9122ac6c53ee",
  "relative_score_calibration": {
    "hi": 1.002559869289398,
    "lo": 0.3633824306726456
  },