{
  "llama": {
    "rms_mean_raw": 0.010563541696790387,
    "rms_mean_cal": 0.010570386479444364,
    "embed_rms": 0.010569356381893158,
    "count": 17
  },
  "qwen": {
    "rms_mean_raw": 0.013656054623425007,
    "rms_mean_cal": 0.013641516404116856,
    "embed_rms": 0.013661365956068039,
    "count": 17
  }
}