{
  "llama": {
    "rms_mean_raw": 0.010564429082852952,
    "rms_mean_cal": 0.01057105790823698,
    "embed_rms": 0.010567826218903065,
    "count": 17
  },
  "qwen": {
    "rms_mean_raw": 0.013650598880999228,
    "rms_mean_cal": 0.013641018310890478,
    "embed_rms": 0.01365251000970602,
    "count": 17
  }
}