{
  "model": "Rosetta",
  "dataset": "ai2-arc",
  "answer_method": "generate",
  "overall_accuracy": 0.48484848484848486,
  "subjects": {
    "SPLIT_0_OF_1": 0.48484848484848486
  },
  "kv_transfer_stats": {
    "count": 5544,
    "selected_min": 25,
    "selected_max": 68,
    "selected_sum": 195412,
    "total_sum": 781704,
    "selected_fraction_sum": 1386.1783613663288,
    "score_mean_sum": 35415.45116585493,
    "score_min": 0.22004026174545288,
    "score_max": 38.40785598754883,
    "prefill_count": 198,
    "prefill_time_sum_ms": 36444.87438723445,
    "selection_time_sum_ms": 3286.94515384268,
    "projection_score_time_sum_ms": 0.0,
    "projection_transfer_time_sum_ms": 12323.753366363235,
    "fuse_time_sum_ms": 576.5207062941045,
    "rd_int8_sum": 0,
    "rd_int4_sum": 0,
    "rd_drop_sum": 0,
    "rd_budget_bytes_sum": 0.0,
    "rd_bytes_used_sum": 0.0,
    "rd_effective_bits_sum": 0.0,
    "rd_payload_bytes_sum": 0.0,
    "rd_index_bytes_sum": 0.0,
    "rd_scale_bytes_sum": 0.0,
    "selected_mean": 35.24747474747475,
    "total_mean": 141.0,
    "selected_fraction_mean": 0.25003217196362354,
    "score_mean": 6.388068392109475,
    "prefill_time_mean_ms": 184.06502215774975,
    "selection_time_mean_ms": 0.5928833250076985,
    "projection_score_time_mean_ms": 0.0,
    "projection_transfer_time_mean_ms": 2.222899236357005,
    "fuse_time_mean_ms": 0.10399002638782548,
    "rd_int8_mean": 0.0,
    "rd_int4_mean": 0.0,
    "rd_drop_mean": 0.0,
    "rd_budget_bytes_mean": 0.0,
    "rd_bytes_used_mean": 0.0,
    "rd_effective_bits_mean": 0.0,
    "rd_payload_bytes_mean": 0.0,
    "rd_index_bytes_mean": 0.0,
    "rd_scale_bytes_mean": 0.0
  },
  "length_statistics": {
    "subjects": {
      "SPLIT_0_OF_1": {
        "avg_input_length": 142.0,
        "avg_gen_length": 9.818181818181818,
        "avg_length_ratio": 0.07058948628768405,
        "accuracy": 0.48484848484848486,
        "total_samples": 198
      }
    }
  }
}