{
  "model": "Rosetta",
  "dataset": "ai2-arc",
  "answer_method": "generate",
  "overall_accuracy": 0.3768844221105528,
  "subjects": {
    "SPLIT_0_OF_1": 0.3768844221105528
  },
  "length_statistics": {
    "subjects": {
      "SPLIT_0_OF_1": {
        "avg_input_length": 139.74874371859298,
        "avg_gen_length": 10.93467336683417,
        "avg_length_ratio": 0.07950741624586473,
        "accuracy": 0.3768844221105528,
        "total_samples": 199
      }
    }
  }
}