{
  "model": "Rosetta",
  "dataset": "ai2-arc",
  "answer_method": "generate",
  "overall_accuracy": 0.6082474226804123,
  "subjects": {
    "SPLIT_0_OF_1": 0.6082474226804123
  },
  "kv_transfer_stats": {
    "count": 5432,
    "selected_min": 26,
    "selected_max": 58,
    "selected_sum": 194124,
    "total_sum": 776076,
    "selected_fraction_sum": 1358.6995940077006,
    "score_mean_sum": 95548.34086191654,
    "score_min": 1.3432960510253906,
    "score_max": 88.60650634765625,
    "prefill_count": 194,
    "prefill_time_sum_ms": 35385.99191827234,
    "selection_time_sum_ms": 2136.063863290474,
    "projection_score_time_sum_ms": 11710.5031569954,
    "projection_transfer_time_sum_ms": 0.0,
    "fuse_time_sum_ms": 928.338571335189,
    "rd_int8_sum": 0,
    "rd_int4_sum": 0,
    "rd_drop_sum": 0,
    "rd_budget_bytes_sum": 0.0,
    "rd_bytes_used_sum": 0.0,
    "rd_effective_bits_sum": 0.0,
    "rd_payload_bytes_sum": 0.0,
    "rd_index_bytes_sum": 0.0,
    "rd_scale_bytes_sum": 0.0,
    "selected_mean": 35.73711340206186,
    "total_mean": 142.87113402061857,
    "selected_fraction_mean": 0.25012879123853105,
    "score_mean": 17.589900747775506,
    "prefill_time_mean_ms": 182.4020201972801,
    "selection_time_mean_ms": 0.39323708823462333,
    "projection_score_time_mean_ms": 2.1558363691081373,
    "projection_transfer_time_mean_ms": 0.0,
    "fuse_time_mean_ms": 0.1709017988466843,
    "rd_int8_mean": 0.0,
    "rd_int4_mean": 0.0,
    "rd_drop_mean": 0.0,
    "rd_budget_bytes_mean": 0.0,
    "rd_bytes_used_mean": 0.0,
    "rd_effective_bits_mean": 0.0,
    "rd_payload_bytes_mean": 0.0,
    "rd_index_bytes_mean": 0.0,
    "rd_scale_bytes_mean": 0.0
  },
  "length_statistics": {
    "subjects": {
      "SPLIT_0_OF_1": {
        "avg_input_length": 143.87113402061857,
        "avg_gen_length": 9.082474226804123,
        "avg_length_ratio": 0.06420226375595536,
        "accuracy": 0.6082474226804123,
        "total_samples": 194
      }
    }
  }
}