row_id,content_id,answer_index,full_prompt_prediction,frozen_target_slots_prediction,source_hidden_residual_prediction,source_top1_prediction,source_top1_or_top2_oracle_prediction,source_hidden_residual_kl_to_full,frozen_target_slots_kl_to_full,source_hidden_residual_rms,source_feature_norm
1053,dea5c7dffcfee73cb1338e2cb8a424ae1f05fabb44a805af3aea6d667833c0be,3,0,2,2,0,3,0.0784168282087738,0.06373391753640692,0.0006416699616238475,2.4141470090007253
1065,6bd52d891b0f859d952752bd4c12c386312a986cbca9c34dba103899a0373c8d,3,3,2,2,2,3,0.09390314251286647,0.10222743518657482,0.000653566385153681,2.225043995206034
1066,512157fbdf60523d59b8a9271350a7416c15a7685989049df12b2319aaeb6e84,0,0,0,0,0,0,0.0036784082426297715,0.005038679823864245,0.0006602468201890588,2.3229282312651063
1067,36442414c9b9f1bd2e87efb9f0901014effebc719693391cf9e562d4839acdd0,1,3,3,3,3,3,0.005993417901802078,0.007200934851753965,0.0006780793191865087,2.3168463366040735
1084,c9a3a98fd3cbf9165fb58eca4386c2f878eae94628ad123e409c59ab520dc572,0,2,1,2,2,0,0.01513219297867252,0.016995444728679837,0.0006568209500983357,2.2140249107312298
1085,9f2cc51e9c60af80750652fa43483466632f510eb022222bae00682274e3f3c1,1,3,0,0,0,0,0.14537127272452438,0.137002810745012,0.0006502798642031848,2.3551932829038935
1087,c668ba92de2c5095f2d7b8be582c385114003eefc734a97f7e66ce9a64c200a7,1,0,1,1,0,0,0.08917511731332411,0.086565383113515,0.000651060021482408,2.202803461279613
1112,f9185f8a23fa0e2d520a4d33a9d2dabebbd29e5e4aa59d5192433633c6d9d3fb,0,1,0,0,1,0,0.6685195886584387,0.6517119475017688,0.0006713169859722257,2.1989213788561575
