{
  "model": "Rosetta",
  "dataset": "ai2-arc",
  "answer_method": "generate",
  "overall_accuracy": 0.5380710659898477,
  "subjects": {
    "SPLIT_0_OF_1": 0.5380710659898477
  },
  "length_statistics": {
    "subjects": {
      "SPLIT_0_OF_1": {
        "avg_input_length": 140.4263959390863,
        "avg_gen_length": 8.852791878172589,
        "avg_length_ratio": 0.06473150837135964,
        "accuracy": 0.5380710659898477,
        "total_samples": 197
      }
    }
  }
}