{
  "model": "Rosetta",
  "dataset": "ai2-arc",
  "answer_method": "generate",
  "overall_accuracy": 0.5233160621761658,
  "subjects": {
    "SPLIT_0_OF_1": 0.5233160621761658
  },
  "length_statistics": {
    "subjects": {
      "SPLIT_0_OF_1": {
        "avg_input_length": 141.0984455958549,
        "avg_gen_length": 9.181347150259068,
        "avg_length_ratio": 0.06710642479321552,
        "accuracy": 0.5233160621761658,
        "total_samples": 193
      }
    }
  }
}