{
  "model": "Rosetta",
  "dataset": "ai2-arc",
  "answer_method": "generate",
  "overall_accuracy": 0.5257731958762887,
  "subjects": {
    "SPLIT_0_OF_1": 0.5257731958762887
  },
  "length_statistics": {
    "subjects": {
      "SPLIT_0_OF_1": {
        "avg_input_length": 143.87113402061857,
        "avg_gen_length": 10.015463917525773,
        "avg_length_ratio": 0.07112091646271684,
        "accuracy": 0.5257731958762887,
        "total_samples": 194
      }
    }
  }
}