{
  "llama": {
    "rms_mean_raw": 0.01055328293038266,
    "rms_mean_cal": 0.010570971162191458,
    "embed_rms": 0.010568301193416119,
    "count": 350
  },
  "qwen": {
    "rms_mean_raw": 0.01364112368917891,
    "rms_mean_cal": 0.013641325224723135,
    "embed_rms": 0.013638017699122429,
    "count": 350
  }
}