group,model,EM,F1,NLL/token,wall_clock_sec,compression,payload_bytes,samples,M,token_budget_mode,token_budget_k,dataset
text,llama,0.5625,0.7909989729439809,12.45985620746975,61.10987210273743,7.668359375,5840,400,32,content_only,32,squad
text,qwen,0.625,0.8187413621093965,24.665170413293474,61.10987210273743,7.240546875,5840,400,32,content_only,32,squad
latent,llama,0.0,0.0029393196672608435,9.952085258508617,71.40234375,7.668359375,5840,400,32,content_only,32,squad
latent,qwen,0.0,0.014466966212322251,9.68157445447839,71.40234375,7.240546875,5840,400,32,content_only,32,squad
token_budget,llama,0.005,0.03870520428256327,,50.964311838150024,7.668359375,5840,400,32,content_only,32,squad
token_budget,qwen,0.0375,0.09191796602090718,,50.964311838150024,7.240546875,5840,400,32,content_only,32,squad
joint,both,0.0,0.011370382971002166,,,,5840,400,32,content_only,32,squad
