benchmark,split,budget_bytes,framed_bytes,seed_count,packet_accuracy_mean,packet_accuracy_min,packet_accuracy_max
ARC-Challenge,test,2,5,5,0.34215017064846415,0.33532423208191126,0.3447098976109215
ARC-Challenge,test,3,6,5,0.34215017064846415,0.33532423208191126,0.3447098976109215
ARC-Challenge,test,4,7,5,0.34368600682593853,0.34044368600682595,0.3464163822525597
ARC-Challenge,test,8,11,5,0.34368600682593853,0.34215017064846415,0.3455631399317406
OpenBookQA,test,2,5,5,0.37839999999999996,0.378,0.38
OpenBookQA,test,3,6,5,0.37839999999999996,0.378,0.38
OpenBookQA,test,4,7,5,0.378,0.378,0.378
OpenBookQA,test,8,11,5,0.378,0.378,0.378
