{
  "model_name": "distilgpt2",
  "n_traces": 48,
  "n_samples": 18858,
  "sink_tokens": 4,
  "train_fraction": 0.5,
  "validation_fraction": 0.2,
  "selected_rank2_heads": 19,
  "total_layer_heads": 72,
  "selected_fraction": 0.2638888888888889,
  "validation_summary": {
    "position": {
      "sink_logit_rmse": 1171.716274704956,
      "sink_mass_mae": 0.07970064895094693,
      "attention_l1": 0.1713908044890432,
      "output_rel_l2": 0.17450976894854622
    },
    "rank1": {
      "sink_logit_rmse": 1054.0622935712686,
      "sink_mass_mae": 0.07180433357369123,
      "attention_l1": 0.15369612368892313,
      "output_rel_l2": 0.1639122960558157
    },
    "rank2": {
      "sink_logit_rmse": 966.2888784306227,
      "sink_mass_mae": 0.05458232821151817,
      "attention_l1": 0.12027553149844895,
      "output_rel_l2": 0.1343746169792941
    },
    "rank4": {
      "sink_logit_rmse": 797.6582054148986,
      "sink_mass_mae": 0.04373893557539863,
      "attention_l1": 0.09908103108920047,
      "output_rel_l2": 0.11408027047470488
    },
    "rank8": {
      "sink_logit_rmse": 626.8873832747142,
      "sink_mass_mae": 0.03499914679766618,
      "attention_l1": 0.0810760336383386,
      "output_rel_l2": 0.09627759597088627
    },
    "static": {
      "sink_logit_rmse": 1208.9954355893844,
      "sink_mass_mae": 0.1020897552690854,
      "attention_l1": 0.21858593676956978,
      "output_rel_l2": 0.19781293931744484
    }
  },
  "test_summary": {
    "position": {
      "sink_logit_rmse": 1200.1445681656069,
      "sink_mass_mae": 0.07650014774582924,
      "attention_l1": 0.17768344160194355,
      "output_rel_l2": 0.1723821298016101
    },
    "rank1": {
      "sink_logit_rmse": 1077.2549110672085,
      "sink_mass_mae": 0.06717567530437185,
      "attention_l1": 0.15815357031626098,
      "output_rel_l2": 0.16155558813931617
    },
    "rank2": {
      "sink_logit_rmse": 998.6717060087594,
      "sink_mass_mae": 0.054639945915550485,
      "attention_l1": 0.1351248222291861,
      "output_rel_l2": 0.14187775114976822
    },
    "rank4": {
      "sink_logit_rmse": 836.53227847705,
      "sink_mass_mae": 0.04417979994039027,
      "attention_l1": 0.11428605025076373,
      "output_rel_l2": 0.12252464773266585
    },
    "rank8": {
      "sink_logit_rmse": 704.718791207489,
      "sink_mass_mae": 0.039452065110263224,
      "attention_l1": 0.10440722125976623,
      "output_rel_l2": 0.1076365014482344
    },
    "static": {
      "sink_logit_rmse": 1231.6184716782582,
      "sink_mass_mae": 0.0962588503962913,
      "attention_l1": 0.21880065586384134,
      "output_rel_l2": 0.19433010895671038
    }
  },
  "test_head_selective_rank2": {
    "sink_logit_rmse": 935.0707283968469,
    "sink_mass_mae": 0.056548869339000475,
    "attention_l1": 0.13837001782478317,
    "output_rel_l2": 0.2035449470990755
  },
  "heldout_output_rel_l2_improvement_vs_position": -0.031162817297465395,
  "heldout_output_rel_l2_margin_vs_all_rank2": -0.06166719594930728,
  "selected_heads": {
    "0": [
      0,
      1,
      2,
      3,
      4,
      5,
      6,
      8,
      9,
      10,
      11
    ],
    "1": [
      5,
      6,
      8,
      9,
      10
    ],
    "2": [
      11
    ],
    "3": [
      10
    ],
    "4": [],
    "5": [
      4
    ]
  },
  "status": "WEAKENED; validation-selected rank-2 heads do not improve held-out output drift."
}
