{
  "model_names": [
    "distilgpt2",
    "facebook/opt-125m"
  ],
  "max_traces": 48,
  "max_length": 64,
  "sink_tokens": 4,
  "train_fraction": 0.67,
  "seeds": [
    0,
    1,
    2
  ],
  "model_results": [
    {
      "model_name": "distilgpt2",
      "model_family": "gpt2",
      "seed_rows": [
        {
          "seed": 0,
          "train_traces": 32,
          "test_traces": 16,
          "train_trace_indices": [
            44,
            22,
            29,
            18,
            23,
            20,
            19,
            41,
            25,
            39,
            4,
            2,
            36,
            32,
            1,
            13,
            40,
            10,
            15,
            33,
            26,
            3,
            31,
            27,
            21,
            30,
            35,
            0,
            37,
            38,
            14,
            12
          ],
          "test_trace_indices": [
            5,
            6,
            28,
            43,
            46,
            45,
            9,
            8,
            42,
            7,
            11,
            47,
            24,
            17,
            34,
            16
          ],
          "train_samples": 11496,
          "summary": {
            "position": {
              "sink_logit_rmse": 1.3693822706629657,
              "sink_mass_mae": 0.05188963311063416,
              "attention_l1": 0.13409115787271061,
              "output_rel_l2": 0.1521118243455225
            },
            "rank2": {
              "sink_logit_rmse": 1.193472387293245,
              "sink_mass_mae": 0.04083585020378017,
              "attention_l1": 0.10658765565287993,
              "output_rel_l2": 0.12380298553767603
            }
          },
          "paired_head_vs_position": {
            "rank2": {
              "sink_logit_rmse_improvement_mean": 0.13270750195372702,
              "sink_logit_rmse_improvement_ci95": 0.046825765001919935,
              "sink_logit_rmse_win_rate": 0.9861111111111112,
              "sink_mass_mae_improvement_mean": 0.011053782988379873,
              "sink_mass_mae_improvement_ci95": 0.002846695117133182,
              "sink_mass_mae_win_rate": 0.9027777777777778,
              "attention_l1_improvement_mean": 0.027503502318826575,
              "attention_l1_improvement_ci95": 0.006583342573797261,
              "attention_l1_win_rate": 0.9722222222222222,
              "output_rel_l2_improvement_mean": 0.03693402287693165,
              "output_rel_l2_improvement_ci95": 0.010716848375273742,
              "output_rel_l2_win_rate": 0.9722222222222222,
              "n_layer_heads": 72
            }
          },
          "output_rel_l2_improvement_vs_position": 0.028308838807846473,
          "sink_mass_mae_improvement_vs_position": 0.011053782906853986,
          "attention_l1_improvement_vs_position": 0.02750350221983068
        },
        {
          "seed": 1,
          "train_traces": 32,
          "test_traces": 16,
          "train_trace_indices": [
            37,
            12,
            14,
            26,
            7,
            11,
            41,
            40,
            47,
            18,
            4,
            44,
            10,
            46,
            15,
            21,
            22,
            36,
            20,
            45,
            30,
            17,
            1,
            27,
            23,
            9,
            3,
            29,
            0,
            33,
            5,
            6
          ],
          "test_trace_indices": [
            39,
            2,
            43,
            8,
            35,
            32,
            16,
            31,
            19,
            42,
            24,
            13,
            28,
            38,
            34,
            25
          ],
          "train_samples": 11472,
          "summary": {
            "position": {
              "sink_logit_rmse": 1.358698548059437,
              "sink_mass_mae": 0.051448896894499385,
              "attention_l1": 0.1337998428486433,
              "output_rel_l2": 0.15360557178774337
            },
            "rank2": {
              "sink_logit_rmse": 1.1714526270946033,
              "sink_mass_mae": 0.039647873622710446,
              "attention_l1": 0.10441163733931799,
              "output_rel_l2": 0.12242424595181077
            }
          },
          "paired_head_vs_position": {
            "rank2": {
              "sink_logit_rmse_improvement_mean": 0.14021793568522947,
              "sink_logit_rmse_improvement_ci95": 0.04957112674071522,
              "sink_logit_rmse_win_rate": 1.0,
              "sink_mass_mae_improvement_mean": 0.011801023234542565,
              "sink_mass_mae_improvement_ci95": 0.002748394566592551,
              "sink_mass_mae_win_rate": 0.9305555555555556,
              "attention_l1_improvement_mean": 0.029388205824141707,
              "attention_l1_improvement_ci95": 0.006418939079130699,
              "attention_l1_win_rate": 0.9861111111111112,
              "output_rel_l2_improvement_mean": 0.04082361383783577,
              "output_rel_l2_improvement_ci95": 0.010656868306127651,
              "output_rel_l2_win_rate": 0.9861111111111112,
              "n_layer_heads": 72
            }
          },
          "output_rel_l2_improvement_vs_position": 0.031181325835932597,
          "sink_mass_mae_improvement_vs_position": 0.01180102327178894,
          "attention_l1_improvement_vs_position": 0.029388205509325305
        },
        {
          "seed": 2,
          "train_traces": 32,
          "test_traces": 16,
          "train_trace_indices": [
            24,
            7,
            11,
            12,
            26,
            1,
            3,
            46,
            8,
            33,
            4,
            5,
            23,
            38,
            47,
            20,
            14,
            36,
            44,
            25,
            18,
            0,
            9,
            34,
            43,
            19,
            15,
            42,
            16,
            31,
            35,
            21
          ],
          "test_trace_indices": [
            27,
            10,
            32,
            28,
            30,
            22,
            41,
            17,
            37,
            2,
            13,
            45,
            39,
            6,
            40,
            29
          ],
          "train_samples": 11490,
          "summary": {
            "position": {
              "sink_logit_rmse": 1.3391478106660664,
              "sink_mass_mae": 0.05112561325705008,
              "attention_l1": 0.13300306618016455,
              "output_rel_l2": 0.15642083468303541
            },
            "rank2": {
              "sink_logit_rmse": 1.1277278822089807,
              "sink_mass_mae": 0.039218469458787715,
              "attention_l1": 0.1030929950339255,
              "output_rel_l2": 0.12418593409139947
            }
          },
          "paired_head_vs_position": {
            "rank2": {
              "sink_logit_rmse_improvement_mean": 0.1570007773994837,
              "sink_logit_rmse_improvement_ci95": 0.05371041816037533,
              "sink_logit_rmse_win_rate": 1.0,
              "sink_mass_mae_improvement_mean": 0.011907143757428105,
              "sink_mass_mae_improvement_ci95": 0.0027857886141448495,
              "sink_mass_mae_win_rate": 0.9444444444444444,
              "attention_l1_improvement_mean": 0.02991007131666692,
              "attention_l1_improvement_ci95": 0.006426793798724033,
              "attention_l1_win_rate": 1.0,
              "output_rel_l2_improvement_mean": 0.04166145458067629,
              "output_rel_l2_improvement_ci95": 0.010736029158997835,
              "output_rel_l2_win_rate": 1.0,
              "n_layer_heads": 72
            }
          },