{
  "model_name": "distilgpt2",
  "max_traces": 48,
  "max_length": 96,
  "sink_tokens": 4,
  "train_fraction": 0.67,
  "seeds": [
    0,
    1,
    2
  ],
  "seed_rows": [
    {
      "seed": 0,
      "train_trace_indices": [
        44,
        22,
        29,
        18,
        23,
        20,
        19,
        41,
        25,
        39,
        4,
        2,
        36,
        32,
        1,
        13,
        40,
        10,
        15,
        33,
        26,
        3,
        31,
        27,
        21,
        30,
        35,
        0,
        37,
        38,
        14,
        12
      ],
      "test_trace_indices": [
        5,
        6,
        28,
        43,
        46,
        45,
        9,
        8,
        42,
        7,
        11,
        47,
        24,
        17,
        34,
        16
      ],
      "train_traces": 32,
      "test_traces": 16,
      "train_samples": 12624,
      "train_samples_per_layer_mean": 2104,
      "summary": {
        "position": {
          "sink_logit_rmse": 1171.9557208616,
          "sink_mass_mae": 0.07844789578000541,
          "attention_l1": 0.17456652906137451,
          "output_rel_l2": 0.17526036586611637
        },
        "rank2": {
          "sink_logit_rmse": 956.0494533068751,
          "sink_mass_mae": 0.055666418497272226,
          "attention_l1": 0.12709222302917164,
          "output_rel_l2": 0.13603817017085557
        }
      },
      "paired_head_vs_position": {
        "rank2": {
          "sink_logit_rmse_improvement_mean": 184.59393161875136,
          "sink_logit_rmse_improvement_ci95": 56.072192500398344,
          "sink_logit_rmse_win_rate": 1.0,
          "sink_mass_mae_improvement_mean": 0.022781477340058368,
          "sink_mass_mae_improvement_ci95": 0.01880929856381139,
          "sink_mass_mae_win_rate": 0.3055555555555556,
          "attention_l1_improvement_mean": 0.04747430584847273,
          "attention_l1_improvement_ci95": 0.03745059103805954,
          "attention_l1_win_rate": 0.2916666666666667,
          "output_rel_l2_improvement_mean": 0.047216630289155494,
          "output_rel_l2_improvement_ci95": 0.04405495422915905,
          "output_rel_l2_win_rate": 0.2916666666666667,
          "n_layer_heads": 72
        }
      },
      "output_rel_l2_improvement_vs_position": 0.03922219569526081,
      "sink_mass_mae_improvement_vs_position": 0.022781477282733185,
      "attention_l1_improvement_vs_position": 0.04747430603220287
    },
    {
      "seed": 1,
      "train_trace_indices": [
        37,
        12,
        14,
        26,
        7,
        11,
        41,
        40,
        47,
        18,
        4,
        44,
        10,
        46,
        15,
        21,
        22,
        36,
        20,
        45,
        30,
        17,
        1,
        27,
        23,
        9,
        3,
        29,
        0,
        33,
        5,
        6
      ],
      "test_trace_indices": [
        39,
        2,
        43,
        8,
        35,
        32,
        16,
        31,
        19,
        42,
        24,
        13,
        28,
        38,
        34,
        25
      ],
      "train_traces": 32,
      "test_traces": 16,
      "train_samples": 12606,
      "train_samples_per_layer_mean": 2101,
      "summary": {
        "position": {
          "sink_logit_rmse": 1152.8194395442538,
          "sink_mass_mae": 0.07768641641183183,
          "attention_l1": 0.16987031135139624,
          "output_rel_l2": 0.17528472642571766
        },
        "rank2": {
          "sink_logit_rmse": 927.4329531961957,
          "sink_mass_mae": 0.05603698041838521,
          "attention_l1": 0.1242301893189591,
          "output_rel_l2": 0.13744031878509722
        }
      },
      "paired_head_vs_position": {
        "rank2": {
          "sink_logit_rmse_improvement_mean": 191.9083313041109,
          "sink_logit_rmse_improvement_ci95": 56.36073049414614,
          "sink_logit_rmse_win_rate": 1.0,
          "sink_mass_mae_improvement_mean": 0.02164943591092883,
          "sink_mass_mae_improvement_ci95": 0.0177274722676954,
          "sink_mass_mae_win_rate": 0.3194444444444444,
          "attention_l1_improvement_mean": 0.04564012192214767,
          "attention_l1_improvement_ci95": 0.03560673871650714,
          "attention_l1_win_rate": 0.3055555555555556,
          "output_rel_l2_improvement_mean": 0.04482055032862447,
          "output_rel_l2_improvement_ci95": 0.03943516290930827,
          "output_rel_l2_win_rate": 0.2638888888888889,
          "n_layer_heads": 72
        }
      },
      "output_rel_l2_improvement_vs_position": 0.03784440764062044,
      "sink_mass_mae_improvement_vs_position": 0.021649435993446618,
      "attention_l1_improvement_vs_position": 0.04564012203243714
    },
    {
      "seed": 2,
      "train_trace_indices": [
        24,
        7,
        11,
        12,
        26,
        1,
        3,
        46,
        8,
        33,
        4,
        5,
        23,
        38,
        47,
        20,
        14,
        36,
        44,
        25,
        18,
        0,
        9,
        34,
        43,
        19,
        15,
        42,
        16,
        31,
        35,
        21
      ],
      "test_trace_indices": [
        27,
        10,
        32,
        28,
        30,
        22,
        41,
        17,
        37,
        2,
        13,
        45,
        39,
        6,
        40,
        29
      ],
      "train_traces": 32,
      "test_traces": 16,
      "train_samples": 12534,
      "train_samples_per_layer_mean": 2089,
      "summary": {
        "position": {
          "sink_logit_rmse": 1156.2757449263563,
          "sink_mass_mae": 0.07758492119273186,
          "attention_l1": 0.16845967014791785,
          "output_rel_l2": 0.1706823352700679
        },
        "rank2": {
          "sink_logit_rmse": 928.1902614797428,
          "sink_mass_mae": 0.05611759985258731,
          "attention_l1": 0.12342226075600077,
          "output_rel_l2": 0.13398359154825695
        }
      },
      "paired_head_vs_position": {
        "rank2": {
          "sink_logit_rmse_improvement_mean": 193.50975663349456,
          "sink_logit_rmse_improvement_ci95": 57.54762221016077,
          "sink_logit_rmse_win_rate": 0.9861111111111112,
          "sink_mass_mae_improvement_mean": 0.021467321484555976,
          "sink_mass_mae_improvement_ci95": 0.01815191299715043,
          "sink_mass_mae_win_rate": 0.3055555555555556,
          "attention_l1_improvement_mean": 0.04503740923392817,
          "attention_l1_improvement_ci95": 0.036172015968576735,
          "attention_l1_win_rate": 0.2916666666666667,
          "output_rel_l2_improvement_mean": 0.044677158180939196,
          "output_rel_l2_improvement_ci95": 0.03741556105906521,
          "output_rel_l2_win_rate": 0.2777777777777778,
          "n_layer_heads": 72
        }
      },
      "output_rel_l2_improvement_vs_position": 0.03669874372181095,
      "sink_mass_mae_improvement_vs_position": 0.02146732134014455,
      "attention_l1_improvement_vs_position": 0.04503740939191708
    }
  ],
  "aggregate": {
    "output_rel_l2_improvement_vs_position": {
      "mean": 0.03792178235256407,
      "ci95": 0.0014297894824757851
    },
    "sink_mass_mae_improvement_vs_position": {
      "mean": 0.021966078205441452,
      "ci95": 0.000805707167910974
    },
    "attention_l1_improvement_vs_position": {
      "mean": 0.04605061248551903,
      "ci95": 0.0014362904954282924
    },
    "output_rel_l2_head_win_rate": {
      "mean": 0.2777777777777778,
      "ci95": 0.01571675732793982
    },
    "all_trace_splits_rank2_beats_position": {
      "value": true,
      "n": 3
    },
    "min_output_rel_l2_improvement": {
      "value": 0.03669874372181095
    }
  },
  "status": "ALIVE but bounded; all-head rank-2 beats position-only across trace-level frozen splits."
}
