{
  "model_names": [
    "distilgpt2",
    "facebook/opt-125m"
  ],
  "max_traces": 12,
  "max_length": 64,
  "sink_tokens": 4,
  "train_fraction": 0.67,
  "seeds": [
    0
  ],
  "model_results": [
    {
      "model_name": "distilgpt2",
      "model_family": "gpt2",
      "seed_rows": [
        {
          "seed": 0,
          "train_traces": 8,
          "test_traces": 4,
          "train_trace_indices": [
            8,
            0,
            5,
            9,
            7,
            4,
            2,
            10
          ],
          "test_trace_indices": [
            3,
            1,
            11,
            6
          ],
          "train_samples": 2874,
          "summary": {
            "position": {
              "sink_logit_rmse": 1.2772830838491436,
              "sink_mass_mae": 0.051968560341488244,
              "attention_l1": 0.1352831706924741,
              "output_rel_l2": 0.16022285637299813
            },
            "rank2": {
              "sink_logit_rmse": 1.0209437729711206,
              "sink_mass_mae": 0.04061124288938685,
              "attention_l1": 0.10577056119669537,
              "output_rel_l2": 0.1272765099703788
            }
          },
          "paired_head_vs_position": {
            "rank2": {
              "sink_logit_rmse_improvement_mean": 0.1806056936909838,
              "sink_logit_rmse_improvement_ci95": 0.06316879722362466,
              "sink_logit_rmse_win_rate": 1.0,
              "sink_mass_mae_improvement_mean": 0.011357317543994317,
              "sink_mass_mae_improvement_ci95": 0.0028305354698019082,
              "sink_mass_mae_win_rate": 0.9305555555555556,
              "attention_l1_improvement_mean": 0.029512609758299564,
              "attention_l1_improvement_ci95": 0.00656432260728968,
              "attention_l1_win_rate": 0.9722222222222222,
              "output_rel_l2_improvement_mean": 0.03983975375296226,
              "output_rel_l2_improvement_ci95": 0.01137866405786445,
              "output_rel_l2_win_rate": 0.9583333333333334,
              "n_layer_heads": 72
            }
          },
          "output_rel_l2_improvement_vs_position": 0.03294634640261934,
          "sink_mass_mae_improvement_vs_position": 0.011357317452101397,
          "attention_l1_improvement_vs_position": 0.02951260949577872
        }
      ],
      "aggregate": {
        "output_rel_l2_improvement_vs_position": {
          "mean": 0.03294634640261934,
          "ci95": 0.0
        },
        "sink_mass_mae_improvement_vs_position": {
          "mean": 0.011357317452101397,
          "ci95": 0.0
        },
        "attention_l1_improvement_vs_position": {
          "mean": 0.02951260949577872,
          "ci95": 0.0
        },
        "output_rel_l2_head_win_rate": {
          "mean": 0.9583333333333334,
          "ci95": 0.0
        },
        "all_seeds_rank2_beats_position": {
          "value": true,
          "n": 1
        },
        "min_output_rel_l2_improvement": {
          "value": 0.03294634640261934
        }
      },
      "status": "ALIVE but bounded on this model; rank-2 beats position-only across held-out trace splits."
    },
    {
      "model_name": "facebook/opt-125m",
      "model_family": "opt",
      "seed_rows": [
        {
          "seed": 0,
          "train_traces": 8,
          "test_traces": 4,
          "train_trace_indices": [
            8,
            0,
            5,
            9,
            7,
            4,
            2,
            10
          ],
          "test_trace_indices": [
            3,
            1,
            11,
            6
          ],
          "train_samples": 5760,
          "summary": {
            "position": {
              "sink_logit_rmse": 1.174535160453607,
              "sink_mass_mae": 0.08964754491136244,
              "attention_l1": 0.2010018948492006,
              "output_rel_l2": 0.35618409841777166
            },
            "rank2": {
              "sink_logit_rmse": 0.9407653541958079,
              "sink_mass_mae": 0.07109223406709043,
              "attention_l1": 0.1586533329555276,
              "output_rel_l2": 0.28527831557662564
            }
          },
          "paired_head_vs_position": {
            "rank2": {
              "sink_logit_rmse_improvement_mean": 0.2012128091921444,
              "sink_logit_rmse_improvement_ci95": 0.026756353582188305,
              "sink_logit_rmse_win_rate": 1.0,
              "sink_mass_mae_improvement_mean": 0.018555310765546805,
              "sink_mass_mae_improvement_ci95": 0.004588289315440762,
              "sink_mass_mae_win_rate": 0.8958333333333334,
              "attention_l1_improvement_mean": 0.04234856193027814,
              "attention_l1_improvement_ci95": 0.0095359895141233,
              "attention_l1_win_rate": 0.9236111111111112,
              "output_rel_l2_improvement_mean": 0.09034652953119895,
              "output_rel_l2_improvement_ci95": 0.01934931299052868,
              "output_rel_l2_win_rate": 0.9305555555555556,
              "n_layer_heads": 144
            }
          },
          "output_rel_l2_improvement_vs_position": 0.07090578284114601,
          "sink_mass_mae_improvement_vs_position": 0.018555310844272005,
          "attention_l1_improvement_vs_position": 0.042348561893673003
        }
      ],
      "aggregate": {
        "output_rel_l2_improvement_vs_position": {
          "mean": 0.07090578284114601,
          "ci95": 0.0
        },
        "sink_mass_mae_improvement_vs_position": {
          "mean": 0.018555310844272005,
          "ci95": 0.0
        },
        "attention_l1_improvement_vs_position": {
          "mean": 0.042348561893673003,
          "ci95": 0.0
        },
        "output_rel_l2_head_win_rate": {
          "mean": 0.9305555555555556,
          "ci95": 0.0
        },
        "all_seeds_rank2_beats_position": {
          "value": true,
          "n": 1
        },
        "min_output_rel_l2_improvement": {
          "value": 0.07090578284114601
        }
      },
      "status": "ALIVE but bounded on this model; rank-2 beats position-only across held-out trace splits."
    }
  ],
  "aggregate": {
    "output_rel_l2_improvement_across_models": {
      "mean": 0.05192606462188268,
      "ci95": 0.037200247709756135
    },
    "all_models_positive": {
      "value": true,
      "n": 2
    },
    "min_model_output_rel_l2_improvement": {
      "value": 0.03294634640261934
    }
  },
  "status": "ALIVE but bounded; rank-2 survives the small held-out/cross-family falsification smoke gate."
}
