{
  "model_names": [
    "distilgpt2",
    "facebook/opt-125m"
  ],
  "max_traces": 24,
  "max_length": 64,
  "sink_tokens": 4,
  "train_fraction": 0.67,
  "seeds": [
    0,
    1,
    2
  ],
  "model_results": [
    {
      "model_name": "distilgpt2",
      "model_family": "gpt2",
      "seed_rows": [
        {
          "seed": 0,
          "train_traces": 16,
          "test_traces": 8,
          "train_trace_indices": [
            20,
            5,
            3,
            12,
            7,
            2,
            13,
            17,
            4,
            1,
            19,
            22,
            9,
            18,
            11,
            8
          ],
          "test_trace_indices": [
            16,
            10,
            0,
            14,
            15,
            23,
            21,
            6
          ],
          "train_samples": 5754,
          "summary": {
            "position": {
              "sink_logit_rmse": 1.2896489618678804,
              "sink_mass_mae": 0.05209061740530831,
              "attention_l1": 0.13613037136907305,
              "output_rel_l2": 0.161915677603866
            },
            "rank2": {
              "sink_logit_rmse": 1.0106404716602189,
              "sink_mass_mae": 0.040694497027447506,
              "attention_l1": 0.1061964111485153,
              "output_rel_l2": 0.12715653294688234
            }
          },
          "paired_head_vs_position": {
            "rank2": {
              "sink_logit_rmse_improvement_mean": 0.19469513854402018,
              "sink_logit_rmse_improvement_ci95": 0.06619289735812423,
              "sink_logit_rmse_win_rate": 1.0,
              "sink_mass_mae_improvement_mean": 0.011396120462212351,
              "sink_mass_mae_improvement_ci95": 0.00270233914300353,
              "sink_mass_mae_win_rate": 0.9305555555555556,
              "attention_l1_improvement_mean": 0.029933960200029693,
              "attention_l1_improvement_ci95": 0.006415971195419667,
              "attention_l1_win_rate": 0.9861111111111112,
              "output_rel_l2_improvement_mean": 0.044498467978614974,
              "output_rel_l2_improvement_ci95": 0.012344327200968763,
              "output_rel_l2_win_rate": 0.9722222222222222,
              "n_layer_heads": 72
            }
          },
          "output_rel_l2_improvement_vs_position": 0.034759144656983654,
          "sink_mass_mae_improvement_vs_position": 0.0113961203778608,
          "attention_l1_improvement_vs_position": 0.029933960220557748
        },
        {
          "seed": 1,
          "train_traces": 16,
          "test_traces": 8,
          "train_trace_indices": [
            13,
            2,
            18,
            20,
            7,
            6,
            17,
            23,
            4,
            21,
            14,
            11,
            16,
            1,
            5,
            15
          ],
          "test_trace_indices": [
            22,
            3,
            10,
            0,
            12,
            9,
            19,
            8
          ],
          "train_samples": 5718,
          "summary": {
            "position": {
              "sink_logit_rmse": 1.3147088170775938,
              "sink_mass_mae": 0.05072350202697433,
              "attention_l1": 0.13257412687914136,
              "output_rel_l2": 0.15659386640957867
            },
            "rank2": {
              "sink_logit_rmse": 1.008177731765641,
              "sink_mass_mae": 0.03895765424757782,
              "attention_l1": 0.10117417973880138,
              "output_rel_l2": 0.12137046716557556
            }
          },
          "paired_head_vs_position": {
            "rank2": {
              "sink_logit_rmse_improvement_mean": 0.21713913820702282,
              "sink_logit_rmse_improvement_ci95": 0.07126404264732064,
              "sink_logit_rmse_win_rate": 1.0,
              "sink_mass_mae_improvement_mean": 0.011765847713973225,
              "sink_mass_mae_improvement_ci95": 0.0026972383986555493,
              "sink_mass_mae_win_rate": 0.9444444444444444,
              "attention_l1_improvement_mean": 0.03139994715837292,
              "attention_l1_improvement_ci95": 0.006580585244684476,
              "attention_l1_win_rate": 0.9861111111111112,
              "output_rel_l2_improvement_mean": 0.04783797050312581,
              "output_rel_l2_improvement_ci95": 0.012620954147910762,
              "output_rel_l2_win_rate": 0.9583333333333334,
              "n_layer_heads": 72
            }
          },
          "output_rel_l2_improvement_vs_position": 0.03522339924400311,
          "sink_mass_mae_improvement_vs_position": 0.011765847779396509,
          "attention_l1_improvement_vs_position": 0.03139994714033997
        },
        {
          "seed": 2,
          "train_traces": 16,
          "test_traces": 8,
          "train_trace_indices": [
            0,
            19,
            7,
            12,
            22,
            11,
            6,
            4,
            16,
            15,
            3,
            9,
            23,
            10,
            1,
            17
          ],
          "test_trace_indices": [
            13,
            20,
            5,
            14,
            18,
            21,
            8,
            2
          ],
          "train_samples": 5718,
          "summary": {
            "position": {
              "sink_logit_rmse": 1.3419511852682464,
              "sink_mass_mae": 0.05070778367500882,
              "attention_l1": 0.13284717622510572,
              "output_rel_l2": 0.15716520015784124
            },
            "rank2": {
              "sink_logit_rmse": 1.0781275385266378,
              "sink_mass_mae": 0.03910570670236161,
              "attention_l1": 0.10345200231369947,
              "output_rel_l2": 0.12491200774287184
            }
          },
          "paired_head_vs_position": {
            "rank2": {
              "sink_logit_rmse_improvement_mean": 0.1855172923766077,
              "sink_logit_rmse_improvement_ci95": 0.06377842356501887,
              "sink_logit_rmse_win_rate": 0.9861111111111112,
              "sink_mass_mae_improvement_mean": 0.011602077089394628,
              "sink_mass_mae_improvement_ci95": 0.0027687752129956296,
              "sink_mass_mae_win_rate": 0.9166666666666666,
              "attention_l1_improvement_mean": 0.0293951738903234,
              "attention_l1_improvement_ci95": 0.006416096793706862,
              "attention_l1_win_rate": 0.9861111111111112,
              "output_rel_l2_improvement_mean": 0.04214665205602218,
              "output_rel_l2_improvement_ci95": 0.01147503776459823,
              "output_rel_l2_win_rate": 0.9444444444444444,
              "n_layer_heads": 72
            }
          },
          "output_rel_l2_improvement_vs_position": 0.032253192414969406,
          "sink_mass_mae_improvement_vs_position": 0.011602076972647209,
          "attention_l1_improvement_vs_position": 0.029395173911406253
        }
      ],
      "aggregate": {
        "output_rel_l2_improvement_vs_position": {
          "mean": 0.03407857877198539,
          "ci95": 0.0018080613465728055
        },
        "sink_mass_mae_improvement_vs_position": {
          "mean": 0.011588015043301507,
          "ci95": 0.00020964638405534148
        },
        "attention_l1_improvement_vs_position": {
          "mean": 0.030243027090767993,
          "ci95": 0.0011740496377497184
        },
        "output_rel_l2_head_win_rate": {
          "mean": 0.9583333333333334,
          "ci95": 0.01571675732793982
        },
        "all_seeds_rank2_beats_position": {
          "value": true,
          "n": 3
        },
        "min_output_rel_l2_improvement": {
          "value": 0.032253192414969406
        }
      },