{
  "model_name": "distilgpt2",
  "n_traces": 48,
  "n_samples": 18858,
  "max_length": 96,
  "sink_tokens": 4,
  "train_fraction": 0.67,
  "seeds": [
    0,
    1,
    2
  ],
  "seed_rows": [
    {
      "seed": 0,
      "train_samples_per_layer_mean": 2105,
      "test_samples_per_layer_mean": 1038,
      "summary": {
        "position": {
          "sink_logit_rmse": 1166.0678738011868,
          "sink_mass_mae": 0.07672614609592578,
          "attention_l1": 0.16725871503148804,
          "output_rel_l2": 0.1709039111404519
        },
        "rank2": {
          "sink_logit_rmse": 946.1742527143037,
          "sink_mass_mae": 0.05618560103058074,
          "attention_l1": 0.12340332582895869,
          "output_rel_l2": 0.13359088028118152
        }
      },
      "paired_head_vs_position": {
        "rank2": {
          "sink_logit_rmse_improvement_mean": 190.60811043878857,
          "sink_logit_rmse_improvement_ci95": 56.34367520035455,
          "sink_logit_rmse_win_rate": 0.9861111111111112,
          "sink_mass_mae_improvement_mean": 0.02054054501231238,
          "sink_mass_mae_improvement_ci95": 0.017483506207692266,
          "sink_mass_mae_win_rate": 0.3194444444444444,
          "attention_l1_improvement_mean": 0.043855389070409,
          "attention_l1_improvement_ci95": 0.03591655589932989,
          "attention_l1_win_rate": 0.3055555555555556,
          "output_rel_l2_improvement_mean": 0.045507942457163345,
          "output_rel_l2_improvement_ci95": 0.041452956917797226,
          "output_rel_l2_win_rate": 0.2777777777777778,
          "n_layer_heads": 72
        }
      },
      "output_rel_l2_improvement_vs_position": 0.037313030859270374,
      "sink_mass_mae_improvement_vs_position": 0.020540545065345035,
      "attention_l1_improvement_vs_position": 0.04385538920252935
    },
    {
      "seed": 1,
      "train_samples_per_layer_mean": 2105,
      "test_samples_per_layer_mean": 1038,
      "summary": {
        "position": {
          "sink_logit_rmse": 1165.7476596408496,
          "sink_mass_mae": 0.07600120122144398,
          "attention_l1": 0.16511780957469843,
          "output_rel_l2": 0.171722714650531
        },
        "rank2": {
          "sink_logit_rmse": 939.0087844495139,
          "sink_mass_mae": 0.0555902914606208,
          "attention_l1": 0.12200192297591872,
          "output_rel_l2": 0.13538399964291956
        }
      },
      "paired_head_vs_position": {
        "rank2": {
          "sink_logit_rmse_improvement_mean": 194.46111234106982,
          "sink_logit_rmse_improvement_ci95": 56.6802465349112,
          "sink_logit_rmse_win_rate": 1.0,
          "sink_mass_mae_improvement_mean": 0.020410909819084097,
          "sink_mass_mae_improvement_ci95": 0.01735086286501172,
          "sink_mass_mae_win_rate": 0.3055555555555556,
          "attention_l1_improvement_mean": 0.043115886743342526,
          "attention_l1_improvement_ci95": 0.03519520905878161,
          "attention_l1_win_rate": 0.2916666666666667,
          "output_rel_l2_improvement_mean": 0.048471111952106134,
          "output_rel_l2_improvement_ci95": 0.0398575188229066,
          "output_rel_l2_win_rate": 0.3055555555555556,
          "n_layer_heads": 72
        }
      },
      "output_rel_l2_improvement_vs_position": 0.03633871500761143,
      "sink_mass_mae_improvement_vs_position": 0.02041090976082318,
      "attention_l1_improvement_vs_position": 0.04311588659877971
    },
    {
      "seed": 2,
      "train_samples_per_layer_mean": 2105,
      "test_samples_per_layer_mean": 1038,
      "summary": {
        "position": {
          "sink_logit_rmse": 1153.820491625854,
          "sink_mass_mae": 0.07723216338140995,
          "attention_l1": 0.16895684239909184,
          "output_rel_l2": 0.17514543571751612
        },
        "rank2": {
          "sink_logit_rmse": 930.9728113077317,
          "sink_mass_mae": 0.05725381215563698,
          "attention_l1": 0.12551275105908902,
          "output_rel_l2": 0.13833203000009361
        }
      },
      "paired_head_vs_position": {
        "rank2": {
          "sink_logit_rmse_improvement_mean": 190.98225209535622,
          "sink_logit_rmse_improvement_ci95": 57.50863585520439,
          "sink_logit_rmse_win_rate": 0.9861111111111112,
          "sink_mass_mae_improvement_mean": 0.01997835119613535,
          "sink_mass_mae_improvement_ci95": 0.01715976815393252,
          "sink_mass_mae_win_rate": 0.2916666666666667,
          "attention_l1_improvement_mean": 0.043444091159528984,
          "attention_l1_improvement_ci95": 0.03505196009204101,
          "attention_l1_win_rate": 0.2916666666666667,
          "output_rel_l2_improvement_mean": 0.044841636411818424,
          "output_rel_l2_improvement_ci95": 0.03935107855619274,
          "output_rel_l2_win_rate": 0.2638888888888889,
          "n_layer_heads": 72
        }
      },
      "output_rel_l2_improvement_vs_position": 0.036813405717422504,
      "sink_mass_mae_improvement_vs_position": 0.019978351225772975,
      "attention_l1_improvement_vs_position": 0.04344409134000282
    }
  ],
  "aggregate": {
    "output_rel_l2_improvement_vs_position": {
      "mean": 0.0368217171947681,
      "ci95": 0.0005513312601871813
    },
    "sink_mass_mae_improvement_vs_position": {
      "mean": 0.020309935350647065,
      "ci95": 0.00033312764882537755
    },
    "attention_l1_improvement_vs_position": {
      "mean": 0.04347178904710396,
      "ci95": 0.00041929251226675076
    },
    "output_rel_l2_head_win_rate": {
      "mean": 0.28240740740740744,
      "ci95": 0.024007743378178705
    },
    "all_seeds_rank2_beats_position": {
      "value": true,
      "n": 3
    }
  },
  "status": "ALIVE but still weak; all-head rank-2 beats position-only across randomized split seeds."
}
