{
  "model_name": "distilgpt2",
  "n_traces": 48,
  "n_samples": 18858,
  "heldout_samples_per_layer": 1038,
  "sink_tokens": 4,
  "rows": {
    "0": {
      "static": {
        "sink_logit_rmse": 10.321590656949375,
        "sink_mass_mae": 0.27514788598788503,
        "attention_l1": 0.6023113773740929,
        "output_rel_l2": 0.5095701046603838
      },
      "position": {
        "sink_logit_rmse": 7.902206430315742,
        "sink_mass_mae": 0.17237617951810633,
        "attention_l1": 0.39204501736144715,
        "output_rel_l2": 0.3903502008665949
      },
      "rank1": {
        "sink_logit_rmse": 7.117263983095312,
        "sink_mass_mae": 0.15072861879370678,
        "attention_l1": 0.3427271805380638,
        "output_rel_l2": 0.33656224664677514
      },
      "rank2": {
        "sink_logit_rmse": 3.7310446942932116,
        "sink_mass_mae": 0.09096388166857902,
        "attention_l1": 0.23283447318377068,
        "output_rel_l2": 0.21789564875074302
      },
      "rank4": {
        "sink_logit_rmse": 3.169820934821186,
        "sink_mass_mae": 0.06589256186396514,
        "attention_l1": 0.18026821463538634,
        "output_rel_l2": 0.18224692313683125
      },
      "rank8": {
        "sink_logit_rmse": 2.755426020463767,
        "sink_mass_mae": 0.05401538798782842,
        "attention_l1": 0.1551055567825136,
        "output_rel_l2": 0.15858375740891165
      }
    },
    "1": {
      "static": {
        "sink_logit_rmse": 357.85890856322067,
        "sink_mass_mae": 0.20800307879419846,
        "attention_l1": 0.44696455412730285,
        "output_rel_l2": 0.43251691839237055
      },
      "position": {
        "sink_logit_rmse": 343.7673941007699,
        "sink_mass_mae": 0.19194821152247646,
        "attention_l1": 0.40897921831391315,
        "output_rel_l2": 0.4155018051101588
      },
      "rank1": {
        "sink_logit_rmse": 331.15715153277034,
        "sink_mass_mae": 0.1655256150013639,
        "attention_l1": 0.35921544379254544,
        "output_rel_l2": 0.3979551217275772
      },
      "rank2": {
        "sink_logit_rmse": 266.2110321103723,
        "sink_mass_mae": 0.15402751458185315,
        "attention_l1": 0.33469482793065275,
        "output_rel_l2": 0.4022495434685159
      },
      "rank4": {
        "sink_logit_rmse": 235.2706017393138,
        "sink_mass_mae": 0.12768968545812487,
        "attention_l1": 0.28389549952796683,
        "output_rel_l2": 0.3412196551609866
      },
      "rank8": {
        "sink_logit_rmse": 196.35453527373386,
        "sink_mass_mae": 0.11791910631176065,
        "attention_l1": 0.26470977079412455,
        "output_rel_l2": 0.3125695377630899
      }
    },
    "2": {
      "static": {
        "sink_logit_rmse": 1623.992554798751,
        "sink_mass_mae": 0.018236084406036232,
        "attention_l1": 0.036472168797142025,
        "output_rel_l2": 0.07112557984800401
      },
      "position": {
        "sink_logit_rmse": 1582.2742735875595,
        "sink_mass_mae": 0.018236084406036232,
        "attention_l1": 0.036472168797142025,
        "output_rel_l2": 0.07112557984800401
      },
      "rank1": {
        "sink_logit_rmse": 1476.5602808311037,
        "sink_mass_mae": 0.019600887925530962,
        "attention_l1": 0.03920177583613149,
        "output_rel_l2": 0.07485133503972614
      },
      "rank2": {
        "sink_logit_rmse": 1428.3408129036081,
        "sink_mass_mae": 0.019600912009520195,
        "attention_l1": 0.03920182400660187,
        "output_rel_l2": 0.07484891615866442
      },
      "rank4": {
        "sink_logit_rmse": 1245.1925345624802,
        "sink_mass_mae": 0.017667021887845608,
        "attention_l1": 0.035334043759730385,
        "output_rel_l2": 0.06908437656854818
      },
      "rank8": {
        "sink_logit_rmse": 998.8060627608401,
        "sink_mass_mae": 0.01566709085472631,
        "attention_l1": 0.031334181693491774,
        "output_rel_l2": 0.06268963754445113
      }
    },
    "3": {
      "static": {
        "sink_logit_rmse": 1507.8521292508224,
        "sink_mass_mae": 0.01861704811310263,
        "attention_l1": 0.037394661363034945,
        "output_rel_l2": 0.08443059070261917
      },
      "position": {
        "sink_logit_rmse": 1473.1277407901596,
        "sink_mass_mae": 0.01877761472377853,
        "attention_l1": 0.03771579458606708,
        "output_rel_l2": 0.0851207141992188
      },
      "rank1": {
        "sink_logit_rmse": 1341.2789391019671,
        "sink_mass_mae": 0.02014481912699942,
        "attention_l1": 0.040450203384099076,
        "output_rel_l2": 0.09071543830786051
      },
      "rank2": {
        "sink_logit_rmse": 1247.628011685116,
        "sink_mass_mae": 0.020621834618297214,
        "attention_l1": 0.04140423436227492,
        "output_rel_l2": 0.09263515540073661
      },
      "rank4": {
        "sink_logit_rmse": 987.5029796093186,
        "sink_mass_mae": 0.01875130532688081,
        "attention_l1": 0.037663175788856924,
        "output_rel_l2": 0.08395645282670944
      },
      "rank8": {
        "sink_logit_rmse": 814.2553600098126,
        "sink_mass_mae": 0.012955042310906826,
        "attention_l1": 0.026070649787021106,
        "output_rel_l2": 0.05753462758117765
      }
    },
    "4": {
      "static": {
        "sink_logit_rmse": 1986.256927549035,
        "sink_mass_mae": 0.01309933094871347,
        "attention_l1": 0.026359227136002382,
        "output_rel_l2": 0.03231116193988193
      },
      "position": {
        "sink_logit_rmse": 1928.8819185525235,
        "sink_mass_mae": 0.012716690595113798,
        "attention_l1": 0.025595864016177163,
        "output_rel_l2": 0.032102851815067994
      },
      "rank1": {
        "sink_logit_rmse": 1762.4953476275552,
        "sink_mass_mae": 0.01282822512573196,
        "attention_l1": 0.028314041294765908,
        "output_rel_l2": 0.033037436144840525
      },
      "rank2": {
        "sink_logit_rmse": 1592.92629293394,
        "sink_mass_mae": 0.013151592159956585,
        "attention_l1": 0.02848911424044841,
        "output_rel_l2": 0.033080095440162
      },
      "rank4": {
        "sink_logit_rmse": 1318.5231146251995,
        "sink_mass_mae": 0.013248989050691039,
        "attention_l1": 0.028271999509842032,
        "output_rel_l2": 0.033455570151011214
      },
      "rank8": {
        "sink_logit_rmse": 1086.5970029445052,
        "sink_mass_mae": 0.012371284749383473,
        "attention_l1": 0.025998292071092166,
        "output_rel_l2": 0.03163411969285837
      }
    },
    "5": {
      "static": {
        "sink_logit_rmse": 1890.7705394178915,
        "sink_mass_mae": 0.03944899241435824,
        "attention_l1": 0.14964690208782067,
        "output_rel_l2": 0.02617153433251289
      },
      "position": {
        "sink_logit_rmse": 1848.3848175754438,
        "sink_mass_mae": 0.03958713889888578,
        "attention_l1": 0.1489294267292851,
        "output_rel_l2": 0.02606302104500448
      },
      "rank1": {
        "sink_logit_rmse": 1558.63710936324,
        "sink_mass_mae": 0.032960623986453975,
        "attention_l1": 0.13377810298898235,
        "output_rel_l2": 0.024387772825326472
      },
      "rank2": {
        "sink_logit_rmse": 1470.1970978077206,
        "sink_mass_mae": 0.031658703724885544,
        "attention_l1": 0.13325419980084593,
        "output_rel_l2": 0.024377670457264272
      },
      "rank4": {
        "sink_logit_rmse": 1240.261897768818,
        "sink_mass_mae": 0.02557798087146489,
        "attention_l1": 0.1248798660867069,
        "output_rel_l2": 0.02250296693449962
      },
      "rank8": {
        "sink_logit_rmse": 1096.62480872123,
        "sink_mass_mae": 0.024830902008304175,
        "attention_l1": 0.122117639405596,
        "output_rel_l2": 0.021769218701400254
      }
    }
  },
  "summary": {
    "position": {
      "sink_logit_rmse": 1197.3897251727954,
      "sink_mass_mae": 0.07560698661073285,
      "attention_l1": 0.17495624830067194,