{
  "samples": 200,
  "max_new_tokens": 24,
  "latent_len": 8,
  "avg_prompt_tokens": {
    "llama": 76.095,
    "qwen": 59.875
  },
  "compression": {
    "llama": 9.511875,
    "qwen": 7.484375
  },
  "payload_bytes": 8192,
  "text": {
    "llama": {
      "em": 0.0,
      "f1": 0.008771054326936681,
      "nll_token": 14.314151741986606
    },
    "qwen": {
      "em": 0.0,
      "f1": 0.002543738896102188,
      "nll_token": 11.753927846023123
    },
    "wall_clock_sec": 107.32614803314209
  },
  "latent": {
    "llama": {
      "em": 0.0,
      "f1": 0.0,
      "nll_token": 10.12145115551464
    },
    "qwen": {
      "em": 0.0,
      "f1": 0.0,
      "nll_token": 9.866336449530621
    },
    "wall_clock_sec": 14.302679061889648
  },
  "token_budget": {
    "llama": {
      "em": 0.0,
      "f1": 0.01076005894362357
    },
    "qwen": {
      "em": 0.0,
      "f1": 0.004907781076781872
    },
    "wall_clock_sec": 13.23747205734253
  },
  "joint": {
    "em": 0.0,
    "f1": 0.0,
    "agreement": 0.775,
    "oracle": {
      "em": 0.0,
      "f1": 0.0
    }
  }
}