{
  "model": "Rosetta",
  "dataset": "ai2-arc",
  "answer_method": "generate",
  "overall_accuracy": 0.5365217391304348,
  "subjects": {
    "SPLIT_0_OF_1": 0.5365217391304348
  },
  "length_statistics": {
    "subjects": {
      "SPLIT_0_OF_1": {
        "avg_input_length": 141.31739130434784,
        "avg_gen_length": 9.105217391304349,
        "avg_length_ratio": 0.06543588601553182,
        "accuracy": 0.5365217391304348,
        "total_samples": 1150
      }
    }
  }
}