{
  "artifact_sha256": {
    "endpoint_proxy_rows.jsonl": "bc19809ded5cba6ad56d7084c21ed6e952094ce995b3eef932a86e054a4aa090",
    "summary.json": "ca065ed000472c3a0efb27966b76a818bbaa6bf91b431667edd82af0dedb49f3",
    "summary.md": "9160ef2a1f3e13d798e41489d994e42fe7952b6fbcc00d2e82267174188c0a20"
  },
  "artifacts": [
    "endpoint_proxy_rows.jsonl",
    "summary.json",
    "summary.md",
    "manifest.json",
    "manifest.md"
  ],
  "benchmark_sha256": "f1f918b549e795ef250498aa562f2e175dbdeca8f02039c61481d0ee4eea1d2d",
  "device": "cpu",
  "dtype": "float32",
  "limit": 160,
  "max_new_tokens": 24,
  "model_name": "Qwen/Qwen3-0.6B",
  "prompt_style": "label_strict",
  "run_utc": "2026-04-29T16:01:18.578826+00:00",
  "script_sha256": "0372ba1fc0de7228df1f476f778b44e5900fe6f0d1bb03a85ef76a9efa72294b",
  "summary": {
    "best_source_destroying_control_accuracy": 0.25,
    "conditions": [
      "target_only",
      "matched_packet",
      "matched_byte_text_2",
      "random_same_byte_packet",
      "deranged_candidate_diag_table",
      "query_aware_diag_span",
      "structured_json_diag",
      "structured_free_text_diag",
      "full_hidden_log"
    ],
    "exact_id_parity": true,
    "exact_id_sha256": "0b8362ef13390a9ee48fc9daa40a507ec9ef51857c0b5a6c7554905be6139639",
    "full_log_e2e_delta_vs_packet_ms": 304.75273000774905,
    "full_log_prompt_token_delta_vs_packet": 87.43125,
    "full_log_ttft_delta_vs_packet_ms": 164.27308350102976,
    "metrics": {
      "deranged_candidate_diag_table": {
        "accuracy": 0.24375,
        "correct": 39,
        "mean_generated_tokens": 12.8125,
        "mean_payload_bytes": 2.0,
        "mean_payload_tokens_proxy": 1.0,
        "mean_prompt_bytes": 920.0,
        "mean_prompt_tokens": 218.30625,
        "p50_e2e_ms": 2141.5019999985816,
        "p50_ttft_ms": 465.85995849454775,
        "p95_e2e_ms": 2358.7310829898342,
        "p95_ttft_ms": 650.8902499917895,
        "strict_accuracy": 0.24375,
        "strict_correct": 39,
        "strict_valid_prediction_rate": 0.98125,
        "valid_prediction_rate": 1.0
      },
      "full_hidden_log": {
        "accuracy": 0.4625,
        "correct": 74,
        "mean_generated_tokens": 12.9375,
        "mean_payload_bytes": 366.5,
        "mean_payload_tokens_proxy": 33.875,
        "mean_prompt_bytes": 1284.5,
        "mean_prompt_tokens": 305.7375,
        "p50_e2e_ms": 2431.1837085115258,
        "p50_ttft_ms": 635.9088125027483,
        "p95_e2e_ms": 2649.849500012351,
        "p95_ttft_ms": 838.6682919808663,
        "strict_accuracy": 0.45625,
        "strict_correct": 73,
        "strict_valid_prediction_rate": 0.99375,
        "valid_prediction_rate": 1.0
      },
      "matched_byte_text_2": {
        "accuracy": 0.25,
        "correct": 40,
        "mean_generated_tokens": 13.0,
        "mean_payload_bytes": 2.0,
        "mean_payload_tokens_proxy": 1.0,
        "mean_prompt_bytes": 920.0,
        "mean_prompt_tokens": 217.30625,
        "p50_e2e_ms": 2145.534499999485,
        "p50_ttft_ms": 473.0178125028033,
        "p95_e2e_ms": 2380.5597920145374,
        "p95_ttft_ms": 644.8776250181254,
        "strict_accuracy": 0.25,
        "strict_correct": 40,
        "strict_valid_prediction_rate": 1.0,
        "valid_prediction_rate": 1.0
      },
      "matched_packet": {
        "accuracy": 0.675,
        "correct": 108,
        "mean_generated_tokens": 12.875,
        "mean_payload_bytes": 2.0,
        "mean_payload_tokens_proxy": 1.0,
        "mean_prompt_bytes": 920.0,
        "mean_prompt_tokens": 218.30625,
        "p50_e2e_ms": 2126.4309785037767,
        "p50_ttft_ms": 471.6357290017186,
        "p95_e2e_ms": 2342.1588340133894,
        "p95_ttft_ms": 662.9093750088941,
        "strict_accuracy": 0.6625,
        "strict_correct": 106,
        "strict_valid_prediction_rate": 0.9875,
        "valid_prediction_rate": 1.0
      },
      "query_aware_diag_span": {
        "accuracy": 0.69375,
        "correct": 111,
        "mean_generated_tokens": 13.0,
        "mean_payload_bytes": 14.0,
        "mean_payload_tokens_proxy": 1.0,
        "mean_prompt_bytes": 932.0,
        "mean_prompt_tokens": 221.6125,
        "p50_e2e_ms": 2145.94899948861,
        "p50_ttft_ms": 452.03081249201205,
        "p95_e2e_ms": 2337.0870840153657,
        "p95_ttft_ms": 651.3037500262726,
        "strict_accuracy": 0.69375,
        "strict_correct": 111,
        "strict_valid_prediction_rate": 1.0,
        "valid_prediction_rate": 1.0
      },
      "random_same_byte_packet": {
        "accuracy": 0.0,
        "correct": 0,
        "mean_generated_tokens": 13.0,
        "mean_payload_bytes": 2.0,
        "mean_payload_tokens_proxy": 1.0,
        "mean_prompt_bytes": 920.0,
        "mean_prompt_tokens": 218.30625,
        "p50_e2e_ms": 2134.4067714962875,
        "p50_ttft_ms": 459.32904150686227,
        "p95_e2e_ms": 2365.2368749899324,
        "p95_ttft_ms": 650.6667500070762,
        "strict_accuracy": 0.0,
        "strict_correct": 0,
        "strict_valid_prediction_rate": 1.0,
        "valid_prediction_rate": 1.0
      },
      "structured_free_text_diag": {
        "accuracy": 0.7125,
        "correct": 114,
        "mean_generated_tokens": 13.0,
        "mean_payload_bytes": 17.0,
        "mean_payload_tokens_proxy": 4.0,
        "mean_prompt_bytes": 935.0,
        "mean_prompt_tokens": 221.30625,
        "p50_e2e_ms": 2151.351666499977,
        "p50_ttft_ms": 474.1831870051101,
        "p95_e2e_ms": 2381.9905840209685,
        "p95_ttft_ms": 656.5683329827152,
        "strict_accuracy": 0.7125,
        "strict_correct": 114,
        "strict_valid_prediction_rate": 1.0,
        "valid_prediction_rate": 1.0
      },
      "structured_json_diag": {
        "accuracy": 0.575,
        "correct": 92,
        "mean_generated_tokens": 13.0,
        "mean_payload_bytes": 21.0,
        "mean_payload_tokens_proxy": 2.0,
        "mean_prompt_bytes": 939.0,
        "mean_prompt_tokens": 223.30625,
        "p50_e2e_ms": 2134.5417500124313,
        "p50_ttft_ms": 478.58424998412374,
        "p95_e2e_ms": 2342.6750419894233,
        "p95_ttft_ms": 648.1831249839161,
        "strict_accuracy": 0.575,
        "strict_correct": 92,
        "strict_valid_prediction_rate": 1.0,
        "valid_prediction_rate": 1.0
      },
      "target_only": {
        "accuracy": 0.25,
        "correct": 40,
        "mean_generated_tokens": 13.0,
        "mean_payload_bytes": 0.0,
        "mean_payload_tokens_proxy": 0.0,
        "mean_prompt_bytes": 925.0,
        "mean_prompt_tokens": 218.30625,
        "p50_e2e_ms": 2141.5031459910097,
        "p50_ttft_ms": 482.6520414935658,
        "p95_e2e_ms": 2333.7402080069296,
        "p95_ttft_ms": 649.1813330212608,
        "strict_accuracy": 0.25,
        "strict_correct": 40,
        "strict_valid_prediction_rate": 1.0,
        "valid_prediction_rate": 1.0
      }
    },
    "n": 160,
    "packet_minus_best_source_destroying_control_accuracy": 0.42500000000000004,
    "packet_minus_matched_byte_text_accuracy": 0.42500000000000004,
    "packet_minus_target_accuracy": 0.42500000000000004,
    "packet_prompt_token_delta_vs_target": 0.0,
    "packet_strict_accuracy": 0.6625,
    "packet_strict_minus_target_accuracy": 0.4125,
    "packet_vs_full_log_payload_compression": 183.25,
    "packet_vs_query_payload_compression": 7.0,
    "pass_gate": true,
    "pass_rule": "Packet must beat target by >=0.15, all included source-destroying controls must stay within target+0.05, matched packet valid rate must be >=0.95, exact ID parity must hold, and query-aware/full-log payloads must be larger than the packet. Latency is reported, not gated.",
    "prompt_style": "label_strict"
  }
}