group,model,EM,F1,NLL/token,wall_clock_sec,compression,payload_bytes,samples,M,token_budget_mode,token_budget_k,dataset
text,llama,0.615,0.8094276466075133,12.403911339973977,21.35169219970703,7.65828125,1164800,200,32,content_only,32,squad
text,qwen,0.645,0.8181537358456591,24.624676366308734,21.35169219970703,7.2403125,1164800,200,32,content_only,32,squad
latent,llama,0.0,0.016013911058824652,11.994761205314239,5.096402406692505,7.65828125,1164800,200,32,content_only,32,squad
latent,qwen,0.0,0.0164426115884135,10.781225618546602,5.096402406692505,7.2403125,1164800,200,32,content_only,32,squad
token_budget,llama,0.005,0.03978617701314485,,5.530811071395874,7.65828125,1164800,200,32,content_only,32,squad
token_budget,qwen,0.04,0.08875346809571157,,5.530811071395874,7.2403125,1164800,200,32,content_only,32,squad
joint,both,0.0,0.016316802624067605,,,,1164800,200,32,content_only,32,squad
