{
  "model": "Rosetta",
  "dataset": "ai2-arc",
  "answer_method": "generate",
  "overall_accuracy": 0.5577889447236181,
  "subjects": {
    "SPLIT_0_OF_1": 0.5577889447236181
  },
  "length_statistics": {
    "subjects": {
      "SPLIT_0_OF_1": {
        "avg_input_length": 139.74874371859298,
        "avg_gen_length": 8.050251256281408,
        "avg_length_ratio": 0.05865225174593824,
        "accuracy": 0.5577889447236181,
        "total_samples": 199
      }
    }
  }
}