{
  "model": "Rosetta",
  "dataset": "ai2-arc",
  "answer_method": "generate",
  "overall_accuracy": 0.5325443786982249,
  "subjects": {
    "SPLIT_0_OF_1": 0.5325443786982249
  },
  "length_statistics": {
    "subjects": {
      "SPLIT_0_OF_1": {
        "avg_input_length": 140.72189349112426,
        "avg_gen_length": 7.816568047337278,
        "avg_length_ratio": 0.056893966724599704,
        "accuracy": 0.5325443786982249,
        "total_samples": 169
      }
    }
  }
}