{
  "llama": {
    "rms_mean": 0.6237111437929808,
    "count": 685
  },
  "qwen": {
    "rms_mean": 0.5914779565630168,
    "count": 685
  }
}