{
  "llama": {
    "rms_mean": 0.6112774246800555,
    "count": 685
  },
  "qwen": {
    "rms_mean": 0.5841779087581773,
    "count": 685
  }
}