group,model,EM,F1,NLL/token,wall_clock_sec,compression,payload_bytes,samples,M,token_budget_mode,token_budget_k,dataset
text,llama,0.59,0.8007829157729505,12.72173482274305,17.360952615737915,5.105520833333333,43008,200,48,content_only,32,squad
text,qwen,0.665,0.8383902733374898,25.81069942126198,17.360952615737915,4.826875,43008,200,48,content_only,32,squad
latent,llama,0.0,0.007163169978285497,10.302908116187098,3.7131731510162354,5.105520833333333,43008,200,48,content_only,32,squad
latent,qwen,0.0,0.0024999999812500002,10.848496042704456,3.7131731510162354,4.826875,43008,200,48,content_only,32,squad
token_budget,llama,0.005,0.04095895236860437,,4.030319929122925,5.105520833333333,43008,200,48,content_only,32,squad
token_budget,qwen,0.04,0.07479711898018827,,4.030319929122925,4.826875,43008,200,48,content_only,32,squad
joint,both,0.0,0.0024999999812500002,,,,43008,200,48,content_only,32,squad
