{
  "created_at_utc": "2026-05-18T19:46:29Z",
  "schema_version": "om_phase9_m11b_v1_per_trace_metrics",
  "traces": [
    {
      "mean_nll": {
        "bf16": 0.0018152593644025217,
        "m11b_top1": 0.0007367033216225671,
        "m11b_top10": 0.0008026155822562497,
        "m11b_top5": 0.0008102262545932604,
        "static_1pct": 0.0006273773848011199,
        "static_top10": 0.001819146224052437
      },
      "no_recoverable_static_gap": true,
      "perplexities": {
        "bf16": 1.0018169079450654,
        "m11b_top1": 1.0007369747541657,
        "m11b_top10": 1.000802937764333,
        "m11b_top5": 1.0008105545765509,
        "static_1pct": 1.0006275742271553,
        "static_top10": 1.001820801874349
      },
      "prompt_id": "opencompass_AIME2025_I_0",
      "prompt_index": 0,
      "recoveries": {
        "m11b_top1": null,
        "m11b_top10": null,
        "m11b_top5": null,
        "static_top10": null
      },
      "score_end": 10000,
      "score_start": 9489,
      "scored_tokens": 512,
      "static_gap": -0.0011893337179100794
    },
    {
      "mean_nll": {
        "bf16": 0.02558990120633098,
        "m11b_top1": 0.11142440975527279,
        "m11b_top10": 0.054663657283526845,
        "m11b_top5": 0.015289054608729202,
        "static_1pct": 0.053008247101388406,
        "static_top10": 0.9465080787194893
      },
      "no_recoverable_static_gap": false,
      "perplexities": {
        "bf16": 1.0259201335823174,
        "m11b_top1": 1.1178692408022768,
        "m11b_top10": 1.0561853146897209,
        "m11b_top5": 1.0154065301371649,
        "static_1pct": 1.0544383411434046,
        "static_top10": 2.5766963108416294
      },
      "prompt_id": "opencompass_AIME2025_I_1",
      "prompt_index": 1,
      "recoveries": {
        "m11b_top1": -2.2242246299316113,
        "m11b_top10": -0.0612581819027076,
        "m11b_top5": 1.3686628418925668,
        "static_top10": -53.37845888236424
      },
      "score_end": 10000,
      "score_start": 9489,
      "scored_tokens": 512,
      "static_gap": 0.02851820756108725
    },
    {
      "mean_nll": {
        "bf16": 0.012802009405277204,
        "m11b_top1": 0.07950014654488768,
        "m11b_top10": 0.04459655378741445,
        "m11b_top5": 0.012768366772434092,
        "static_1pct": 0.054472745359817054,
        "static_top10": 0.07734136843646411
      },
      "no_recoverable_static_gap": false,
      "perplexities": {
        "bf16": 1.0128843059397086,
        "m11b_top1": 1.0827457182002769,
        "m11b_top10": 1.0456059290493045,
        "m11b_top5": 1.0128502304180895,
        "static_1pct": 1.055983695565859,
        "static_top10": 1.080410831604648
      },
      "prompt_id": "opencompass_AIME2025_I_2",
      "prompt_index": 2,
      "recoveries": {
        "m11b_top1": -0.6209373930015021,
        "m11b_top10": 0.2407868558365348,
        "m11b_top5": 1.00079062654749,
        "static_top10": -0.5667629228783271
      },
      "score_end": 10000,
      "score_start": 9489,
      "scored_tokens": 512,
      "static_gap": 0.04309938962615045
    },
    {
      "mean_nll": {
        "bf16": 0.00040124266054952784,
        "m11b_top1": 0.0005069171349156854,
        "m11b_top10": 0.00105266998989606,
        "m11b_top5": 0.0016604539222688786,
        "static_1pct": 0.0003411410087684752,
        "static_top10": 0.0022835898482425065
      },
      "no_recoverable_static_gap": true,
      "perplexities": {
        "bf16": 1.0004013231691533,
        "m11b_top1": 1.0005070456391192,
        "m11b_top10": 1.001053224241414,
        "m11b_top5": 1.001661833239208,
        "static_1pct": 1.00034119920398,
        "static_top10": 1.002286199225411
      },
      "prompt_id": "opencompass_AIME2025_I_3",
      "prompt_index": 3,
      "recoveries": {
        "m11b_top1": null,
        "m11b_top10": null,
        "m11b_top5": null,
        "static_top10": null
      },
      "score_end": 10000,
      "score_start": 9489,
      "scored_tokens": 512,
      "static_gap": -6.012396517340868e-05
    },
    {
      "mean_nll": {
        "bf16": 0.03609823703300208,
        "m11b_top1": 0.3994013157207519,
        "m11b_top10": 0.04461688360970584,
        "m11b_top5": 0.038867058836331125,
        "static_1pct": 0.03684285231429385,
        "static_top10": 0.43205984064843506
      },
      "no_recoverable_static_gap": false,
      "perplexities": {
        "bf16": 1.0367576894878223,
        "m11b_top1": 1.4909318329460952,
        "m11b_top10": 1.0456271862481057,
        "m11b_top5": 1.039632264539821,
        "static_1pct": 1.0375299625939074,
        "static_top10": 1.540427292571176
      },
      "prompt_id": "opencompass_AIME2025_I_4",
      "prompt_index": 4,
      "recoveries": {
        "m11b_top1": -587.1004270116848,
        "m11b_top10": -10.484922484541741,
        "m11b_top5": -2.722226022567281,
        "static_top10": -651.1910437055519
      },
      "score_end": 10000,
      "score_start": 9489,
      "scored_tokens": 512,
      "static_gap": 0.0007722731060850752
    },
    {
      "mean_nll": {
        "bf16": 4.493739586708401e-05,
        "m11b_top1": 0.00021661037876333222,
        "m11b_top10": 3.5998959438857114e-05,
        "m11b_top5": 2.6449748346188406e-05,
        "static_1pct": 0.04951611763096586,
        "static_top10": 2.8265027363125195e-05
      },
      "no_recoverable_static_gap": false,
      "perplexities": {
        "bf16": 1.000044938405567,
        "m11b_top1": 1.0002166338404854,
        "m11b_top10": 1.000035999607409,
        "m11b_top5": 1.000026450098144,
        "static_1pct": 1.0507625278809998,
        "static_top10": 1.0000282654268229
      },
      "prompt_id": "opencompass_AIME2025_I_5",
      "prompt_index": 5,
      "recoveries": {
        "m11b_top1": 0.9966146767483571,
        "m11b_top10": 1.0001762465103397,
        "m11b_top5": 1.000364534427094,
        "static_top10": 1.000328741545419
      },
      "score_end": 10000,
      "score_start": 9489,
      "scored_tokens": 512,
      "static_gap": 0.05071758947543281
    },
    {
      "mean_nll": {
        "bf16": 3.24848918841214e-05,
        "m11b_top1": 3.6303000459481094e-05,
        "m11b_top10": 3.147055488086914e-05,
        "m11b_top5": 1.920215917163015e-05,
        "static_1pct": 1.4442438338146957e-05,
        "static_top10": 2.3796004705853302e-05
      },
      "no_recoverable_static_gap": true,
      "perplexities": {
        "bf16": 1.000032485419524,
        "m11b_top1": 1.0000363036594213,
        "m11b_top10": 1.000031471050084,
        "m11b_top5": 1.0000192023435344,
        "static_1pct": 1.0000144425426307,
        "static_top10": 1.0000237962878331
      },
      "prompt_id": "opencompass_AIME2025_I_6",
      "prompt_index": 6,
      "recoveries": {
        "m11b_top1": null,
        "m11b_top10": null,
        "m11b_top5": null,
        "static_top10": null
      },
      "score_end": 10000,
      "score_start": 9489,
      "scored_tokens": 512,
      "static_gap": -1.8042876893220594e-05
    },
    {
      "mean_nll": {
        "bf16": 0.0009341512697222942,
        "m11b_top1": 0.09113856108304952,
        "m11b_top10": 0.019272462401974444,
        "m11b_top5": 0.035455645944187486,
        "static_1pct": 0.011591499201476396,
        "static_top10": 0.015057208200130345
      },
      "no_recoverable_static_gap": false,
      "perplexities": {
        "bf16": 1.000934587724914,
        "m11b_top1": 1.09542077743268,
        "m11b_top10": 1.019459375130737,
        "m11b_top5": 1.0360916922401628,
        "static_1pct": 1.0116589409601353,
        "static_top10": 1.015171139068226
      },
      "prompt_id": "opencompass_AIME2025_I_7",
      "prompt_index": 7,
      "recoveries": {
        "m11b_top1": -7.810432446168553,
        "m11b_top10": -0.7273570722179588,
        "m11b_top5": -2.2782493959434995,
        "static_top10": -0.32749742861470765
      },
      "score_end": 10000,
      "score_start": 9489,