group,model,EM,F1,NLL/token,wall_clock_sec,compression,payload_bytes,samples,M,token_budget_mode,token_budget_k,dataset
text,llama,0.585,0.7992829157767006,12.72173482274305,19.358525037765503,5.105520833333333,43008,200,48,content_only,32,squad
text,qwen,0.655,0.8360093209598256,25.81069942126198,19.358525037765503,4.826875,43008,200,48,content_only,32,squad
latent,llama,0.0,0.014529803609440537,11.141284474980534,3.060267210006714,5.105520833333333,43008,200,48,content_only,32,squad
latent,qwen,0.0,0.00756798226141794,16.85340898755997,3.060267210006714,4.826875,43008,200,48,content_only,32,squad
token_budget,llama,0.005,0.04115193480713192,,3.7691702842712402,5.105520833333333,43008,200,48,content_only,32,squad
token_budget,qwen,0.04,0.07479711898018827,,3.7691702842712402,4.826875,43008,200,48,content_only,32,squad
joint,both,0.0,0.003888471074923906,,,,43008,200,48,content_only,32,squad
