{
  "samples": 200,
  "max_new_tokens": 16,
  "latent_len": 48,
  "device": "cuda",
  "dtype": "torch.bfloat16",
  "avg_prompt_tokens": {
    "llama": 245.065,
    "qwen": 231.69
  },
  "compression": {
    "llama": 5.105520833333333,
    "qwen": 4.826875
  },
  "payload_bytes": 43008,
  "payload_bytes_detail": {
    "fp32": 8601600,
    "fp16": 4300800,
    "selected": null
  },
  "wire": {
    "prompt_chars": {
      "llama": 251564,
      "qwen": 221164
    },
    "prompt_count": 200,
    "latent_shape": [
      200,
      42,
      256
    ],
    "latent_bytes": {
      "fp32": 8601600,
      "fp16": 4300800
    },
    "group_size": 32,
    "scale_bits": 16,
    "selected_latent_bytes": null,
    "base_latent_bytes": 43008,
    "wire_ratio": {}
  },
  "text": {
    "llama": {
      "em": 0.585,
      "f1": 0.7992829157767006,
      "nll_token": 12.72173482274305
    },
    "qwen": {
      "em": 0.655,
      "f1": 0.8360093209598256,
      "nll_token": 25.81069942126198
    },
    "wall_clock_sec": 19.358525037765503
  },
  "latent": {
    "llama": {
      "em": 0.0,
      "f1": 0.014529803609440537,
      "nll": 11.141284474980534,
      "first_token_top1": 0.0,
      "first_token_top5": 0.0,
      "nll_token": 11.141284474980534
    },
    "qwen": {
      "em": 0.0,
      "f1": 0.00756798226141794,
      "nll": 16.85340898755997,
      "first_token_top1": 0.0,
      "first_token_top5": 0.0,
      "nll_token": 16.85340898755997
    },
    "wall_clock_sec": 3.060267210006714
  },
  "token_budget": {
    "mode": "content_only",
    "k": 32,
    "llama": {
      "em": 0.005,
      "f1": 0.04115193480713192
    },
    "qwen": {
      "em": 0.04,
      "f1": 0.07479711898018827
    },
    "wall_clock_sec": 3.7691702842712402
  },
  "joint": {
    "em": 0.0,
    "f1": 0.003888471074923906,
    "agreement": 0.0,
    "oracle": {
      "em": 0.0,
      "f1": 0.01882941283337063
    }
  },
  "debug": {
    "llama": {},
    "qwen": {},
    "settings": {
      "latent_anchor_mode": "auto",
      "latent_anchor_text": "",
      "prefix_gain": 1.15,
      "calibration_mode": "embed_rms",
      "append_bos_after_prefix": "yes",
      "decode": {
        "min_new_tokens": 3,
        "eos_ban_steps": 6,
        "first_token_top_p": 1.0,
        "first_token_temperature": 0.0
      }
    }
  },
  "oracle": {
    "em": 0.0,
    "f1": 0.01882941283337063
  },
  "dataset": "squad"
}