{
  "model": "Rosetta",
  "dataset": "ai2-arc",
  "answer_method": "generate",
  "overall_accuracy": 0.47474747474747475,
  "subjects": {
    "SPLIT_0_OF_1": 0.47474747474747475
  },
  "length_statistics": {
    "subjects": {
      "SPLIT_0_OF_1": {
        "avg_input_length": 142.0,
        "avg_gen_length": 9.97979797979798,
        "avg_length_ratio": 0.07154035541449055,
        "accuracy": 0.47474747474747475,
        "total_samples": 198
      }
    }
  }
}