{
  "model": "Rosetta",
  "dataset": "ai2-arc",
  "answer_method": "generate",
  "overall_accuracy": 0.47738693467336685,
  "subjects": {
    "SPLIT_0_OF_1": 0.47738693467336685
  },
  "length_statistics": {
    "subjects": {
      "SPLIT_0_OF_1": {
        "avg_input_length": 139.74874371859298,
        "avg_gen_length": 9.974874371859297,
        "avg_length_ratio": 0.07224792420463984,
        "accuracy": 0.47738693467336685,
        "total_samples": 199
      }
    }
  }
}