{
  "best_control_accuracy": 0.3125,
  "best_control_condition": "permuted_codes",
  "budget_bytes": 2,
  "controls_ok": false,
  "mean_payload_bytes": 2.0,
  "metrics": {
    "answer_masked_source": {
      "accuracy": 0.2890625,
      "correct": 74,
      "correct_ids": [
        "sphr_0003",
        "sphr_0005",
        "sphr_0007",
        "sphr_0009",
        "sphr_0010",
        "sphr_0015",
        "sphr_0023",
        "sphr_0026",
        "sphr_0040",
        "sphr_0047",
        "sphr_0054",
        "sphr_0062",
        "sphr_0065",
        "sphr_0067",
        "sphr_0072",
        "sphr_0074",
        "sphr_0080",
        "sphr_0081",
        "sphr_0083",
        "sphr_0087",
        "sphr_0093",
        "sphr_0095",
        "sphr_0096",
        "sphr_0097",
        "sphr_0098",
        "sphr_0100",
        "sphr_0103",
        "sphr_0116",
        "sphr_0117",
        "sphr_0119",
        "sphr_0122",
        "sphr_0126",
        "sphr_0127",
        "sphr_0131",
        "sphr_0135",
        "sphr_0136",
        "sphr_0141",
        "sphr_0146",
        "sphr_0148",
        "sphr_0152",
        "sphr_0154",
        "sphr_0155",
        "sphr_0156",
        "sphr_0159",
        "sphr_0162",
        "sphr_0175",
        "sphr_0177",
        "sphr_0189",
        "sphr_0191",
        "sphr_0197",
        "sphr_0200",
        "sphr_0201",
        "sphr_0203",
        "sphr_0204",
        "sphr_0207",
        "sphr_0208",
        "sphr_0209",
        "sphr_0215",
        "sphr_0217",
        "sphr_0222",
        "sphr_0223",
        "sphr_0224",
        "sphr_0226",
        "sphr_0230",
        "sphr_0231",
        "sphr_0235",
        "sphr_0239",
        "sphr_0241",
        "sphr_0243",
        "sphr_0244",
        "sphr_0247",
        "sphr_0248",
        "sphr_0254",
        "sphr_0255"
      ],
      "mean_payload_bytes": 2.0,
      "mean_payload_tokens": 1.0,
      "p50_latency_ms": 7.503312997869216,
      "p95_latency_ms": 26.294749986846
    },
    "constrained_shuffled_source": {
      "accuracy": 0.16015625,
      "correct": 41,
      "correct_ids": [
        "sphr_0002",
        "sphr_0003",
        "sphr_0006",
        "sphr_0008",
        "sphr_0009",
        "sphr_0010",
        "sphr_0015",
        "sphr_0020",
        "sphr_0021",
        "sphr_0022",
        "sphr_0043",
        "sphr_0045",
        "sphr_0056",
        "sphr_0079",
        "sphr_0084",
        "sphr_0094",
        "sphr_0104",
        "sphr_0107",
        "sphr_0108",
        "sphr_0109",
        "sphr_0115",
        "sphr_0119",
        "sphr_0135",
        "sphr_0137",
        "sphr_0144",
        "sphr_0155",
        "sphr_0158",
        "sphr_0159",
        "sphr_0175",
        "sphr_0180",
        "sphr_0190",
        "sphr_0197",
        "sphr_0216",
        "sphr_0218",
        "sphr_0232",
        "sphr_0235",
        "sphr_0236",
        "sphr_0241",
        "sphr_0249",
        "sphr_0250",
        "sphr_0253"
      ],
      "mean_payload_bytes": 2.0,
      "mean_payload_tokens": 1.0,
      "p50_latency_ms": 7.512812502682209,
      "p95_latency_ms": 30.135500011965632
    },
    "label_shuffled_ridge": {
      "accuracy": 0.2421875,
      "correct": 62,
      "correct_ids": [
        "sphr_0009",
        "sphr_0011",
        "sphr_0014",
        "sphr_0020",
        "sphr_0023",
        "sphr_0034",
        "sphr_0046",
        "sphr_0051",
        "sphr_0052",
        "sphr_0057",
        "sphr_0062",
        "sphr_0065",
        "sphr_0068",
        "sphr_0073",
        "sphr_0075",
        "sphr_0079",
        "sphr_0080",
        "sphr_0081",
        "sphr_0083",
        "sphr_0086",
        "sphr_0089",
        "sphr_0097",
        "sphr_0098",
        "sphr_0102",
        "sphr_0103",
        "sphr_0105",
        "sphr_0106",
        "sphr_0108",
        "sphr_0111",
        "sphr_0113",
        "sphr_0117",
        "sphr_0128",
        "sphr_0131",
        "sphr_0141",
        "sphr_0142",
        "sphr_0152",
        "sphr_0156",
        "sphr_0162",
        "sphr_0173",
        "sphr_0176",
        "sphr_0184",
        "sphr_0196",
        "sphr_0199",
        "sphr_0200",
        "sphr_0202",
        "sphr_0203",
        "sphr_0208",
        "sphr_0210",
        "sphr_0213",
        "sphr_0218",
        "sphr_0219",
        "sphr_0220",
        "sphr_0223",
        "sphr_0224",
        "sphr_0228",
        "sphr_0232",
        "sphr_0235",
        "sphr_0237",
        "sphr_0240",
        "sphr_0242",
        "sphr_0247",
        "sphr_0252"
      ],
      "mean_payload_bytes": 2.0,
      "mean_payload_tokens": 1.0,
      "p50_latency_ms": 7.408042001770809,
      "p95_latency_ms": 30.339374992763624
    },
    "permuted_codes": {
      "accuracy": 0.3125,
      "correct": 80,
      "correct_ids": [
        "sphr_0002",
        "sphr_0011",
        "sphr_0014",
        "sphr_0019",
        "sphr_0021",
        "sphr_0022",
        "sphr_0023",
        "sphr_0025",
        "sphr_0030",
        "sphr_0031",
        "sphr_0034",
        "sphr_0044",
        "sphr_0049",
        "sphr_0056",
        "sphr_0068",
        "sphr_0070",
        "sphr_0072",
        "sphr_0073",
        "sphr_0076",
        "sphr_0080",
        "sphr_0085",
        "sphr_0088",
        "sphr_0091",
        "sphr_0092",
        "sphr_0095",
        "sphr_0098",
        "sphr_0099",
        "sphr_0101",
        "sphr_0103",
        "sphr_0105",
        "sphr_0108",
        "sphr_0110",
        "sphr_0112",
        "sphr_0118",
        "sphr_0120",
        "sphr_0121",
        "sphr_0123",
        "sphr_0126",
        "sphr_0127",
        "sphr_0131",
        "sphr_0135",
        "sphr_0137",
        "sphr_0138",
        "sphr_0141",
        "sphr_0142",
        "sphr_0145",
        "sphr_0146",
        "sphr_0152",
        "sphr_0156",
        "sphr_0162",
        "sphr_0165",
        "sphr_0166",
        "sphr_0171",
        "sphr_0172",
        "sphr_0173",
        "sphr_0174",
        "sphr_0176",
        "sphr_0180",
        "sphr_0182",
        "sphr_0183",
        "sphr_0187",
        "sphr_0188",
        "sphr_0191",
        "sphr_0194",
        "sphr_0205",
        "sphr_0209",
        "sphr_0211",
        "sphr_0215",
        "sphr_0216",
        "sphr_0217",
        "sphr_0218",
        "sphr_0221",
        "sphr_0224",
        "sphr_0228",
        "sphr_0231",
        "sphr_0234",
        "sphr_0238",
        "sphr_0240",
        "sphr_0246",
        "sphr_0254"
      ],
      "mean_payload_bytes": 2.0,
      "mean_payload_tokens": 1.0,
      "p50_latency_ms": 7.172062512836419,
      "p95_latency_ms": 26.90370799973607
    },
    "random_same_byte": {
      "accuracy": 0.27734375,
      "correct": 71,