{
  "budget_summaries": [
    {
      "best_compression_baseline_accuracy": 0.42578125,
      "best_no_source_accuracy": 0.25,
      "budget_bytes": 4,
      "learned_vs_compression_pass": false,
      "matched_accuracy": 0.271484375,
      "matched_minus_best_compression": -0.154296875,
      "matched_minus_best_no_source": 0.021484375,
      "metrics": {
        "matched_learned_syndrome": {
          "accuracy": 0.271484375,
          "correct": 139,
          "mean_payload_bytes": 4.0,
          "mean_payload_tokens": 1.0,
          "n": 512,
          "p50_latency_ms": 47.2031040044385,
          "p95_latency_ms": 115.73299999872688
        },
        "random_same_byte": {
          "accuracy": 0.23828125,
          "correct": 122,
          "mean_payload_bytes": 4.0,
          "mean_payload_tokens": 1.0,
          "n": 512,
          "p50_latency_ms": 0.47047949919942766,
          "p95_latency_ms": 31.6130409919424
        },
        "raw_source_sign_sketch": {
          "accuracy": 0.326171875,
          "correct": 167,
          "mean_payload_bytes": 4.0,
          "mean_payload_tokens": 1.0,
          "n": 512,
          "p50_latency_ms": 24.958895999589004,
          "p95_latency_ms": 81.23108399740886
        },
        "relative_answer_masked_source": {
          "accuracy": 0.2578125,
          "correct": 132,
          "mean_payload_bytes": 4.0,
          "mean_payload_tokens": 1.0,
          "n": 512,
          "p50_latency_ms": 26.485541500733234,
          "p95_latency_ms": 77.86045799730346
        },
        "relative_constrained_shuffled_source": {
          "accuracy": 0.177734375,
          "correct": 91,
          "mean_payload_bytes": 4.0,
          "mean_payload_tokens": 1.0,
          "n": 512,
          "p50_latency_ms": 25.038437503098976,
          "p95_latency_ms": 81.88533299835399
        },
        "relative_label_shuffled_ridge": {
          "accuracy": 0.248046875,
          "correct": 127,
          "mean_payload_bytes": 4.0,
          "mean_payload_tokens": 1.0,
          "n": 512,
          "p50_latency_ms": 25.320958004158456,
          "p95_latency_ms": 74.16641600138973
        },
        "relative_order_mismatch_source": {
          "accuracy": 0.19140625,
          "correct": 98,
          "mean_payload_bytes": 4.0,
          "mean_payload_tokens": 1.0,
          "n": 512,
          "p50_latency_ms": 24.35733399761375,
          "p95_latency_ms": 74.07200000307057
        },
        "relative_permuted_score_bytes": {
          "accuracy": 0.1484375,
          "correct": 76,
          "mean_payload_bytes": 4.0,
          "mean_payload_tokens": 1.0,
          "n": 512,
          "p50_latency_ms": 24.259750003693625,
          "p95_latency_ms": 78.28495799913071
        },
        "relative_random_same_byte": {
          "accuracy": 0.23046875,
          "correct": 118,
          "mean_payload_bytes": 4.0,
          "mean_payload_tokens": 1.0,
          "n": 512,
          "p50_latency_ms": 0.06081199535401538,
          "p95_latency_ms": 4.778999995323829
        },
        "relative_score_source": {
          "accuracy": 0.494140625,
          "correct": 253,
          "mean_payload_bytes": 4.0,
          "mean_payload_tokens": 1.0,
          "n": 512,
          "p50_latency_ms": 22.697478991176467,
          "p95_latency_ms": 75.06641598592978
        },
        "scalar_answer_masked_source": {
          "accuracy": 0.26171875,
          "correct": 134,
          "mean_payload_bytes": 4.0,
          "mean_payload_tokens": 1.0,
          "n": 512,
          "p50_latency_ms": 25.448062500800006,
          "p95_latency_ms": 76.6607080004178
        },
        "scalar_constrained_shuffled_source": {
          "accuracy": 0.1953125,
          "correct": 100,
          "mean_payload_bytes": 4.0,
          "mean_payload_tokens": 1.0,
          "n": 512,
          "p50_latency_ms": 24.372645508265123,
          "p95_latency_ms": 78.13354200334288
        },
        "scalar_label_shuffled_ridge": {
          "accuracy": 0.263671875,
          "correct": 135,
          "mean_payload_bytes": 4.0,
          "mean_payload_tokens": 1.0,
          "n": 512,
          "p50_latency_ms": 25.42516650282778,
          "p95_latency_ms": 79.19133300310932
        },
        "scalar_quantized_source": {
          "accuracy": 0.42578125,
          "correct": 218,
          "mean_payload_bytes": 4.0,
          "mean_payload_tokens": 1.0,
          "n": 512,
          "p50_latency_ms": 24.232187504821923,
          "p95_latency_ms": 72.23654200788587
        },
        "scalar_shuffled_source": {
          "accuracy": 0.228515625,
          "correct": 117,
          "mean_payload_bytes": 4.0,
          "mean_payload_tokens": 1.0,
          "n": 512,
          "p50_latency_ms": 23.711874993750826,
          "p95_latency_ms": 68.02337500266731
        },
        "target_only": {
          "accuracy": 0.25,
          "correct": 128,
          "mean_payload_bytes": 0.0,
          "mean_payload_tokens": 0.0,
          "n": 512,
          "p50_latency_ms": 0.002937500539701432,
          "p95_latency_ms": 0.00791701313573867
        },
        "zero_source": {
          "accuracy": 0.25,
          "correct": 128,
          "mean_payload_bytes": 0.0,
          "mean_payload_tokens": 0.0,
          "n": 512,
          "p50_latency_ms": 0.0028750073397532105,
          "p95_latency_ms": 0.006583009962923825
        }
      },
      "pass_gate": false,
      "qjl_controls_ok": false,
      "qjl_minus_best_no_source": null,
      "qjl_minus_scalar": null,
      "qjl_residual_source_accuracy": null,
      "qjl_source_packet_pass": false,
      "relative_controls_ok": true,
      "relative_minus_best_no_source": 0.244140625,
      "relative_minus_scalar": 0.068359375,
      "relative_score_source_accuracy": 0.494140625,
      "relative_source_packet_pass": true,
      "scalar_controls_ok": true,
      "scalar_minus_best_no_source": 0.17578125,
      "scalar_quantized_source_accuracy": 0.42578125,
      "scalar_source_packet_pass": true,
      "target_only_accuracy": 0.25
    }
  ],
  "budgets": [
    4
  ],
  "candidate_pool_recall": 1.0,
  "candidate_view": "slot",
  "candidates": 4,
  "code_projection_sha256": "ecdf2cca90546220df37f713cbae254c39da756040dc798437c99b38fb8abe52",
  "created_utc": "2026-04-29T06:39:17.170687+00:00",
  "encoder_sha256": "404a8cfffd543750d2b33e577fcc4a5ba1e90fcea4ac2e3fb020ffcfb7e13b6b",
  "eval_examples": 512,
  "eval_family_set": "all",
  "eval_seed": 30,
  "exact_id_parity": true,
  "feature_dim": 512,
  "fit_intercept": false,
  "gate": "source_private_tool_trace_compression_baselines",
  "label_shuffle_encoder_sha256": "15aa6db3e41be34134a6e3a4e948931d21588159f6d186564b949d600d259d67",
  "label_shuffle_seed": 145117,
  "packet_variants": [
    "relative_scores"
  ],
  "pass_gate": true,
  "pass_rule": "learned syndrome pass: beats target/no-source by >=0.15 and beats best matched-byte compression baseline by >=0.02. Scalar packet pass: scalar quantized source packet beats no-source by >=0.15 and scalar source-destroying controls stay within target_only +0.05. Optional packet variants are reported as comparator/candidate rows and do not change the historical pass gate.",
  "prediction_files": {
    "4": "predictions_budget4.jsonl"
  },
  "qjl_residual_projection_sha256": "288d46b5161627973ba4baa257597127e16fe23b013eeb667eaa9122ac6c53ee",
  "relative_score_calibration": {
    "hi": 0.9992149597406387,
    "lo": 0.35930425494909285
  },
  "remap_slot_seed": 101,
  "ridge": 0.01,
  "scalar_projection_sha256": "2f98e1c1c2b6c4e6f21f9f541cecd7dad8d767eec1133352667d2c9343f6c14d",
  "train_examples": 768,
  "train_family_set": "all",
  "train_seed": 29
}