row_id,content_id,answer_index,full_prompt_prediction,frozen_target_slots_prediction,source_residual_prediction,source_top1_prediction,source_residual_kl_to_full,frozen_target_slots_kl_to_full,source_residual_rms,source_feature_norm
992,20a68cc2234ddc31f4a48593f788aa95c59236883f707aee4195c2ad490ed115,3,3,3,3,3,0.04820391435450838,0.04764883792935623,0.017317263409495354,1.8598667815807388
1005,ddadd2146716ee05a973177fefd3c04b9478d18d08a13137e9074658ccab196e,1,1,2,2,1,0.2243049130309011,0.17427717449657076,0.01745886355638504,1.9386365619092691
1012,031c33517e2acf54a7e5ee77e548717c601bd60e453f11c0fa8a0ce9c0611fb7,3,3,0,3,2,0.022043947391049534,0.022991924784933004,0.014973551034927368,1.7230472942633785
1045,9c504c5da88e8aa131cdcb5cd2e8e270f56b4cf10b2843af434c714e5d3c5f8a,2,0,0,0,0,0.2981075438859329,0.4022282049948698,0.02107572741806507,1.8042938902900878
1046,18a477f3c8686380e53b75c94375f13ff130e75e9176f61be09cdbd0d44bc58f,3,3,3,3,3,0.1924107473268044,0.38185901743398376,0.017483029514551163,1.813406055827975
1047,ae8ce2cf35acf36ffa5627007c9799558caa3d0d73232d9f810cef8933be39fa,2,2,3,3,2,1.727486362109313,1.7520066114488477,0.014682651497423649,1.8895375562839376
1050,0f7beabbec61913bab7fd901c04d710f7a724a3108c5728dba4e7dd806ab68c5,2,2,2,2,2,0.07089386287929941,0.13352025463155842,0.014877349138259888,1.6901096318492554
1052,01eefd2edc7994d9c8a30592b107a8ffe5f1dc1b7c7477c589e2ce64cac5c65f,0,1,2,2,0,0.5829475178029819,0.33391378576110764,0.019292684271931648,1.6979773589258282
