group,model,EM,F1,NLL/token,wall_clock_sec,compression,payload_bytes,samples,M,token_budget_mode,token_budget_k,dataset
text,llama,0.59,0.8007829157729505,12.72173482274305,16.914251804351807,5.105520833333333,43008,200,48,content_only,32,squad
text,qwen,0.665,0.8383902733374898,25.81069942126198,16.914251804351807,4.826875,43008,200,48,content_only,32,squad
latent,llama,0.0,0.01183385508198984,10.211560771038203,3.216750144958496,5.105520833333333,43008,200,48,content_only,32,squad
latent,qwen,0.0,0.0024999999812500002,10.101282567574234,3.216750144958496,4.826875,43008,200,48,content_only,32,squad
token_budget,llama,0.005,0.04095895236860437,,3.9843971729278564,5.105520833333333,43008,200,48,content_only,32,squad
token_budget,qwen,0.04,0.07479711898018827,,3.9843971729278564,4.826875,43008,200,48,content_only,32,squad
joint,both,0.0,0.0024999999812500002,,,,43008,200,48,content_only,32,squad
