{
  "activation_stats": {
    "0": {
      "kurtosis": 28.35496711730957,
      "max_abs": 1.8232421875
    },
    "1": {
      "kurtosis": 77.30242919921875,
      "max_abs": 1.66357421875
    },
    "2": {
      "kurtosis": 67.63057327270508,
      "max_abs": 1.619140625
    },
    "3": {
      "kurtosis": 75.41168594360352,
      "max_abs": 1.8232421875
    },
    "4": {
      "kurtosis": 104.02418899536133,
      "max_abs": 2.599609375
    },
    "5": {
      "kurtosis": 119.5549087524414,
      "max_abs": 2.748046875
    },
    "6": {
      "kurtosis": 167.23914337158203,
      "max_abs": 3.1220703125
    },
    "7": {
      "kurtosis": 123.00425338745117,
      "max_abs": 3.009765625
    }
  },
  "activation_stats_by_prompt": {
    "hrsmoke_0001": {
      "0": {
        "kurtosis": 26.83186149597168,
        "max_abs": 1.8359375
      },
      "1": {
        "kurtosis": 84.904296875,
        "max_abs": 1.7578125
      },
      "2": {
        "kurtosis": 67.90548706054688,
        "max_abs": 1.697265625
      },
      "3": {
        "kurtosis": 73.95774841308594,
        "max_abs": 1.759765625
      },
      "4": {
        "kurtosis": 94.69352722167969,
        "max_abs": 2.599609375
      },
      "5": {
        "kurtosis": 103.95814514160156,
        "max_abs": 2.748046875
      },
      "6": {
        "kurtosis": 142.57968139648438,
        "max_abs": 3.091796875
      },
      "7": {
        "kurtosis": 105.75618743896484,
        "max_abs": 3.009765625
      }
    },
    "hrsmoke_0002": {
      "0": {
        "kurtosis": 29.87807273864746,
        "max_abs": 1.810546875
      },
      "1": {
        "kurtosis": 69.7005615234375,
        "max_abs": 1.5693359375
      },
      "2": {
        "kurtosis": 67.35565948486328,
        "max_abs": 1.541015625
      },
      "3": {
        "kurtosis": 76.8656234741211,
        "max_abs": 1.88671875
      },
      "4": {
        "kurtosis": 113.35485076904297,
        "max_abs": 2.599609375
      },
      "5": {
        "kurtosis": 135.15167236328125,
        "max_abs": 2.748046875
      },
      "6": {
        "kurtosis": 191.8986053466797,
        "max_abs": 3.15234375
      },
      "7": {
        "kurtosis": 140.2523193359375,
        "max_abs": 3.009765625
      }
    }
  },
  "baseline_seconds": 79.502800541115,
  "baseline_seconds_by_prompt": {
    "hrsmoke_0001": 48.14115129108541,
    "hrsmoke_0002": 31.361649250029586
  },
  "block_size": 32,
  "checker_decision": "RESOURCE_LIMITED_NOT_PROMOTABLE_FAIL_REAL_B1_SENSITIVITY_HETEROGENEITY",
  "checker_errors": [],
  "checker_ok": true,
  "claim_boundary": [
    "resource-limited local HBSM sensitivity packet",
    "not HBSM B1 promotion",
    "not GPU evidence",
    "not quality benchmark evidence"
  ],
  "decision": "RESOURCE_LIMITED_HBSM_B1_PACKET_WRITTEN_NOT_PROMOTABLE",
  "drift_by_layer": {
    "0": 0.0020578390976879746,
    "1": 0.0040636141784489155,
    "2": 0.03567878715693951,
    "3": 0.007776237092912197,
    "4": 0.012432819232344627,
    "5": 0.03242843225598335,
    "6": 0.008509756647981703,
    "7": 0.008063016459345818
  },
  "gate_packet": "experimental/shared/results/hbsm_prompt2_sensitivity_20260507/hbsm_gate_packet",
  "input_tokens": 8,
  "input_tokens_by_prompt": {
    "hrsmoke_0001": 8,
    "hrsmoke_0002": 8
  },
  "layer_indices": [
    0,
    1,
    2,
    3,
    4,
    5,
    6,
    7
  ],
  "load_seconds": 9.924090916989371,
  "model_id": "ibm-granite/granite-4.0-h-tiny",
  "perturb_seconds": {
    "hrsmoke_0001": {
      "0": 24.895186292007565,
      "1": 46.420561833889224,
      "2": 37.34405450010672,
      "3": 31.993371875025332,
      "4": 54.20513812499121,
      "5": 88.49719154194463,
      "6": 38.985584707930684,
      "7": 30.493587541976012
    },
    "hrsmoke_0002": {
      "0": 28.896765040932223,
      "1": 26.963129625073634,
      "2": 19.820574084063992,
      "3": 8.578633875004016,
      "4": 6.584109375020489,
      "5": 6.483464292017743,
      "6": 6.486701917019673,
      "7": 6.502771458006464
    }
  },
  "prompt_count": 2,
  "prompt_drift_by_layer": {
    "hrsmoke_0001": {
      "0": 0.0004445824888534844,
      "1": 0.005558231379836798,
      "2": 0.005777660757303238,
      "3": 0.010679769329726696,
      "4": 0.006483949720859528,
      "5": 0.0273013673722744,
      "6": 0.003255256684496999,
      "7": 0.009594105184078217
    },
    "hrsmoke_0002": {
      "0": 0.0036710957065224648,
      "1": 0.0025689969770610332,
      "2": 0.06557991355657578,
      "3": 0.004872704856097698,
      "4": 0.018381688743829727,
      "5": 0.037555497139692307,
      "6": 0.013764256611466408,
      "7": 0.006531927734613419
    }
  },
  "prompt_id": "hrsmoke_0001",
  "prompt_ids": [
    "hrsmoke_0001",
    "hrsmoke_0002"
  ],
  "row_packet": "experimental/shared/results/hbsm_prompt2_sensitivity_20260507/hbsm_row_packet.json",
  "surface": "hbsm_local_sensitivity_runner"
}
