{
  "model": "Rosetta",
  "dataset": "ai2-arc",
  "answer_method": "generate",
  "overall_accuracy": 0.5326633165829145,
  "subjects": {
    "SPLIT_0_OF_1": 0.5326633165829145
  },
  "kv_transfer_stats": {
    "count": 5572,
    "selected_min": 25,
    "selected_max": 53,
    "selected_sum": 193340,
    "total_sum": 773108,
    "selected_fraction_sum": 1393.4676896454685,
    "score_mean_sum": 214595.93240880966,
    "score_min": 2.134125232696533,
    "score_max": 217.5687255859375,
    "prefill_count": 199,
    "prefill_time_sum_ms": 45854.555971222,
    "selection_time_sum_ms": 1992.3674603924155,
    "projection_score_time_sum_ms": 10109.994060127065,
    "projection_transfer_time_sum_ms": 11995.627973927185,
    "fuse_time_sum_ms": 597.7336477953941,
    "rd_int8_sum": 0,
    "rd_int4_sum": 0,
    "rd_drop_sum": 0,
    "rd_budget_bytes_sum": 0.0,
    "rd_bytes_used_sum": 0.0,
    "rd_effective_bits_sum": 0.0,
    "rd_payload_bytes_sum": 0.0,
    "rd_index_bytes_sum": 0.0,
    "rd_scale_bytes_sum": 0.0,
    "selected_mean": 34.698492462311556,
    "total_mean": 138.74874371859298,
    "selected_fraction_mean": 0.25008393568655213,
    "score_mean": 38.51326855865213,
    "prefill_time_mean_ms": 230.42490437799998,
    "selection_time_mean_ms": 0.3575677423532691,
    "projection_score_time_mean_ms": 1.814428223281957,
    "projection_transfer_time_mean_ms": 2.1528406270508227,
    "fuse_time_mean_ms": 0.10727452401209513,
    "rd_int8_mean": 0.0,
    "rd_int4_mean": 0.0,
    "rd_drop_mean": 0.0,
    "rd_budget_bytes_mean": 0.0,
    "rd_bytes_used_mean": 0.0,
    "rd_effective_bits_mean": 0.0,
    "rd_payload_bytes_mean": 0.0,
    "rd_index_bytes_mean": 0.0,
    "rd_scale_bytes_mean": 0.0
  },
  "length_statistics": {
    "subjects": {
      "SPLIT_0_OF_1": {
        "avg_input_length": 139.74874371859298,
        "avg_gen_length": 8.879396984924623,
        "avg_length_ratio": 0.06497650446230215,
        "accuracy": 0.5326633165829145,
        "total_samples": 199
      }
    }
  }
}