{
  "model": "Rosetta",
  "dataset": "ai2-arc",
  "answer_method": "generate",
  "overall_accuracy": 0.48186528497409326,
  "subjects": {
    "SPLIT_0_OF_1": 0.48186528497409326
  },
  "kv_transfer_stats": {
    "count": 5404,
    "selected_min": 25,
    "selected_max": 66,
    "selected_sum": 189364,
    "total_sum": 757092,
    "selected_fraction_sum": 1351.6470574183038,
    "score_mean_sum": 207812.60683894157,
    "score_min": 2.0987627506256104,
    "score_max": 230.7533416748047,
    "prefill_count": 193,
    "prefill_time_sum_ms": 44088.537092437036,
    "selection_time_sum_ms": 1948.7030758755282,
    "projection_score_time_sum_ms": 9787.731488817371,
    "projection_transfer_time_sum_ms": 11610.387447057292,
    "fuse_time_sum_ms": 578.1982231419533,
    "rd_int8_sum": 0,
    "rd_int4_sum": 0,
    "rd_drop_sum": 0,
    "rd_budget_bytes_sum": 0.0,
    "rd_bytes_used_sum": 0.0,
    "rd_effective_bits_sum": 0.0,
    "rd_payload_bytes_sum": 0.0,
    "rd_index_bytes_sum": 0.0,
    "rd_scale_bytes_sum": 0.0,
    "selected_mean": 35.04145077720207,
    "total_mean": 140.0984455958549,
    "selected_fraction_mean": 0.2501197367539422,
    "score_mean": 38.4553306511735,
    "prefill_time_mean_ms": 228.4380160229898,
    "selection_time_mean_ms": 0.36060382603174096,
    "projection_score_time_mean_ms": 1.8112012377530295,
    "projection_transfer_time_mean_ms": 2.1484802825790696,
    "fuse_time_mean_ms": 0.10699448984862202,
    "rd_int8_mean": 0.0,
    "rd_int4_mean": 0.0,
    "rd_drop_mean": 0.0,
    "rd_budget_bytes_mean": 0.0,
    "rd_bytes_used_mean": 0.0,
    "rd_effective_bits_mean": 0.0,
    "rd_payload_bytes_mean": 0.0,
    "rd_index_bytes_mean": 0.0,
    "rd_scale_bytes_mean": 0.0
  },
  "length_statistics": {
    "subjects": {
      "SPLIT_0_OF_1": {
        "avg_input_length": 141.0984455958549,
        "avg_gen_length": 8.73056994818653,
        "avg_length_ratio": 0.06358054828084801,
        "accuracy": 0.48186528497409326,
        "total_samples": 193
      }
    }
  }
}