{
  "llama": {
    "rms_mean": 0.8090561118439166,
    "count": 685
  },
  "qwen": {
    "rms_mean": 0.6633857819285706,
    "count": 685
  }
}