{
  "model": "Rosetta",
  "dataset": "openbookqa",
  "answer_method": "generate",
  "overall_accuracy": 0.49,
  "subjects": {
    "SPLIT_0_OF_1": 0.49
  },
  "kv_transfer_stats": {
    "count": 5600,
    "selected_min": 32,
    "selected_max": 32,
    "selected_sum": 179200,
    "total_sum": 648088,
    "selected_fraction_sum": 1558.833632214617,
    "score_mean_sum": 98897.62376022339,
    "score_min": 1.3496845960617065,
    "score_max": 88.60375213623047,
    "prefill_count": 200,
    "prefill_time_sum_ms": 92987.7409444889,
    "selection_time_sum_ms": 846.9115634215996,
    "projection_score_time_sum_ms": 11881.242188042961,
    "projection_transfer_time_sum_ms": 23219.70843116287,
    "fuse_time_sum_ms": 1078.9777497993782,
    "rd_int8_sum": 173600,
    "rd_int4_sum": 5600,
    "rd_drop_sum": 468888,
    "rd_budget_bytes_sum": 45976000.0,
    "rd_bytes_used_sum": 45696000.0,
    "rd_effective_bits_sum": 44625.0,
    "rd_payload_bytes_sum": 45158400.0,
    "rd_index_bytes_sum": 358400.0,
    "rd_scale_bytes_sum": 179200.0,
    "selected_mean": 32.0,
    "total_mean": 115.73,
    "selected_fraction_mean": 0.27836314860975303,
    "score_mean": 17.660289957182748,
    "prefill_time_mean_ms": 464.9387047224445,
    "selection_time_mean_ms": 0.15123420775385707,
    "projection_score_time_mean_ms": 2.1216503907219573,
    "projection_transfer_time_mean_ms": 4.146376505564798,
    "fuse_time_mean_ms": 0.1926745981784604,
    "rd_int8_mean": 31.0,
    "rd_int4_mean": 1.0,
    "rd_drop_mean": 83.73,
    "rd_budget_bytes_mean": 8210.0,
    "rd_bytes_used_mean": 8160.0,
    "rd_effective_bits_mean": 7.96875,
    "rd_payload_bytes_mean": 8064.0,
    "rd_index_bytes_mean": 64.0,
    "rd_scale_bytes_mean": 32.0
  },
  "length_statistics": {
    "subjects": {
      "SPLIT_0_OF_1": {
        "avg_input_length": 116.73,
        "avg_gen_length": 7.36,
        "avg_length_ratio": 0.0632605120368774,
        "accuracy": 0.49,
        "total_samples": 200
      }
    }
  }
}