{
  "model": "Rosetta",
  "dataset": "openbookqa",
  "answer_method": "generate",
  "overall_accuracy": 0.43,
  "subjects": {
    "SPLIT_0_OF_1": 0.43
  },
  "kv_transfer_stats": {
    "count": 2800,
    "selected_min": 32,
    "selected_max": 32,
    "selected_sum": 89600,
    "total_sum": 330400,
    "selected_fraction_sum": 767.666628829778,
    "score_mean_sum": 49531.30518460274,
    "score_min": 1.3499581813812256,
    "score_max": 88.35688781738281,
    "prefill_count": 100,
    "prefill_time_sum_ms": 47931.17580539547,
    "selection_time_sum_ms": 448.1394903268665,
    "projection_score_time_sum_ms": 6036.197000183165,
    "projection_transfer_time_sum_ms": 11723.228492191993,
    "fuse_time_sum_ms": 541.0519280703738,
    "rd_int8_sum": 86800,
    "rd_int4_sum": 2800,
    "rd_drop_sum": 240800,
    "rd_budget_bytes_sum": 22988000.0,
    "rd_bytes_used_sum": 22848000.0,
    "rd_effective_bits_sum": 22312.5,
    "rd_payload_bytes_sum": 22579200.0,
    "rd_index_bytes_sum": 179200.0,
    "rd_scale_bytes_sum": 89600.0,
    "selected_mean": 32.0,
    "total_mean": 118.0,
    "selected_fraction_mean": 0.27416665315349215,
    "score_mean": 17.689751851643834,
    "prefill_time_mean_ms": 479.3117580539547,
    "selection_time_mean_ms": 0.1600498179738809,
    "projection_score_time_mean_ms": 2.155784642922559,
    "projection_transfer_time_mean_ms": 4.186867318639997,
    "fuse_time_mean_ms": 0.19323283145370493,
    "rd_int8_mean": 31.0,
    "rd_int4_mean": 1.0,
    "rd_drop_mean": 86.0,
    "rd_budget_bytes_mean": 8210.0,
    "rd_bytes_used_mean": 8160.0,
    "rd_effective_bits_mean": 7.96875,
    "rd_payload_bytes_mean": 8064.0,
    "rd_index_bytes_mean": 64.0,
    "rd_scale_bytes_mean": 32.0
  },
  "length_statistics": {
    "subjects": {
      "SPLIT_0_OF_1": {
        "avg_input_length": 119.0,
        "avg_gen_length": 7.21,
        "avg_length_ratio": 0.06129705465485081,
        "accuracy": 0.43,
        "total_samples": 100
      }
    }
  }
}