{
  "llama": {
    "rms_mean_raw": 0.01055019945172327,
    "rms_mean_cal": 0.010571210727627789,
    "embed_rms": 0.010562317445874214,
    "count": 350
  },
  "qwen": {
    "rms_mean_raw": 0.013641043465052332,
    "rms_mean_cal": 0.013640906983720405,
    "embed_rms": 0.013643916696310043,
    "count": 350
  }
}