group,model,EM,F1,NLL/token,wall_clock_sec,compression,payload_bytes,samples,M,token_budget_mode,token_budget_k,dataset
text,llama,0.57,0.7946605069533639,12.45985620746975,38.78994369506836,7.668359375,2329600,400,32,content_only,32,squad
text,qwen,0.57,0.7710500615481606,24.665170413293474,38.78994369506836,7.240546875,2329600,400,32,content_only,32,squad
latent,llama,0.0,0.0171527042615215,11.785306598353166,9.316582202911377,7.668359375,2329600,400,32,content_only,32,squad
latent,qwen,0.0,0.018082066222637232,11.007771715587374,9.316582202911377,7.240546875,2329600,400,32,content_only,32,squad
token_budget,llama,0.005,0.038536858227354115,,10.453337907791138,7.668359375,2329600,400,32,content_only,32,squad
token_budget,qwen,0.0375,0.09217770558777424,,10.453337907791138,7.240546875,2329600,400,32,content_only,32,squad
joint,both,0.0,0.01739006512164787,,,,2329600,400,32,content_only,32,squad
