slice_start,eval_rows,method_accuracy,fixed_hybrid_accuracy,delta_vs_fixed_hybrid,ci95_low_vs_fixed_hybrid,helps_vs_fixed_hybrid,harms_vs_fixed_hybrid
1024,384,0.4869791666666667,0.4869791666666667,0.0,-0.010416666666666666,2,2
1536,384,0.4401041666666667,0.4479166666666667,-0.0078125,-0.018229166666666668,0,3
