{
  "model": "Rosetta",
  "dataset": "ai2-arc",
  "answer_method": "generate",
  "overall_accuracy": 0.5202020202020202,
  "subjects": {
    "SPLIT_0_OF_1": 0.5202020202020202
  },
  "kv_transfer_stats": {
    "count": 5544,
    "selected_min": 50,
    "selected_max": 136,
    "selected_sum": 390740,
    "total_sum": 781704,
    "selected_fraction_sum": 2771.444529689666,
    "score_mean_sum": 193775.6256814003,
    "score_min": 1.8954253196716309,
    "score_max": 224.0343017578125,
    "prefill_count": 198,
    "prefill_time_sum_ms": 44798.48991124891,
    "selection_time_sum_ms": 1995.8838471211493,
    "projection_score_time_sum_ms": 10217.823435086757,
    "projection_transfer_time_sum_ms": 11518.214674433693,
    "fuse_time_sum_ms": 576.8175921402872,
    "rd_int8_sum": 0,
    "rd_int4_sum": 0,
    "rd_drop_sum": 0,
    "rd_budget_bytes_sum": 0.0,
    "rd_bytes_used_sum": 0.0,
    "rd_effective_bits_sum": 0.0,
    "rd_payload_bytes_sum": 0.0,
    "rd_index_bytes_sum": 0.0,
    "rd_scale_bytes_sum": 0.0,
    "selected_mean": 70.47979797979798,
    "total_mean": 141.0,
    "selected_fraction_mean": 0.49989980694258046,
    "score_mean": 34.952313434596014,
    "prefill_time_mean_ms": 226.25499955176215,
    "selection_time_mean_ms": 0.3600079089323862,
    "projection_score_time_mean_ms": 1.843041745145519,
    "projection_transfer_time_mean_ms": 2.0776000495010267,
    "fuse_time_mean_ms": 0.10404357722588152,
    "rd_int8_mean": 0.0,
    "rd_int4_mean": 0.0,
    "rd_drop_mean": 0.0,
    "rd_budget_bytes_mean": 0.0,
    "rd_bytes_used_mean": 0.0,
    "rd_effective_bits_mean": 0.0,
    "rd_payload_bytes_mean": 0.0,
    "rd_index_bytes_mean": 0.0,
    "rd_scale_bytes_mean": 0.0
  },
  "length_statistics": {
    "subjects": {
      "SPLIT_0_OF_1": {
        "avg_input_length": 142.0,
        "avg_gen_length": 9.787878787878787,
        "avg_length_ratio": 0.06979283184257715,
        "accuracy": 0.5202020202020202,
        "total_samples": 198
      }
    }
  }
}