{
  "model": "Rosetta",
  "dataset": "ai2-arc",
  "answer_method": "generate",
  "overall_accuracy": 0.5326633165829145,
  "subjects": {
    "SPLIT_0_OF_1": 0.5326633165829145
  },
  "kv_transfer_stats": {
    "count": 5572,
    "selected_min": 50,
    "selected_max": 106,
    "selected_sum": 386540,
    "total_sum": 773108,
    "selected_fraction_sum": 2785.9781875223807,
    "score_mean_sum": 195141.76611852646,
    "score_min": 1.9020328521728516,
    "score_max": 217.5687255859375,
    "prefill_count": 199,
    "prefill_time_sum_ms": 45899.32685287204,
    "selection_time_sum_ms": 2006.9623437011614,
    "projection_score_time_sum_ms": 10312.076653703116,
    "projection_transfer_time_sum_ms": 12018.762632622384,
    "fuse_time_sum_ms": 602.8912088368088,
    "rd_int8_sum": 0,
    "rd_int4_sum": 0,
    "rd_drop_sum": 0,
    "rd_budget_bytes_sum": 0.0,
    "rd_bytes_used_sum": 0.0,
    "rd_effective_bits_sum": 0.0,
    "rd_payload_bytes_sum": 0.0,
    "rd_index_bytes_sum": 0.0,
    "rd_scale_bytes_sum": 0.0,
    "selected_mean": 69.37185929648241,
    "total_mean": 138.74874371859298,
    "selected_fraction_mean": 0.49999608534141793,
    "score_mean": 35.021853215815945,
    "prefill_time_mean_ms": 230.64988368277406,
    "selection_time_mean_ms": 0.36018706814450135,
    "projection_score_time_mean_ms": 1.8506957382812483,
    "projection_transfer_time_mean_ms": 2.1569925758475206,
    "fuse_time_mean_ms": 0.10820014516094917,
    "rd_int8_mean": 0.0,
    "rd_int4_mean": 0.0,
    "rd_drop_mean": 0.0,
    "rd_budget_bytes_mean": 0.0,
    "rd_bytes_used_mean": 0.0,
    "rd_effective_bits_mean": 0.0,
    "rd_payload_bytes_mean": 0.0,
    "rd_index_bytes_mean": 0.0,
    "rd_scale_bytes_mean": 0.0
  },
  "length_statistics": {
    "subjects": {
      "SPLIT_0_OF_1": {
        "avg_input_length": 139.74874371859298,
        "avg_gen_length": 9.412060301507537,
        "avg_length_ratio": 0.06886119363078569,
        "accuracy": 0.5326633165829145,
        "total_samples": 199
      }
    }
  }
}