{
  "config": {
    "model_id": "meta-llama/Meta-Llama-3.1-8B-Instruct",
    "dataset": "squad",
    "samples": 10000,
    "max_new_tokens": 12,
    "batch_size": 256,
    "save_dir": "runs/full_suite/baselines/text_llama"
  },
  "em": 0.0043,
  "f1": 0.36279272734133794,
  "exact_match": 0.0043,
  "f1_score": 0.36279272734133794,
  "num_examples": 10000,
  "n_examples": 10000,
  "timestamp": "2025-10-12T20:48:39.112671",
  "total_time_sec": 257.99462246894836
}