{
  "model": "Rosetta",
  "dataset": "ai2-arc",
  "answer_method": "generate",
  "overall_accuracy": 0.48704663212435234,
  "subjects": {
    "SPLIT_0_OF_1": 0.48704663212435234
  },
  "kv_transfer_stats": {
    "count": 5404,
    "selected_min": 10,
    "selected_max": 26,
    "selected_sum": 75852,
    "total_sum": 757092,
    "selected_fraction_sum": 541.5874569243035,
    "score_mean_sum": 116680.63584339619,
    "score_min": 1.4286015033721924,
    "score_max": 88.81431579589844,
    "prefill_count": 193,
    "prefill_time_sum_ms": 33733.44992706552,
    "selection_time_sum_ms": 2007.1474015712738,
    "projection_score_time_sum_ms": 11290.511684142984,
    "projection_transfer_time_sum_ms": 0.0,
    "fuse_time_sum_ms": 812.4773594317958,
    "rd_int8_sum": 0,
    "rd_int4_sum": 0,
    "rd_drop_sum": 0,
    "rd_budget_bytes_sum": 0.0,
    "rd_bytes_used_sum": 0.0,
    "rd_effective_bits_sum": 0.0,
    "rd_payload_bytes_sum": 0.0,
    "rd_index_bytes_sum": 0.0,
    "rd_scale_bytes_sum": 0.0,
    "selected_mean": 14.036269430051814,
    "total_mean": 140.0984455958549,
    "selected_fraction_mean": 0.10021973666252841,
    "score_mean": 21.591531429199886,
    "prefill_time_mean_ms": 174.78471464800788,
    "selection_time_mean_ms": 0.3714188381886147,
    "projection_score_time_mean_ms": 2.08928787641432,
    "projection_transfer_time_mean_ms": 0.0,
    "fuse_time_mean_ms": 0.15034740181935524,
    "rd_int8_mean": 0.0,
    "rd_int4_mean": 0.0,
    "rd_drop_mean": 0.0,
    "rd_budget_bytes_mean": 0.0,
    "rd_bytes_used_mean": 0.0,
    "rd_effective_bits_mean": 0.0,
    "rd_payload_bytes_mean": 0.0,
    "rd_index_bytes_mean": 0.0,
    "rd_scale_bytes_mean": 0.0
  },
  "length_statistics": {
    "subjects": {
      "SPLIT_0_OF_1": {
        "avg_input_length": 141.0984455958549,
        "avg_gen_length": 8.124352331606218,
        "avg_length_ratio": 0.05840261285796555,
        "accuracy": 0.48704663212435234,
        "total_samples": 193
      }
    }
  }
}