{
  "model": "Rosetta",
  "dataset": "ai2-arc",
  "answer_method": "generate",
  "overall_accuracy": 0.5025380710659898,
  "subjects": {
    "SPLIT_0_OF_1": 0.5025380710659898
  },
  "kv_transfer_stats": {
    "count": 5516,
    "selected_min": 10,
    "selected_max": 24,
    "selected_sum": 77028,
    "total_sum": 769076,
    "selected_fraction_sum": 552.621019940931,
    "score_mean_sum": 119336.11401212215,
    "score_min": 1.4494304656982422,
    "score_max": 88.71595764160156,
    "prefill_count": 197,
    "prefill_time_sum_ms": 35542.18714404851,
    "selection_time_sum_ms": 2062.822264735587,
    "projection_score_time_sum_ms": 11546.704349457286,
    "projection_transfer_time_sum_ms": 0.0,
    "fuse_time_sum_ms": 833.360914606601,
    "rd_int8_sum": 0,
    "rd_int4_sum": 0,
    "rd_drop_sum": 0,
    "rd_budget_bytes_sum": 0.0,
    "rd_bytes_used_sum": 0.0,
    "rd_effective_bits_sum": 0.0,
    "rd_payload_bytes_sum": 0.0,
    "rd_index_bytes_sum": 0.0,
    "rd_scale_bytes_sum": 0.0,
    "selected_mean": 13.964467005076141,
    "total_mean": 139.4263959390863,
    "selected_fraction_mean": 0.10018510151213397,
    "score_mean": 21.634538435845204,
    "prefill_time_mean_ms": 180.41719362461174,
    "selection_time_mean_ms": 0.3739706788860745,
    "projection_score_time_mean_ms": 2.0933111583497617,
    "projection_transfer_time_mean_ms": 0.0,
    "fuse_time_mean_ms": 0.1510806589207036,
    "rd_int8_mean": 0.0,
    "rd_int4_mean": 0.0,
    "rd_drop_mean": 0.0,
    "rd_budget_bytes_mean": 0.0,
    "rd_bytes_used_mean": 0.0,
    "rd_effective_bits_mean": 0.0,
    "rd_payload_bytes_mean": 0.0,
    "rd_index_bytes_mean": 0.0,
    "rd_scale_bytes_mean": 0.0
  },
  "length_statistics": {
    "subjects": {
      "SPLIT_0_OF_1": {
        "avg_input_length": 140.4263959390863,
        "avg_gen_length": 8.096446700507615,
        "avg_length_ratio": 0.058490534145736246,
        "accuracy": 0.5025380710659898,
        "total_samples": 197
      }
    }
  }
}