{
  "llama": {
    "rms_mean_raw": 0.010551542325743606,
    "rms_mean_cal": 0.010571158988667386,
    "embed_rms": 0.010575145483016968,
    "count": 350
  },
  "qwen": {
    "rms_mean_raw": 0.01364258725196123,
    "rms_mean_cal": 0.013640940535281386,
    "embed_rms": 0.01363915205001831,
    "count": 350
  }
}