{
  "model": "Rosetta",
  "dataset": "ai2-arc",
  "answer_method": "generate",
  "overall_accuracy": 0.5699481865284974,
  "subjects": {
    "SPLIT_0_OF_1": 0.5699481865284974
  },
  "length_statistics": {
    "subjects": {
      "SPLIT_0_OF_1": {
        "avg_input_length": 141.0984455958549,
        "avg_gen_length": 9.341968911917098,
        "avg_length_ratio": 0.06781479442052624,
        "accuracy": 0.5699481865284974,
        "total_samples": 193
      }
    }
  }
}