{
  "model": "Rosetta",
  "dataset": "ai2-arc",
  "answer_method": "generate",
  "overall_accuracy": 0.5527638190954773,
  "subjects": {
    "SPLIT_0_OF_1": 0.5527638190954773
  },
  "length_statistics": {
    "subjects": {
      "SPLIT_0_OF_1": {
        "avg_input_length": 139.74874371859298,
        "avg_gen_length": 9.592964824120603,
        "avg_length_ratio": 0.06989182168981178,
        "accuracy": 0.5527638190954773,
        "total_samples": 199
      }
    }
  }
}