{
  "model": "Rosetta",
  "dataset": "ai2-arc",
  "answer_method": "generate",
  "overall_accuracy": 0.5353535353535354,
  "subjects": {
    "SPLIT_0_OF_1": 0.5353535353535354
  },
  "length_statistics": {
    "subjects": {
      "SPLIT_0_OF_1": {
        "avg_input_length": 142.0,
        "avg_gen_length": 9.696969696969697,
        "avg_length_ratio": 0.0694779967201788,
        "accuracy": 0.5353535353535354,
        "total_samples": 198
      }
    }
  }
}