group,model,EM,F1,NLL/token,wall_clock_sec,compression,payload_bytes,samples,M
text,llama,0.0,0.11788552027682464,11.324581342174652,3143.836639881134,54.225,8192,50,8
text,qwen,0.0,0.01924812030075188,21.096278264822548,3143.836639881134,53.9775,8192,50,8
latent,llama,0.0,0.0,10.917419981449209,54.89199185371399,54.225,8192,50,8
latent,qwen,0.0,0.0,11.26276275969499,54.89199185371399,53.9775,8192,50,8
token_budget,llama,0.0,0.017372662425294002,,11.182677984237671,54.225,8192,50,8
token_budget,qwen,0.0,0.0,,11.182677984237671,53.9775,8192,50,8
joint,both,0.0,0.0,,,,8192,50,8
