{
  "llama": {
    "rms_mean_raw": 0.010556842451915145,
    "rms_mean_cal": 0.010571260238066316,
    "embed_rms": 0.010566912591457367,
    "count": 100
  },
  "qwen": {
    "rms_mean_raw": 0.013669955478981137,
    "rms_mean_cal": 0.013640755228698254,
    "embed_rms": 0.013625300489366055,
    "count": 100
  }
}