{
  "llama": {
    "rms_mean_raw": 0.010565286409109831,
    "rms_mean_cal": 0.010571250505745412,
    "embed_rms": 0.01057521253824234,
    "count": 20
  },
  "qwen": {
    "rms_mean_raw": 0.013646732922643423,
    "rms_mean_cal": 0.013638359308242799,
    "embed_rms": 0.013643525540828705,
    "count": 20
  }
}