{
  "llama": {
    "rms_mean_raw": 0.01056030391715467,
    "rms_mean_cal": 0.010571231534704566,
    "embed_rms": 0.010577988810837269,
    "count": 100
  },
  "qwen": {
    "rms_mean_raw": 0.01366012355312705,
    "rms_mean_cal": 0.013640475636348128,
    "embed_rms": 0.013634013012051582,
    "count": 100
  }
}