{
  "checkpoint": "runs/gist_full",
  "num_samples": 200,
  "num_gist_tokens": 5,
  "compression_ratio": 1.0500484966052377,
  "avg_full_tokens": 54.13,
  "avg_gist_tokens": 51.55,
  "rouge_scores": {
    "full_text": {
      "rouge1": 0.3799024172958083,
      "rouge2": 0.1776064631947238,
      "rougeL": 0.26329350525130824
    },
    "gist": {
      "rouge1": 0.06481321754062898,
      "rouge2": 0.039226706989634305,
      "rougeL": 0.0609195757568518
    },
    "truncated": {
      "rouge1": 0.3779207609745693,
      "rouge2": 0.1764656469322464,
      "rougeL": 0.262125280542511
    }
  },
  "relative_performance": {
    "gist_vs_full": 0.2313751556412503,
    "truncated_vs_full": 0.9955630325644296
  },
  "eval_time_seconds": 131.80348920822144
}