{
  "llama": {
    "rms_mean_raw": 0.010556275621056557,
    "rms_mean_cal": 0.010571326254201787,
    "embed_rms": 0.010566910728812218,
    "count": 350
  },
  "qwen": {
    "rms_mean_raw": 0.013641102146357298,
    "rms_mean_cal": 0.013640998285263778,
    "embed_rms": 0.013637831434607506,
    "count": 350
  }
}