{
  "samples": 200,
  "max_new_tokens": 16,
  "latent_len": 32,
  "device": "cuda",
  "dtype": "torch.bfloat16",
  "avg_prompt_tokens": {
    "llama": 245.065,
    "qwen": 231.69
  },
  "compression": {
    "llama": 7.65828125,
    "qwen": 7.2403125
  },
  "payload_bytes": 28672,
  "payload_bytes_detail": {
    "fp32": 5734400,
    "fp16": 2867200,
    "selected": null
  },
  "wire": {
    "prompt_chars": {
      "llama": 251564,
      "qwen": 221164
    },
    "prompt_count": 200,
    "latent_shape": [
      200,
      28,
      256
    ],
    "latent_bytes": {
      "fp32": 5734400,
      "fp16": 2867200
    },
    "group_size": 32,
    "scale_bits": 16,
    "selected_latent_bytes": null,
    "base_latent_bytes": 28672,
    "wire_ratio": {}
  },
  "text": {
    "llama": {
      "em": 0.585,
      "f1": 0.7986400586346852,
      "nll_token": 12.72173482274305
    },
    "qwen": {
      "em": 0.655,
      "f1": 0.8313113259894596,
      "nll_token": 25.81069942126198
    },
    "wall_clock_sec": 21.000956773757935
  },
  "latent": {
    "llama": {
      "em": 0.0,
      "f1": 0.005282679572196547,
      "nll": 10.92755247946499,
      "first_token_top1": 0.02499999850988388,
      "first_token_top5": 0.03500000014901161,
      "nll_token": 10.92755247946499
    },
    "qwen": {
      "em": 0.0,
      "f1": 0.016187293993030486,
      "nll": 10.426495039904559,
      "first_token_top1": 0.0,
      "first_token_top5": 0.0,
      "nll_token": 10.426495039904559
    },
    "wall_clock_sec": 2.8367977142333984
  },
  "token_budget": {
    "mode": "content_only",
    "k": 32,
    "llama": {
      "em": 0.005,
      "f1": 0.04095895236860437
    },
    "qwen": {
      "em": 0.04,
      "f1": 0.07479711898018827
    },
    "wall_clock_sec": 3.336111307144165
  },
  "joint": {
    "em": 0.0,
    "f1": 0.004027777660633685,
    "agreement": 0.0,
    "oracle": {
      "em": 0.0,
      "f1": 0.0203261827585373
    }
  },
  "debug": {
    "llama": {},
    "qwen": {},
    "settings": {
      "latent_anchor_mode": "auto",
      "latent_anchor_text": "",
      "prefix_gain": 1.15,
      "calibration_mode": "embed_rms",
      "append_bos_after_prefix": "yes",
      "decode": {
        "min_new_tokens": 3,
        "eos_ban_steps": 6,
        "first_token_top_p": 1.0,
        "first_token_temperature": 0.0
      }
    }
  },
  "oracle": {
    "em": 0.0,
    "f1": 0.0203261827585373
  },
  "dataset": "squad"
}