group,model,EM,F1,NLL/token,wall_clock_sec,compression,payload_bytes,samples,M,token_budget_mode,token_budget_k,dataset
text,llama,0.585,0.7986400586346852,12.72173482274305,21.000956773757935,7.65828125,28672,200,32,content_only,32,squad
text,qwen,0.655,0.8313113259894596,25.81069942126198,21.000956773757935,7.2403125,28672,200,32,content_only,32,squad
latent,llama,0.0,0.005282679572196547,10.92755247946499,2.8367977142333984,7.65828125,28672,200,32,content_only,32,squad
latent,qwen,0.0,0.016187293993030486,10.426495039904559,2.8367977142333984,7.2403125,28672,200,32,content_only,32,squad
token_budget,llama,0.005,0.04095895236860437,,3.336111307144165,7.65828125,28672,200,32,content_only,32,squad
token_budget,qwen,0.04,0.07479711898018827,,3.336111307144165,7.2403125,28672,200,32,content_only,32,squad
joint,both,0.0,0.004027777660633685,,,,28672,200,32,content_only,32,squad
