group,model,EM,F1,NLL/token,wall_clock_sec,compression,payload_bytes,samples,M,token_budget_mode,token_budget_k,dataset
text,llama,0.615,0.8094276466075133,12.403911339973977,22.72458553314209,7.65828125,1164800,200,32,content_only,32,squad
text,qwen,0.645,0.8181537358456591,24.624676366308734,22.72458553314209,7.2403125,1164800,200,32,content_only,32,squad
latent,llama,0.0,0.0020476190033741504,12.381648955701971,5.659588098526001,7.65828125,1164800,200,32,content_only,32,squad
latent,qwen,0.0,0.015449618344927852,11.25961361108003,5.659588098526001,7.2403125,1164800,200,32,content_only,32,squad
token_budget,llama,0.005,0.03978617701314485,,5.596878528594971,7.65828125,1164800,200,32,content_only,32,squad
token_budget,qwen,0.04,0.08875346809571157,,5.596878528594971,7.2403125,1164800,200,32,content_only,32,squad
joint,both,0.0,0.0020476190033741504,,,,1164800,200,32,content_only,32,squad
