group,model,EM,F1,NLL/token,wall_clock_sec,compression,payload_bytes,samples,M,token_budget_mode,token_budget_k,dataset
text,llama,0.58,0.7994106570072514,12.72173482274305,16.01315951347351,15.3165625,16384,200,16,content_only,16,squad
text,qwen,0.68,0.8528460272957177,25.81069942126198,16.01315951347351,14.480625,16384,200,16,content_only,16,squad
latent,llama,0.0,0.026780154486036847,9.062140493976827,12.841646909713745,15.3165625,16384,200,16,content_only,16,squad
latent,qwen,0.0,0.025396302227184583,8.512811786283262,12.841646909713745,14.480625,16384,200,16,content_only,16,squad
token_budget,llama,0.0,0.038205738705738714,,11.613834142684937,15.3165625,16384,200,16,content_only,16,squad
token_budget,qwen,0.01,0.04269888444888446,,11.613834142684937,14.480625,16384,200,16,content_only,16,squad
joint,both,0.0,0.026908095988978344,,,,16384,200,16,content_only,16,squad
