{
  "llama": {
    "rms_mean_raw": 0.010561693443783693,
    "rms_mean_cal": 0.010571013273937361,
    "embed_rms": 0.010572514496743679,
    "count": 350
  },
  "qwen": {
    "rms_mean_raw": 0.013632256894239357,
    "rms_mean_cal": 0.013640920128673316,
    "embed_rms": 0.013656198047101498,
    "count": 350
  }
}