{
  "model": "Rosetta",
  "dataset": "ai2-arc",
  "answer_method": "generate",
  "overall_accuracy": 0.40695652173913044,
  "subjects": {
    "SPLIT_0_OF_1": 0.40695652173913044
  },
  "length_statistics": {
    "subjects": {
      "SPLIT_0_OF_1": {
        "avg_input_length": 141.31739130434784,
        "avg_gen_length": 11.700869565217392,
        "avg_length_ratio": 0.08356225172168642,
        "accuracy": 0.40695652173913044,
        "total_samples": 1150
      }
    }
  }
}