slice_start,eval_rows,method_accuracy,fixed_hybrid_accuracy,delta_vs_fixed_hybrid,ci95_low_vs_fixed_hybrid,helps_vs_fixed_hybrid,harms_vs_fixed_hybrid
1024,384,0.4947916666666667,0.4869791666666667,0.0078125,0.0,3,0
1536,384,0.4427083333333333,0.4479166666666667,-0.005208333333333333,-0.013020833333333334,0,2
