group,model,EM,F1,NLL/token,wall_clock_sec,compression,payload_bytes,samples,M,token_budget_mode,token_budget_k,dataset
text,llama,0.58,0.7994106570072514,12.72173482274305,16.115791082382202,15.3165625,16384,200,16,content_only,16,squad
text,qwen,0.68,0.8528460272957177,25.81069942126198,16.115791082382202,14.480625,16384,200,16,content_only,16,squad
latent,llama,0.0,0.0367014097014097,8.658454694985803,12.914813756942749,15.3165625,16384,200,16,content_only,16,squad
latent,qwen,0.0,0.01964495226995227,8.568282164909222,12.914813756942749,14.480625,16384,200,16,content_only,16,squad
token_budget,llama,0.0,0.038205738705738714,,11.756850481033325,15.3165625,16384,200,16,content_only,16,squad
token_budget,qwen,0.01,0.04269888444888446,,11.756850481033325,14.480625,16384,200,16,content_only,16,squad
joint,both,0.0,0.026825438450438447,,,,16384,200,16,content_only,16,squad
