{
  "model": "Rosetta",
  "dataset": "ai2-arc",
  "answer_method": "generate",
  "overall_accuracy": 0.5482233502538071,
  "subjects": {
    "SPLIT_0_OF_1": 0.5482233502538071
  },
  "kv_transfer_stats": {
    "count": 5516,
    "selected_min": 105,
    "selected_max": 237,
    "selected_sum": 769076,
    "total_sum": 769076,
    "selected_fraction_sum": 5516.0,
    "score_mean_sum": 69921.29679703712,
    "score_min": 0.12485925853252411,
    "score_max": 88.71595764160156,
    "prefill_count": 197,
    "prefill_time_sum_ms": 33733.35417872295,
    "selection_time_sum_ms": 639.1477277502418,
    "projection_score_time_sum_ms": 11723.79182849545,
    "projection_transfer_time_sum_ms": 0.0,
    "fuse_time_sum_ms": 836.2598442472517,
    "rd_int8_sum": 0,
    "rd_int4_sum": 0,
    "rd_drop_sum": 0,
    "rd_budget_bytes_sum": 0.0,
    "rd_bytes_used_sum": 0.0,
    "rd_effective_bits_sum": 0.0,
    "rd_payload_bytes_sum": 0.0,
    "rd_index_bytes_sum": 0.0,
    "rd_scale_bytes_sum": 0.0,
    "selected_mean": 139.4263959390863,
    "total_mean": 139.4263959390863,
    "selected_fraction_mean": 1.0,
    "score_mean": 12.676087164074895,
    "prefill_time_mean_ms": 171.23530039960886,
    "selection_time_mean_ms": 0.11587159676400322,
    "projection_score_time_mean_ms": 2.125415487399465,
    "projection_transfer_time_mean_ms": 0.0,
    "fuse_time_mean_ms": 0.15160620816665188,
    "rd_int8_mean": 0.0,
    "rd_int4_mean": 0.0,
    "rd_drop_mean": 0.0,
    "rd_budget_bytes_mean": 0.0,
    "rd_bytes_used_mean": 0.0,
    "rd_effective_bits_mean": 0.0,
    "rd_payload_bytes_mean": 0.0,
    "rd_index_bytes_mean": 0.0,
    "rd_scale_bytes_mean": 0.0
  },
  "length_statistics": {
    "subjects": {
      "SPLIT_0_OF_1": {
        "avg_input_length": 140.4263959390863,
        "avg_gen_length": 11.055837563451776,
        "avg_length_ratio": 0.07930852327105008,
        "accuracy": 0.5482233502538071,
        "total_samples": 197
      }
    }
  }
}