{
  "model": "Rosetta",
  "dataset": "ai2-arc",
  "answer_method": "generate",
  "overall_accuracy": 0.6494845360824743,
  "subjects": {
    "SPLIT_0_OF_1": 0.6494845360824743
  },
  "kv_transfer_stats": {
    "count": 5432,
    "selected_min": 102,
    "selected_max": 231,
    "selected_sum": 776076,
    "total_sum": 776076,
    "selected_fraction_sum": 5432.0,
    "score_mean_sum": 68680.48016321659,
    "score_min": 0.12452402710914612,
    "score_max": 88.60650634765625,
    "prefill_count": 194,
    "prefill_time_sum_ms": 32953.37635278702,
    "selection_time_sum_ms": 610.7179693644866,
    "projection_score_time_sum_ms": 11350.77838448342,
    "projection_transfer_time_sum_ms": 0.0,
    "fuse_time_sum_ms": 811.2394120544195,
    "rd_int8_sum": 0,
    "rd_int4_sum": 0,
    "rd_drop_sum": 0,
    "rd_budget_bytes_sum": 0.0,
    "rd_bytes_used_sum": 0.0,
    "rd_effective_bits_sum": 0.0,
    "rd_payload_bytes_sum": 0.0,
    "rd_index_bytes_sum": 0.0,
    "rd_scale_bytes_sum": 0.0,
    "selected_mean": 142.87113402061857,
    "total_mean": 142.87113402061857,
    "selected_fraction_mean": 1.0,
    "score_mean": 12.64368191517242,
    "prefill_time_mean_ms": 169.86276470508773,
    "selection_time_mean_ms": 0.11242967035428694,
    "projection_score_time_mean_ms": 2.089613104654532,
    "projection_transfer_time_mean_ms": 0.0,
    "fuse_time_mean_ms": 0.14934451621031286,
    "rd_int8_mean": 0.0,
    "rd_int4_mean": 0.0,
    "rd_drop_mean": 0.0,
    "rd_budget_bytes_mean": 0.0,
    "rd_bytes_used_mean": 0.0,
    "rd_effective_bits_mean": 0.0,
    "rd_payload_bytes_mean": 0.0,
    "rd_index_bytes_mean": 0.0,
    "rd_scale_bytes_mean": 0.0
  },
  "length_statistics": {
    "subjects": {
      "SPLIT_0_OF_1": {
        "avg_input_length": 143.87113402061857,
        "avg_gen_length": 10.515463917525773,
        "avg_length_ratio": 0.0745809654036824,
        "accuracy": 0.6494845360824743,
        "total_samples": 194
      }
    }
  }
}