{
  "model": "Rosetta",
  "dataset": "ai2-arc",
  "answer_method": "generate",
  "overall_accuracy": 0.5025125628140703,
  "subjects": {
    "SPLIT_0_OF_1": 0.5025125628140703
  },
  "kv_transfer_stats": {
    "count": 5572,
    "selected_min": 100,
    "selected_max": 213,
    "selected_sum": 773108,
    "total_sum": 773108,
    "selected_fraction_sum": 5572.0,
    "score_mean_sum": 70641.61423277855,
    "score_min": 0.12469913065433502,
    "score_max": 88.75782775878906,
    "prefill_count": 199,
    "prefill_time_sum_ms": 34571.45603233948,
    "selection_time_sum_ms": 647.0661660423502,
    "projection_score_time_sum_ms": 12146.745860227384,
    "projection_transfer_time_sum_ms": 0.0,
    "fuse_time_sum_ms": 848.1855528661981,
    "rd_int8_sum": 0,
    "rd_int4_sum": 0,
    "rd_drop_sum": 0,
    "rd_budget_bytes_sum": 0.0,
    "rd_bytes_used_sum": 0.0,
    "rd_effective_bits_sum": 0.0,
    "rd_payload_bytes_sum": 0.0,
    "rd_index_bytes_sum": 0.0,
    "rd_scale_bytes_sum": 0.0,
    "selected_mean": 138.74874371859298,
    "total_mean": 138.74874371859298,
    "selected_fraction_mean": 1.0,
    "score_mean": 12.67796378908445,
    "prefill_time_mean_ms": 173.72590971024866,
    "selection_time_mean_ms": 0.11612817050293435,
    "projection_score_time_mean_ms": 2.1799615685978795,
    "projection_transfer_time_mean_ms": 0.0,
    "fuse_time_mean_ms": 0.152222819968808,
    "rd_int8_mean": 0.0,
    "rd_int4_mean": 0.0,
    "rd_drop_mean": 0.0,
    "rd_budget_bytes_mean": 0.0,
    "rd_bytes_used_mean": 0.0,
    "rd_effective_bits_mean": 0.0,
    "rd_payload_bytes_mean": 0.0,
    "rd_index_bytes_mean": 0.0,
    "rd_scale_bytes_mean": 0.0
  },
  "length_statistics": {
    "subjects": {
      "SPLIT_0_OF_1": {
        "avg_input_length": 139.74874371859298,
        "avg_gen_length": 10.537688442211055,
        "avg_length_ratio": 0.07581720419880122,
        "accuracy": 0.5025125628140703,
        "total_samples": 199
      }
    }
  }
}