{
  "experiment": "full_finetune_baseline_sst2",
  "timestamp": "2025-12-14T18:22:04.375728",
  "config": {
    "dataset": "sst2",
    "finetune_layers": 2,
    "epochs": 3,
    "batch_size": 2,
    "lr": 1e-05,
    "max_train_samples": 2000,
    "max_eval_samples": 200,
    "seed": 42,
    "gradient_checkpointing": true
  },
  "results": {
    "accuracy": 94.0,
    "correct": 188,
    "total": 200,
    "train_time": 225.58881950378418,
    "total_params": 7248023552,
    "trainable_params": 570445824,
    "train_losses": [
      1.8030941950678825,
      1.3959573162198067,
      1.2476099400520324
    ]
  }
}