{
  "model": "Rosetta",
  "dataset": "ai2-arc",
  "answer_method": "generate",
  "overall_accuracy": 0.5202020202020202,
  "subjects": {
    "SPLIT_0_OF_1": 0.5202020202020202
  },
  "kv_transfer_stats": {
    "count": 5544,
    "selected_min": 50,
    "selected_max": 136,
    "selected_sum": 390740,
    "total_sum": 781704,
    "selected_fraction_sum": 2771.444529689666,
    "score_mean_sum": 32504.691410541534,
    "score_min": 0.20227128267288208,
    "score_max": 38.40785598754883,
    "prefill_count": 198,
    "prefill_time_sum_ms": 35589.5925485529,
    "selection_time_sum_ms": 3274.1826901910827,
    "projection_score_time_sum_ms": 0.0,
    "projection_transfer_time_sum_ms": 12034.853484015912,
    "fuse_time_sum_ms": 578.6172196967527,
    "rd_int8_sum": 0,
    "rd_int4_sum": 0,
    "rd_drop_sum": 0,
    "rd_budget_bytes_sum": 0.0,
    "rd_bytes_used_sum": 0.0,
    "rd_effective_bits_sum": 0.0,
    "rd_payload_bytes_sum": 0.0,
    "rd_index_bytes_sum": 0.0,
    "rd_scale_bytes_sum": 0.0,
    "selected_mean": 70.47979797979798,
    "total_mean": 141.0,
    "selected_fraction_mean": 0.49989980694258046,
    "score_mean": 5.863039576216005,
    "prefill_time_mean_ms": 179.74541691188332,
    "selection_time_mean_ms": 0.5905812933245098,
    "projection_score_time_mean_ms": 0.0,
    "projection_transfer_time_mean_ms": 2.170788867968238,
    "fuse_time_mean_ms": 0.10436818537098715,
    "rd_int8_mean": 0.0,
    "rd_int4_mean": 0.0,
    "rd_drop_mean": 0.0,
    "rd_budget_bytes_mean": 0.0,
    "rd_bytes_used_mean": 0.0,
    "rd_effective_bits_mean": 0.0,
    "rd_payload_bytes_mean": 0.0,
    "rd_index_bytes_mean": 0.0,
    "rd_scale_bytes_mean": 0.0
  },
  "length_statistics": {
    "subjects": {
      "SPLIT_0_OF_1": {
        "avg_input_length": 142.0,
        "avg_gen_length": 9.373737373737374,
        "avg_length_ratio": 0.067437041525339,
        "accuracy": 0.5202020202020202,
        "total_samples": 198
      }
    }
  }
}