{
  "created_at": "2026-05-04T13:25:16.010305+00:00",
  "files": {
    "predictions.jsonl": "eacce06d3f1f2078e7b686d0b53c33c6a94507811eff8e30813f5ebe10e0d1d3",
    "row_summaries.csv": "b4a887b568064d36e179fbf8c7605ba9086117afb1fac39c6634c767c1a13e34",
    "source_eval_hidden_cache.json": "9e08a9e7c055f3c8ba9a5e2f7ae8e63c8a023909cc028ee54e4d6631897f331d",
    "source_eval_hidden_cache.npz": "c238b58c4a3c50457a6455ef2e50f5e4dccf9c9adf7649028bc360d73cf1fa5e",
    "target_self_resonance_hellaswag_consistency_refined_slot_gate.json": "a2d2eda9d3951d65dc37fead5fdcfce285cd0731936a67ba39071ef83943f352",
    "target_self_resonance_hellaswag_consistency_refined_slot_gate.md": "cc4780f3b1cd4877ddd0296069a0d8767f7f168cec5d5980092c219146a6601c"
  },
  "headline": {
    "best_destructive_accuracy": 0.375,
    "best_destructive_by_accuracy": "wrong_source_refine",
    "best_destructive_by_kl": "zero_source_refine",
    "best_destructive_mean_kl": 0.17678841165754575,
    "consistency_refined_accuracy": 0.375,
    "consistency_refined_agreement": 0.5,
    "consistency_refined_mean_kl": 0.17824606483332123,
    "frozen_target_slots_accuracy": 0.25,
    "frozen_target_slots_mean_kl": 0.17665139474165645,
    "kl_gain_vs_no_refine": -0.00010274321484493587,
    "paired_vs_frozen_target_slots": {
      "ci95_high": 0.375,
      "ci95_low": 0.0,
      "mean_delta": 0.125,
      "samples": 1000
    },
    "paired_vs_source_residual_no_refine": {
      "ci95_high": 0.375,
      "ci95_low": 0.0,
      "mean_delta": 0.125,
      "samples": 1000
    },
    "source_residual_no_refine_accuracy": 0.25,
    "source_residual_no_refine_mean_kl": 0.1781433216184763,
    "source_top1_label_accuracy": 0.5,
    "source_top1_or_top2_oracle_accuracy": 1.0
  },
  "pass_gate": false
}
