row_id,content_id,answer_index,frozen_prediction,no_refine_prediction,refined_prediction,source_top1_prediction,source_top1_or_top2_oracle_prediction,refined_kl_to_full,no_refine_kl_to_full,refine_residual_rms
1115,f766b19570e4a03733bf1ccf30d20f13764e34c4127d71776bf6e8626ec72854,2,0,0,0,2,2,0.3378068832524806,0.33933834822015996,0.00018987995281349868
1117,b59910c24facf2b3da56362ee02e995f3561f4ca780f190f995e26cd38aeb44c,2,0,0,2,3,2,0.04454422235196781,0.04444064532159964,0.00017227631178684533
1119,8f977cb25963f84f933b1ed981fa1bb37ea4fee4c3b790b3c03675055ce9f940,1,2,2,2,2,1,0.05768510832330426,0.057361200049750705,0.00017988451872952282
1140,326c94a7e3ddebc50d224a075e8409984f1de1561173cb2faa4791da6d63ccdc,3,3,3,3,1,3,0.02451850869659944,0.02443440362494914,0.00018726312555372715
1189,34d6a5a505664a9215348ae3534543942420b673f0bd65add44bd9b79450a7e3,1,1,1,1,2,1,0.019128568220944553,0.01840968666315676,0.00018191843992099166
1199,a5877e991b03f05bf0001cc5aa81d2b8ba5d9fc11eacbf45f48e38d336a108f5,0,3,3,3,0,0,0.17371257008216454,0.17823652349195138,0.0001810668909456581
1200,58c56ba33a9d372b9e42ad69620d08adbab67b30cbdcecc9f09d70cf4b6299ec,1,2,2,2,1,1,0.04170656491289415,0.042296695241321874,0.0001838216558098793
1201,5e53889c8479ed20c6a58e0c4b3c3c10daee247e2ca436e8640da1a2ea7e7970,2,3,3,3,2,2,0.7268660928262145,0.7206290703349209,0.00016978074563667178
