group,model,EM,F1,NLL/token,wall_clock_sec,compression,payload_bytes,samples,M,token_budget_mode,token_budget_k,dataset
text,llama,0.005,0.056785177241059595,15.681324996504673,155.50226163864136,16.8253125,16384,200,16,content_only,16,squad
text,qwen,0.23,0.39575623885918004,13.044476828877889,155.50226163864136,14.418125,16384,200,16,content_only,16,squad
latent,llama,0.0,0.01789232886136911,7.644631747312324,78.67774796485901,16.8253125,16384,200,16,content_only,16,squad
latent,qwen,0.0,0.0,9.093175117931668,78.67774796485901,14.418125,16384,200,16,content_only,16,squad
token_budget,llama,0.0,0.029140570815493417,,63.188076972961426,16.8253125,16384,200,16,content_only,16,squad
token_budget,qwen,0.005,0.04103176209755158,,63.188076972961426,14.418125,16384,200,16,content_only,16,squad
joint,both,0.0,0.0,,,,16384,200,16,content_only,16,squad
