{
  "llama": {
    "rms_mean_raw": 0.010556663125753403,
    "rms_mean_cal": 0.010571341868489981,
    "embed_rms": 0.010573241859674454,
    "count": 100
  },
  "qwen": {
    "rms_mean_raw": 0.013664216184988618,
    "rms_mean_cal": 0.013640329232439399,
    "embed_rms": 0.013646915555000305,
    "count": 100
  }
}