{
  "llama": {
    "rms_mean_raw": 0.01056134139187634,
    "rms_mean_cal": 0.010571797918528318,
    "embed_rms": 0.010571404360234737,
    "count": 100
  },
  "qwen": {
    "rms_mean_raw": 0.01367536368779838,
    "rms_mean_cal": 0.01364170366898179,
    "embed_rms": 0.01364052202552557,
    "count": 100
  }
}