{
  "samples": 200,
  "max_new_tokens": 12,
  "latent_len": 16,
  "device": "cuda",
  "dtype": "torch.bfloat16",
  "avg_prompt_tokens": {
    "llama": 245.065,
    "qwen": 231.69
  },
  "compression": {
    "llama": 15.3165625,
    "qwen": 14.480625
  },
  "payload_bytes": 16384,
  "wire": {
    "text_bytes_onecopy": {
      "llama_avg": 1259,
      "qwen_avg": 1107,
      "max_avg": 1259
    },
    "text_bytes_twocopies": {
      "sum_avg": 2366
    },
    "latent_bytes": {
      "fp32": 16384,
      "fp16": 8192
    },
    "wire_compression": {
      "vs_onecopy_fp16": 0.1536865234375,
      "vs_onecopy_fp32": 0.07684326171875
    }
  },
  "text": {
    "wall_clock_sec": 16.38197088241577,
    "llama": {
      "em": 0.58,
      "f1": 0.7994106570072514,
      "nll_token": 12.72173482274305
    },
    "qwen": {
      "em": 0.68,
      "f1": 0.8528460272957177,
      "nll_token": 25.81069942126198
    }
  },
  "latent": {
    "wall_clock_sec": 13.887508630752563,
    "llama": {
      "em": 0.0,
      "f1": 0.01789639892271471,
      "nll_token": 12.372998518738347
    },
    "qwen": {
      "em": 0.0,
      "f1": 0.002575757575757576,
      "nll_token": 12.135886958982578
    }
  },
  "token_budget": {
    "mode": "content_only",
    "k": 16,
    "llama": {
      "em": 0.0,
      "f1": 0.038205738705738714
    },
    "wall_clock_sec": 13.675716400146484,
    "qwen": {
      "em": 0.01,
      "f1": 0.04269888444888446
    }
  },
  "joint": {
    "em": 0.0,
    "f1": 0.006932201570359465,
    "agreement": 0.0,
    "oracle": {
      "em": null,
      "f1": null
    }
  },
  "debug": {
    "llama": {
      "adapter_scale": 1.0,
      "Z_std": 0.999110221862793,
      "Z_mean_norm": 15.985754013061523,
      "prefix_std": 0.010562936775386333,
      "prefix_mean_norm": 0.6760448813438416,
      "embed_rms": 0.010562349110841751,
      "encoder_text_mode": "neutral_chat",
      "calibration_mode": "embed_rms",
      "append_bos_after_prefix": "no",
      "latent_anchor_mode": "text",
      "latent_anchor_text": "Answer: ",
      "model_id": "meta-llama/Meta-Llama-3.1-8B-Instruct"
    },
    "qwen": {
      "adapter_scale": 1.0,
      "Z_std": 0.9991106390953064,
      "Z_mean_norm": 15.985759735107422,
      "prefix_std": 0.013656198047101498,
      "prefix_mean_norm": 0.8175397515296936,
      "embed_rms": 0.01364919450134039,
      "encoder_text_mode": "raw",
      "calibration_mode": "embed_rms",
      "append_bos_after_prefix": "no",
      "latent_anchor_mode": "text",
      "latent_anchor_text": "Answer: ",
      "model_id": "Qwen/Qwen2.5-7B-Instruct"
    },
    "latent_anchor_mode": "text",
    "latent_anchor_text": "Answer: ",
    "prefix_gain": 1.0,
    "calibration_mode": "embed_rms",
    "append_bos_after_prefix": "no",
    "decode": {
      "min_new_tokens": 2,
      "eos_ban_steps": 6,
      "first_token_top_p": 1.0,
      "first_token_temperature": 0.0
    }
  },
  "oracle": {
    "em": 0.0,
    "f1": 0.019563065589381378
  },
  "dataset": "squad"
}