group,model,EM,F1,NLL/token,wall_clock_sec,compression,payload_bytes,samples,M,token_budget_mode,token_budget_k,dataset
text,llama,0.58,0.7994106570072514,12.72173482274305,16.38197088241577,15.3165625,16384,200,16,content_only,16,squad
text,qwen,0.68,0.8528460272957177,25.81069942126198,16.38197088241577,14.480625,16384,200,16,content_only,16,squad
latent,llama,0.0,0.01789639892271471,12.372998518738347,13.887508630752563,15.3165625,16384,200,16,content_only,16,squad
latent,qwen,0.0,0.002575757575757576,12.135886958982578,13.887508630752563,14.480625,16384,200,16,content_only,16,squad
token_budget,llama,0.0,0.038205738705738714,,13.675716400146484,15.3165625,16384,200,16,content_only,16,squad
token_budget,qwen,0.01,0.04269888444888446,,13.675716400146484,14.480625,16384,200,16,content_only,16,squad
joint,both,0.0,0.006932201570359465,,,,16384,200,16,content_only,16,squad
