{
  "llama": {
    "rms_mean_raw": 0.010569320005529067,
    "rms_mean_cal": 0.010571366888197029,
    "embed_rms": 0.010572817176580429,
    "count": 17
  },
  "qwen": {
    "rms_mean_raw": 0.013652837999603328,
    "rms_mean_cal": 0.013641128754791091,
    "embed_rms": 0.013650513254106045,
    "count": 17
  }
}