{
  "model": "Rosetta",
  "dataset": "ai2-arc",
  "answer_method": "generate",
  "overall_accuracy": 0.5803108808290155,
  "subjects": {
    "SPLIT_0_OF_1": 0.5803108808290155
  },
  "length_statistics": {
    "subjects": {
      "SPLIT_0_OF_1": {
        "avg_input_length": 141.0984455958549,
        "avg_gen_length": 7.865284974093265,
        "avg_length_ratio": 0.05741971404659134,
        "accuracy": 0.5803108808290155,
        "total_samples": 193
      }
    }
  }
}