{
  "budget_summaries": [
    {
      "best_compression_baseline_accuracy": 0.5078125,
      "best_no_source_accuracy": 0.25,
      "budget_bytes": 6,
      "learned_vs_compression_pass": false,
      "matched_accuracy": 0.361328125,
      "matched_minus_best_compression": -0.146484375,
      "matched_minus_best_no_source": 0.111328125,
      "metrics": {
        "matched_learned_syndrome": {
          "accuracy": 0.361328125,
          "correct": 185,
          "mean_payload_bytes": 6.0,
          "mean_payload_tokens": 1.0,
          "n": 512,
          "p50_latency_ms": 52.838624993455596,
          "p95_latency_ms": 130.7134170056088
        },
        "random_same_byte": {
          "accuracy": 0.2421875,
          "correct": 124,
          "mean_payload_bytes": 6.0,
          "mean_payload_tokens": 1.0,
          "n": 512,
          "p50_latency_ms": 0.43612450099317357,
          "p95_latency_ms": 25.3396670013899
        },
        "raw_source_sign_sketch": {
          "accuracy": 0.31640625,
          "correct": 162,
          "mean_payload_bytes": 6.0,
          "mean_payload_tokens": 1.0,
          "n": 512,
          "p50_latency_ms": 25.608396004827227,
          "p95_latency_ms": 85.4386249993695
        },
        "scalar_answer_masked_source": {
          "accuracy": 0.265625,
          "correct": 136,
          "mean_payload_bytes": 6.0,
          "mean_payload_tokens": 1.0,
          "n": 512,
          "p50_latency_ms": 28.36168801150052,
          "p95_latency_ms": 82.44787500007078
        },
        "scalar_constrained_shuffled_source": {
          "accuracy": 0.16015625,
          "correct": 82,
          "mean_payload_bytes": 6.0,
          "mean_payload_tokens": 1.0,
          "n": 512,
          "p50_latency_ms": 30.18339599657338,
          "p95_latency_ms": 85.45966701058205
        },
        "scalar_label_shuffled_ridge": {
          "accuracy": 0.255859375,
          "correct": 131,
          "mean_payload_bytes": 6.0,
          "mean_payload_tokens": 1.0,
          "n": 512,
          "p50_latency_ms": 31.014499501907267,
          "p95_latency_ms": 80.66987500933465
        },
        "scalar_quantized_source": {
          "accuracy": 0.5078125,
          "correct": 260,
          "mean_payload_bytes": 6.0,
          "mean_payload_tokens": 1.0,
          "n": 512,
          "p50_latency_ms": 28.259895501832943,
          "p95_latency_ms": 92.92404200823512
        },
        "scalar_shuffled_source": {
          "accuracy": 0.259765625,
          "correct": 133,
          "mean_payload_bytes": 6.0,
          "mean_payload_tokens": 1.0,
          "n": 512,
          "p50_latency_ms": 28.826374997152016,
          "p95_latency_ms": 89.6517499932088
        },
        "target_only": {
          "accuracy": 0.25,
          "correct": 128,
          "mean_payload_bytes": 0.0,
          "mean_payload_tokens": 0.0,
          "n": 512,
          "p50_latency_ms": 0.0018124992493540049,
          "p95_latency_ms": 0.006332993507385254
        },
        "zero_source": {
          "accuracy": 0.25,
          "correct": 128,
          "mean_payload_bytes": 0.0,
          "mean_payload_tokens": 0.0,
          "n": 512,
          "p50_latency_ms": 0.0022089952835813165,
          "p95_latency_ms": 0.0049579975893720984
        }
      },
      "pass_gate": false,
      "scalar_controls_ok": true,
      "scalar_minus_best_no_source": 0.2578125,
      "scalar_quantized_source_accuracy": 0.5078125,
      "scalar_source_packet_pass": true,
      "target_only_accuracy": 0.25
    }
  ],
  "budgets": [
    6
  ],
  "candidate_pool_recall": 1.0,
  "candidate_view": "slot",
  "candidates": 4,
  "code_projection_sha256": "2316159096cb997523e1b262a4f333c0828a67b0827148dba4996cfcff811091",
  "created_utc": "2026-04-29T06:01:49.943985+00:00",
  "encoder_sha256": "de4d3efc9c96458a15b8f06f4f2f27853f2bfa45c2fdbdd6b561c63440fffaa8",
  "eval_examples": 512,
  "eval_family_set": "all",
  "eval_seed": 30,
  "exact_id_parity": true,
  "feature_dim": 512,
  "fit_intercept": false,
  "gate": "source_private_tool_trace_compression_baselines",
  "label_shuffle_encoder_sha256": "b80c268ba31eb361f9a4e849b7e544b79d7a210f2a2f265b43edaff5fe22b191",
  "label_shuffle_seed": 145117,
  "pass_gate": true,
  "pass_rule": "learned syndrome pass: beats target/no-source by >=0.15 and beats best matched-byte compression baseline by >=0.02. Scalar packet pass: scalar quantized source packet beats no-source by >=0.15 and scalar source-destroying controls stay within target_only +0.05.",
  "prediction_files": {
    "6": "predictions_budget6.jsonl"
  },
  "remap_slot_seed": 103,
  "ridge": 0.01,
  "scalar_projection_sha256": "ee03d2d3d9f44a302b6b0abe476aaa37a676073274d2ef7ace0efe1351b92eec",
  "train_examples": 768,
  "train_family_set": "all",
  "train_seed": 29
}