{
  "llama": {
    "rms_mean_raw": 0.5781840841193178,
    "rms_mean_cal": 0.01057134444089649,
    "embed_rms": 0.01057521253824234,
    "count": 5475
  },
  "qwen": {
    "rms_mean_raw": 0.5757188950063975,
    "rms_mean_cal": 0.01364105942416681,
    "embed_rms": 0.013628026470541954,
    "count": 5475
  }
}