group,model,EM,F1,NLL/token,wall_clock_sec,compression,payload_bytes,samples,M,token_budget_mode,token_budget_k,dataset
text,llama,0.58,0.7994106570072514,12.72173482274305,16.784362077713013,15.3165625,16384,200,16,content_only,16,squad
text,qwen,0.68,0.8528460272957177,25.81069942126198,16.784362077713013,14.480625,16384,200,16,content_only,16,squad
latent,llama,0.0,0.004733877233877234,10.36437278215577,13.841001749038696,15.3165625,16384,200,16,content_only,16,squad
latent,qwen,0.0,0.0011111111111111111,8.930839572634016,13.841001749038696,14.480625,16384,200,16,content_only,16,squad
token_budget,llama,0.0,0.038205738705738714,,12.733243942260742,15.3165625,16384,200,16,content_only,16,squad
token_budget,qwen,0.01,0.04269888444888446,,12.733243942260742,14.480625,16384,200,16,content_only,16,squad
joint,both,0.0,0.004733877233877234,,,,16384,200,16,content_only,16,squad
