slice_start,eval_rows,method_accuracy,fixed_hybrid_accuracy,delta_vs_fixed_hybrid,ci95_low_vs_fixed_hybrid,helps_vs_fixed_hybrid,harms_vs_fixed_hybrid
1024,384,0.4505208333333333,0.4869791666666667,-0.036458333333333336,-0.07298177083333333,22,36
1536,384,0.4088541666666667,0.4479166666666667,-0.0390625,-0.07552083333333333,19,34
