{
  "model": "Rosetta",
  "dataset": "ai2-arc",
  "answer_method": "generate",
  "overall_accuracy": 0.5284974093264249,
  "subjects": {
    "SPLIT_0_OF_1": 0.5284974093264249
  },
  "length_statistics": {
    "subjects": {
      "SPLIT_0_OF_1": {
        "avg_input_length": 141.0984455958549,
        "avg_gen_length": 8.958549222797927,
        "avg_length_ratio": 0.06488510417104104,
        "accuracy": 0.5284974093264249,
        "total_samples": 193
      }
    }
  }
}