{
  "model": "Rosetta",
  "dataset": "ai2-arc",
  "answer_method": "generate",
  "overall_accuracy": 0.5876288659793815,
  "subjects": {
    "SPLIT_0_OF_1": 0.5876288659793815
  },
  "length_statistics": {
    "subjects": {
      "SPLIT_0_OF_1": {
        "avg_input_length": 143.87113402061857,
        "avg_gen_length": 9.45360824742268,
        "avg_length_ratio": 0.06736148483523097,
        "accuracy": 0.5876288659793815,
        "total_samples": 194
      }
    }
  }
}