{
  "model": "Rosetta",
  "dataset": "ai2-arc",
  "answer_method": "generate",
  "overall_accuracy": 0.5226130653266332,
  "subjects": {
    "SPLIT_0_OF_1": 0.5226130653266332
  },
  "length_statistics": {
    "subjects": {
      "SPLIT_0_OF_1": {
        "avg_input_length": 139.74874371859298,
        "avg_gen_length": 9.105527638190955,
        "avg_length_ratio": 0.06628161319355487,
        "accuracy": 0.5226130653266332,
        "total_samples": 199
      }
    }
  }
}