group,model,EM,F1,NLL/token,wall_clock_sec,compression,payload_bytes,samples,M,token_budget_mode,token_budget_k,dataset
text,llama,0.0,0.13101654220840853,15.679386170409446,9.852139949798584,16.8253125,16384,200,16,content_only,16,squad
text,qwen,0.375,0.5976191602085568,13.036324268295651,9.852139949798584,14.418125,16384,200,16,content_only,16,squad
latent,llama,0.0,0.0006666666666666666,10.254620859456617,9.387341737747192,16.8253125,16384,200,16,content_only,16,squad
latent,qwen,0.0,0.0014285714285714288,10.475360118838214,9.387341737747192,14.418125,16384,200,16,content_only,16,squad
token_budget,llama,0.0,0.0417471874530698,,9.248571157455444,16.8253125,16384,200,16,content_only,16,squad
token_budget,qwen,0.005,0.040937358393240746,,9.248571157455444,14.418125,16384,200,16,content_only,16,squad
joint,both,0.0,0.0006666666666666666,,,,16384,200,16,content_only,16,squad
