{
  "samples": 200,
  "max_new_tokens": 12,
  "latent_len": 16,
  "device": "cuda",
  "dtype": "torch.bfloat16",
  "avg_prompt_tokens": {
    "llama": 269.205,
    "qwen": 230.69
  },
  "compression": {
    "llama": 16.8253125,
    "qwen": 14.418125
  },
  "payload_bytes": 16384,
  "wire": {
    "text_bytes_onecopy": {
      "llama_avg": 1070,
      "qwen_avg": 1106,
      "max_avg": 1106
    },
    "text_bytes_twocopies": {
      "sum_avg": 2176
    },
    "latent_bytes": {
      "fp32": 16384,
      "fp16": 8192
    },
    "wire_compression": {
      "vs_onecopy_fp16": 0.135009765625,
      "vs_onecopy_fp32": 0.0675048828125
    }
  },
  "text": {
    "wall_clock_sec": 9.852139949798584,
    "llama": {
      "em": 0.0,
      "f1": 0.13101654220840853,
      "nll_token": 15.679386170409446
    },
    "qwen": {
      "em": 0.375,
      "f1": 0.5976191602085568,
      "nll_token": 13.036324268295651
    }
  },
  "latent": {
    "wall_clock_sec": 9.387341737747192,
    "llama": {
      "em": 0.0,
      "f1": 0.0006666666666666666,
      "nll_token": 10.254620859456617
    },
    "qwen": {
      "em": 0.0,
      "f1": 0.0014285714285714288,
      "nll_token": 10.475360118838214
    }
  },
  "token_budget": {
    "mode": "content_only",
    "k": 16,
    "llama": {
      "em": 0.0,
      "f1": 0.0417471874530698
    },
    "wall_clock_sec": 9.248571157455444,
    "qwen": {
      "em": 0.005,
      "f1": 0.040937358393240746
    }
  },
  "joint": {
    "em": 0.0,
    "f1": 0.0006666666666666666,
    "agreement": 0.0,
    "oracle": {
      "em": null,
      "f1": null
    }
  },
  "debug": {
    "llama": {
      "adapter_scale": 1.001761794090271,
      "Z_std": 0.9994833469390869,
      "Z_mean_norm": 15.991716384887695,
      "prefix_std": 0.014908961020410061,
      "prefix_mean_norm": 0.6727263331413269,
      "embed_rms": 0.014909257180988789,
      "encoder_text_mode": "raw",
      "calibration_mode": "embed_rms"
    },
    "qwen": {
      "adapter_scale": 1.0001827478408813,
      "Z_std": 0.9998341202735901,
      "Z_mean_norm": 15.997328758239746,
      "prefix_std": 0.015219775028526783,
      "prefix_mean_norm": 0.4550033509731293,
      "embed_rms": 0.015231096185743809,
      "encoder_text_mode": "qwen_chat",
      "calibration_mode": "embed_rms"
    },
    "latent_anchor_text": "Answer: ",
    "prefix_gain": 1.0,
    "calibration_mode": "embed_rms",
    "decode": {
      "min_new_tokens": 2,
      "eos_ban_steps": 6,
      "first_token_top_p": 0.9,
      "first_token_temperature": 0.7
    }
  },
  "oracle": {
    "em": 0.0,
    "f1": 0.0020952380952380958
  },
  "dataset": "squad"
}