{
  "config": {
    "llama_id": "meta-llama/Meta-Llama-3.1-8B-Instruct",
    "dataset": "squad",
    "samples": 10,
    "latent_len": 32,
    "max_new_tokens": 12,
    "save_dir": "runs/full_suite/baselines/pca_m32"
  },
  "pca_explained_variance": 0.2510371804237366,
  "pca_first_5_components": [
    0.038287751376628876,
    0.021121593192219734,
    0.014199797064065933,
    0.012136801145970821,
    0.010533932596445084
  ],
  "em": 0.0,
  "f1": 0.0,
  "exact_match": 0.0,
  "f1_score": 0.0,
  "num_examples": 10,
  "n_examples": 10,
  "timestamp": "2025-10-12T20:32:08.677815",
  "total_time_sec": 25.69154930114746
}