{
  "config": {
    "llama_id": "meta-llama/Meta-Llama-3.1-8B-Instruct",
    "dataset": "squad",
    "samples": 10,
    "latent_len": 32,
    "max_new_tokens": 12,
    "save_dir": "runs/full_suite/baselines/pca_m32"
  },
  "pca_explained_variance": 0.2511197030544281,
  "pca_first_5_components": [
    0.03828779235482216,
    0.02112160250544548,
    0.014199808239936829,
    0.012136820703744888,
    0.010533907450735569
  ],
  "em": 0.0,
  "f1": 0.014285713826530627,
  "exact_match": 0.0,
  "f1_score": 0.014285713826530627,
  "num_examples": 10,
  "n_examples": 10,
  "timestamp": "2025-10-12T20:00:51.910794",
  "total_time_sec": 24.63754892349243
}