group,model,EM,F1,NLL/token,wall_clock_sec,compression,payload_bytes,samples,M,token_budget_mode,token_budget_k,dataset
text,llama,0.58,0.7994106570072514,12.72173482274305,16.184317111968994,15.3165625,16384,200,16,content_only,16,squad
text,qwen,0.68,0.8528460272957177,25.81069942126198,16.184317111968994,14.480625,16384,200,16,content_only,16,squad
latent,llama,0.0,0.018571248196248197,9.390165537663329,12.825080156326294,15.3165625,16384,200,16,content_only,16,squad
latent,qwen,0.0,0.019156453024100083,9.033910992915038,12.825080156326294,14.480625,16384,200,16,content_only,16,squad
token_budget,llama,0.0,0.038205738705738714,,11.463441133499146,15.3165625,16384,200,16,content_only,16,squad
token_budget,qwen,0.01,0.04269888444888446,,11.463441133499146,14.480625,16384,200,16,content_only,16,squad
joint,both,0.0,0.019295341912988973,,,,16384,200,16,content_only,16,squad
