{
  "artifact_complete": true,
  "decision": "KILL_M18_AMBIGUOUS",
  "hook_coverage": {
    "attention_layer_count": 4,
    "attention_layer_indices": [
      5,
      15,
      25,
      35
    ],
    "created_at_utc": "2026-05-16T21:15:18Z",
    "key_cache_accessible_attention_layer_count": 4,
    "key_cache_attention_layer_coverage": 1.0,
    "schema_version": "om_phase9_m18_v1_hook_coverage",
    "source": "past_key_values.key_cache/value_cache inspection; no model source modification",
    "value_cache_accessible_attention_layer_count": 4
  },
  "primary_regime": "m18_activation_k",
  "primary_result": {
    "bootstrap_ci95": {
      "ci95_high": 0.7406021242797479,
      "ci95_low": -14.071191710978855
    },
    "included_trace_count": 8,
    "mean_recovery": -5.556008919558966,
    "median_recovery": -0.34359084412632024,
    "no_recoverable_static_gap_count": 4,
    "no_recoverable_static_gap_fraction": 0.3333333333333333,
    "per_trace_recovery_included": [
      -2.0009081247366516,
      0.979469114874242,
      -30.149463195937322,
      0.9991503616439881,
      -14.071191710978855,
      -0.543438720461676,
      0.48205388691550777,
      -0.14374296779096452
    ],
    "total_trace_count": 12
  },
  "reasons": [
    "M18 activation+K is neither pass nor a specific kill mode"
  ],
  "results_by_regime": {
    "kivi_key_only": {
      "bootstrap_ci95": {
        "ci95_high": -0.7065686932043151,
        "ci95_low": -413.9097752364582
      },
      "included_trace_count": 8,
      "mean_recovery": -259.089354585383,
      "median_recovery": -2.1741283113927237,
      "no_recoverable_static_gap_count": 4,
      "no_recoverable_static_gap_fraction": 0.3333333333333333,
      "per_trace_recovery_included": [
        -4.111074238404026,
        -0.6277783033787543,
        -1648.1862232041053,
        -0.8251603847277131,
        -1.7610165338461812,
        -2.5872400889392666,
        -413.9097752364582,
        -0.7065686932043151
      ],
      "total_trace_count": 12
    },
    "m18_activation_k": {
      "bootstrap_ci95": {
        "ci95_high": 0.7406021242797479,
        "ci95_low": -14.071191710978855
      },
      "included_trace_count": 8,
      "mean_recovery": -5.556008919558966,
      "median_recovery": -0.34359084412632024,
      "no_recoverable_static_gap_count": 4,
      "no_recoverable_static_gap_fraction": 0.3333333333333333,
      "per_trace_recovery_included": [
        -2.0009081247366516,
        0.979469114874242,
        -30.149463195937322,
        0.9991503616439881,
        -14.071191710978855,
        -0.543438720461676,
        0.48205388691550777,
        -0.14374296779096452
      ],
      "total_trace_count": 12
    },
    "m18_activation_kv": {
      "bootstrap_ci95": {
        "ci95_high": 0.7151491102972624,
        "ci95_low": -8.861879807739966
      },
      "included_trace_count": 8,
      "mean_recovery": -3.8168900949537523,
      "median_recovery": -0.29464607162152656,
      "no_recoverable_static_gap_count": 4,
      "no_recoverable_static_gap_fraction": 0.3333333333333333,
      "per_trace_recovery_included": [
        -0.500588022282904,
        1.001057814998956,
        -22.934856123778644,
        0.9954748918553319,
        -8.861879807739966,
        -0.5804487204618349,
        0.4348233287391928,
        -0.08870412096014912
      ],
      "total_trace_count": 12
    },
    "random_coupled_activation_k": {
      "bootstrap_ci95": {
        "ci95_high": -1.047125554665297,
        "ci95_low": -330.8256289676822
      },
      "included_trace_count": 8,
      "mean_recovery": -130.83506489541787,
      "median_recovery": -4.6643797310509125,
      "no_recoverable_static_gap_count": 4,
      "no_recoverable_static_gap_fraction": 0.3333333333333333,
      "per_trace_recovery_included": [
        -374.4397379352493,
        -72.85796197285521,
        1.3443611934199005,
        -1.5579994693820614,
        -6.292737549399319,
        -3.036021912702507,
        -588.7932959625092,
        -1.047125554665297
      ],
      "total_trace_count": 12
    }
  },
  "run_dir": "/workspace/LatentWire/experimental/outlier_migrate/phase9/results/om_phase9_m18_granite_small_vac12_20260516T193500Z",
  "thresholds": {
    "bootstrap_seed": 20260527,
    "kill_kv_only_within_or_beats_margin": 0.05,
    "kill_within_static_activation_abs_le": 0.05,
    "pass_beats_kivi_key_only_by_ge": 0.1,
    "pass_beats_random_coupled_by_ge": 0.2,
    "pass_beats_static_activation_by_ge": 0.15,
    "pass_ci95_low_gt": 0.1,
    "pass_key_cache_layer_coverage_min": 0.8,
    "pass_median_recovery_min": 0.3,
    "random_control_beats_by_gt": 0.1
  }
}
