{
  "controls": {
    "kivi_key_only": {
      "bootstrap_ci95": {
        "ci95_high": -0.7065686932043151,
        "ci95_low": -413.9097752364582
      },
      "included_trace_count": 8,
      "mean_recovery": -259.089354585383,
      "median_recovery": -2.1741283113927237,
      "no_recoverable_static_gap_count": 4,
      "no_recoverable_static_gap_fraction": 0.3333333333333333,
      "total_trace_count": 12
    },
    "random_coupled_activation_k": {
      "bootstrap_ci95": {
        "ci95_high": -1.047125554665297,
        "ci95_low": -330.8256289676822
      },
      "included_trace_count": 8,
      "mean_recovery": -130.83506489541787,
      "median_recovery": -4.6643797310509125,
      "no_recoverable_static_gap_count": 4,
      "no_recoverable_static_gap_fraction": 0.3333333333333333,
      "total_trace_count": 12
    },
    "static_activation_1pct": {
      "median_recovery": 0.0
    }
  },
  "created_at_utc": "2026-05-17T14:06:21Z",
  "m18_minus_kivi_key_only_median": 1.8305374672664034,
  "m18_minus_random_coupled_median": 4.320788886924593,
  "schema_version": "om_phase9_m18_v1_control_metrics"
}
