{
  "llama": {
    "rms_mean": 0.7199383024751705,
    "count": 685
  },
  "qwen": {
    "rms_mean": 0.626219842294707,
    "count": 685
  }
}