{
  "artifact_sha256": {
    "endpoint_proxy_rows.jsonl": "bd6fadeaf709dd43972b1865445216433be45be424d63fcfe04e7ce4d8439887",
    "summary.json": "6f42169840eeece2e570ea4462443731a92852177af9504227385e69fe6b57ae",
    "summary.md": "92e15cd5ba7c85605327f5468c61d69dd841c3874f6cd078af5057b150840b9e"
  },
  "artifacts": [
    "endpoint_proxy_rows.jsonl",
    "summary.json",
    "summary.md",
    "manifest.json",
    "manifest.md"
  ],
  "benchmark_sha256": "f1f918b549e795ef250498aa562f2e175dbdeca8f02039c61481d0ee4eea1d2d",
  "device": "cpu",
  "dtype": "float32",
  "limit": 64,
  "max_new_tokens": 24,
  "model_name": "Qwen/Qwen3-0.6B",
  "prompt_style": "label_strict",
  "run_utc": "2026-04-29T14:13:30.613683+00:00",
  "script_sha256": "0372ba1fc0de7228df1f476f778b44e5900fe6f0d1bb03a85ef76a9efa72294b",
  "summary": {
    "best_source_destroying_control_accuracy": 0.25,
    "conditions": [
      "target_only",
      "matched_packet",
      "matched_byte_text_2",
      "random_same_byte_packet",
      "deranged_candidate_diag_table",
      "query_aware_diag_span",
      "structured_json_diag",
      "structured_free_text_diag",
      "full_hidden_log"
    ],
    "exact_id_parity": true,
    "exact_id_sha256": "99374daeaecd406a14e67b0808ce3a5ce205f7835eff8a6cfaf8fd7d90bb7294",
    "full_log_e2e_delta_vs_packet_ms": 294.2161459941417,
    "full_log_prompt_token_delta_vs_packet": 87.453125,
    "full_log_ttft_delta_vs_packet_ms": 217.22818748094141,
    "metrics": {
      "deranged_candidate_diag_table": {
        "accuracy": 0.234375,
        "correct": 15,
        "mean_generated_tokens": 12.6875,
        "mean_payload_bytes": 2.0,
        "mean_payload_tokens_proxy": 1.0,
        "mean_prompt_bytes": 920.0,
        "mean_prompt_tokens": 218.328125,
        "p50_e2e_ms": 2268.854083507904,
        "p50_ttft_ms": 565.5105420009932,
        "p95_e2e_ms": 3295.3217920148745,
        "p95_ttft_ms": 1082.5445840018801,
        "strict_accuracy": 0.234375,
        "strict_correct": 15,
        "strict_valid_prediction_rate": 0.96875,
        "valid_prediction_rate": 1.0
      },
      "full_hidden_log": {
        "accuracy": 0.484375,
        "correct": 31,
        "mean_generated_tokens": 12.84375,
        "mean_payload_bytes": 366.5,
        "mean_payload_tokens_proxy": 33.875,
        "mean_prompt_bytes": 1284.5,
        "mean_prompt_tokens": 305.78125,
        "p50_e2e_ms": 2570.008750000852,
        "p50_ttft_ms": 787.1241669927258,
        "p95_e2e_ms": 3801.958750002086,
        "p95_ttft_ms": 1185.7669999881182,
        "strict_accuracy": 0.46875,
        "strict_correct": 30,
        "strict_valid_prediction_rate": 0.984375,
        "valid_prediction_rate": 1.0
      },
      "matched_byte_text_2": {
        "accuracy": 0.25,
        "correct": 16,
        "mean_generated_tokens": 13.0,
        "mean_payload_bytes": 2.0,
        "mean_payload_tokens_proxy": 1.0,
        "mean_prompt_bytes": 920.0,
        "mean_prompt_tokens": 217.328125,
        "p50_e2e_ms": 2332.803771001636,
        "p50_ttft_ms": 537.4339160043746,
        "p95_e2e_ms": 3411.5050840191543,
        "p95_ttft_ms": 991.0611670056824,
        "strict_accuracy": 0.25,
        "strict_correct": 16,
        "strict_valid_prediction_rate": 1.0,
        "valid_prediction_rate": 1.0
      },
      "matched_packet": {
        "accuracy": 0.703125,
        "correct": 45,
        "mean_generated_tokens": 12.6875,
        "mean_payload_bytes": 2.0,
        "mean_payload_tokens_proxy": 1.0,
        "mean_prompt_bytes": 920.0,
        "mean_prompt_tokens": 218.328125,
        "p50_e2e_ms": 2275.7926040067105,
        "p50_ttft_ms": 569.8959795117844,
        "p95_e2e_ms": 3435.630417021457,
        "p95_ttft_ms": 1005.9796670102514,
        "strict_accuracy": 0.671875,
        "strict_correct": 43,
        "strict_valid_prediction_rate": 0.96875,
        "valid_prediction_rate": 1.0
      },
      "query_aware_diag_span": {
        "accuracy": 0.703125,
        "correct": 45,
        "mean_generated_tokens": 13.0,
        "mean_payload_bytes": 14.0,
        "mean_payload_tokens_proxy": 1.0,
        "mean_prompt_bytes": 932.0,
        "mean_prompt_tokens": 221.65625,
        "p50_e2e_ms": 2345.945312496042,
        "p50_ttft_ms": 524.9886880192207,
        "p95_e2e_ms": 3461.299415997928,
        "p95_ttft_ms": 976.4484580082353,
        "strict_accuracy": 0.703125,
        "strict_correct": 45,
        "strict_valid_prediction_rate": 1.0,
        "valid_prediction_rate": 1.0
      },
      "random_same_byte_packet": {
        "accuracy": 0.0,
        "correct": 0,
        "mean_generated_tokens": 13.0,
        "mean_payload_bytes": 2.0,
        "mean_payload_tokens_proxy": 1.0,
        "mean_prompt_bytes": 920.0,
        "mean_prompt_tokens": 218.328125,
        "p50_e2e_ms": 2323.5109579836717,
        "p50_ttft_ms": 563.5306039912393,
        "p95_e2e_ms": 3386.593041999731,
        "p95_ttft_ms": 1005.5663750099484,
        "strict_accuracy": 0.0,
        "strict_correct": 0,
        "strict_valid_prediction_rate": 1.0,
        "valid_prediction_rate": 1.0
      },
      "structured_free_text_diag": {
        "accuracy": 0.71875,
        "correct": 46,
        "mean_generated_tokens": 13.0,
        "mean_payload_bytes": 17.0,
        "mean_payload_tokens_proxy": 4.0,
        "mean_prompt_bytes": 935.0,
        "mean_prompt_tokens": 221.328125,
        "p50_e2e_ms": 2338.8285004912177,
        "p50_ttft_ms": 523.9218749920838,
        "p95_e2e_ms": 3442.4496249994263,
        "p95_ttft_ms": 1052.2990000026766,
        "strict_accuracy": 0.71875,
        "strict_correct": 46,
        "strict_valid_prediction_rate": 1.0,
        "valid_prediction_rate": 1.0
      },
      "structured_json_diag": {
        "accuracy": 0.59375,
        "correct": 38,
        "mean_generated_tokens": 13.0,
        "mean_payload_bytes": 21.0,
        "mean_payload_tokens_proxy": 2.0,
        "mean_prompt_bytes": 939.0,
        "mean_prompt_tokens": 223.328125,
        "p50_e2e_ms": 2323.5346879955614,
        "p50_ttft_ms": 571.7478959995788,
        "p95_e2e_ms": 3557.0432920067105,
        "p95_ttft_ms": 1029.290457983734,
        "strict_accuracy": 0.59375,
        "strict_correct": 38,
        "strict_valid_prediction_rate": 1.0,
        "valid_prediction_rate": 1.0
      },
      "target_only": {
        "accuracy": 0.25,
        "correct": 16,
        "mean_generated_tokens": 13.0,
        "mean_payload_bytes": 0.0,
        "mean_payload_tokens_proxy": 0.0,
        "mean_prompt_bytes": 925.0,
        "mean_prompt_tokens": 218.328125,
        "p50_e2e_ms": 2319.717166494229,
        "p50_ttft_ms": 533.6086665047333,
        "p95_e2e_ms": 3392.0564589789137,
        "p95_ttft_ms": 917.4523749970831,
        "strict_accuracy": 0.25,
        "strict_correct": 16,
        "strict_valid_prediction_rate": 1.0,
        "valid_prediction_rate": 1.0
      }
    },
    "n": 64,
    "packet_minus_best_source_destroying_control_accuracy": 0.453125,
    "packet_minus_matched_byte_text_accuracy": 0.453125,
    "packet_minus_target_accuracy": 0.453125,
    "packet_prompt_token_delta_vs_target": 0.0,
    "packet_strict_accuracy": 0.671875,
    "packet_strict_minus_target_accuracy": 0.421875,
    "packet_vs_full_log_payload_compression": 183.25,
    "packet_vs_query_payload_compression": 7.0,
    "pass_gate": true,
    "pass_rule": "Packet must beat target by >=0.15, all included source-destroying controls must stay within target+0.05, matched packet valid rate must be >=0.95, exact ID parity must hold, and query-aware/full-log payloads must be larger than the packet. Latency is reported, not gated.",
    "prompt_style": "label_strict"
  }
}