row_id,content_id,answer_index,full_prompt_prediction,mean_oracle_slots_prediction,source_oracle_distill_prediction,source_top1_prediction,source_top1_or_top2_oracle_prediction,source_oracle_kl_to_full,mean_oracle_kl_to_full,source_code_norm,source_prefix_rms
887,608bca457d7aafee5e29a5e026dc3b7399cb5e5d0ed3ba83d57ed0048541d15b,3,3,3,3,1,1,0.08955155420594904,0.03328065823115425,4.020249244671011,0.015052780508995056
888,431be609e32f5a34b4fd3f878f7ef20667f3111d81dd5cc8dea37eae112149b8,2,2,1,1,1,2,0.24600547286516478,0.23485686603947556,3.6832801819150367,0.015052780508995056
923,4b42bd36a3943e76c8dc3681abb0f03b2043cb956da59cb95293d5c32fd98260,0,0,0,0,1,0,0.048709601665205216,0.08298971347308656,3.874687851372879,0.015052780508995056
924,7d6fea9829e8df1bf433e39f611558a784c92e58c0b70dcb4646cd7890c9173a,1,3,3,3,3,1,0.12093069079390878,0.019104378635688535,3.631388947336492,0.015052780508995056
942,d1bb085d0f5572645579df9389729f6bd5f525c2bd60d8c392a516626b2ab365,0,0,1,1,1,0,0.02034183788613872,0.01868786066308617,4.37746637068215,0.015052780508995056
950,e5df353f145e054a0f5b3f6794db2eed04859cf20ea8442318a3f7840bd1fd22,0,1,3,3,1,1,0.11688208949075443,0.04743980576122017,3.493168254959775,0.015052780508995056
951,7c80510ca6c4ffc4132ceaf963d9592f06b9ebda2e72f5d87a63887b7e17337b,2,0,3,3,0,0,0.10052386705878044,0.11794722627622348,3.325067589924342,0.015052780508995056
989,9aa72499d3bfa3b43e7a9437a6efb67545ee08b252e30568473db225c1abcbc3,2,0,1,3,3,3,0.25026968835104046,0.37182430487591484,3.9785124387947324,0.015052780508995056
