{
  "model": "Rosetta",
  "dataset": "openbookqa",
  "answer_method": "generate",
  "overall_accuracy": 0.555,
  "subjects": {
    "SPLIT_0_OF_1": 0.555
  },
  "kv_transfer_stats": {
    "count": 5600,
    "selected_min": 101,
    "selected_max": 127,
    "selected_sum": 648060,
    "total_sum": 658476,
    "selected_fraction_sum": 5530.0350420936375,
    "score_mean_sum": 72518.52139472961,
    "score_min": 0.12491133064031601,
    "score_max": 88.61380004882812,
    "prefill_count": 200,
    "prefill_time_sum_ms": 83012.45256524999,
    "selection_time_sum_ms": 943.306852132082,
    "projection_score_time_sum_ms": 12183.155969833024,
    "projection_transfer_time_sum_ms": 11883.817159570754,
    "fuse_time_sum_ms": 805.340951308608,
    "rd_int8_sum": 648060,
    "rd_int4_sum": 0,
    "rd_drop_sum": 10416,
    "rd_budget_bytes_sum": 183904000.0,
    "rd_bytes_used_sum": 167289080.0,
    "rd_effective_bits_sum": 45174.32365653514,
    "rd_payload_bytes_sum": 165903360.0,
    "rd_index_bytes_sum": 1296120.0,
    "rd_scale_bytes_sum": 89600.0,
    "selected_mean": 115.725,
    "total_mean": 117.585,
    "selected_fraction_mean": 0.9875062575167209,
    "score_mean": 12.949735963344574,
    "prefill_time_mean_ms": 415.06226282624993,
    "selection_time_mean_ms": 0.16844765216644322,
    "projection_score_time_mean_ms": 2.1755635660416113,
    "projection_transfer_time_mean_ms": 2.122110207066206,
    "fuse_time_mean_ms": 0.14381088416225143,
    "rd_int8_mean": 115.725,
    "rd_int4_mean": 0.0,
    "rd_drop_mean": 1.86,
    "rd_budget_bytes_mean": 32840.0,
    "rd_bytes_used_mean": 29873.05,
    "rd_effective_bits_mean": 8.06684351009556,
    "rd_payload_bytes_mean": 29625.6,
    "rd_index_bytes_mean": 231.45,
    "rd_scale_bytes_mean": 16.0
  },
  "length_statistics": {
    "subjects": {
      "SPLIT_0_OF_1": {
        "avg_input_length": 118.585,
        "avg_gen_length": 8.1,
        "avg_length_ratio": 0.06863622162675434,
        "accuracy": 0.555,
        "total_samples": 200
      }
    }
  }
}