group,model,EM,F1,NLL/token,wall_clock_sec,compression,payload_bytes,samples,M,token_budget_mode,token_budget_k,dataset
text,llama,0.615,0.8094276466075133,12.403911339973977,20.87925958633423,7.65828125,1164800,200,32,content_only,32,squad
text,qwen,0.645,0.8181537358456591,24.624676366308734,20.87925958633423,7.2403125,1164800,200,32,content_only,32,squad
latent,llama,0.0,0.015230941289282379,11.889252115539412,5.039309024810791,7.65828125,1164800,200,32,content_only,32,squad
latent,qwen,0.0,0.015518027440561868,10.687396245658713,5.039309024810791,7.2403125,1164800,200,32,content_only,32,squad
token_budget,llama,0.005,0.03978617701314485,,5.440519094467163,7.65828125,1164800,200,32,content_only,32,squad
token_budget,qwen,0.04,0.08875346809571157,,5.440519094467163,7.2403125,1164800,200,32,content_only,32,squad
joint,both,0.0,0.014970801462895122,,,,1164800,200,32,content_only,32,squad
