run_tag,label,dataset,scheme,proportion,accuracy,num_samples,avg_input_length,bytes_per_sequence
step0_20260127_052746,m0_baseline,arc_c,fp16,1.0,0.551304347826087,1150,141.31739130434784,8103704.486956522
step0_20260127_052746,m0_baseline,openbookqa,fp16,1.0,0.528,500,117.926,6762348.544
step1_int8_20260127_052746,m2_int8,arc_c,int8,1.0,0.5504347826086956,1150,141.31739130434784,4051852.243478261
step1_int8_20260127_052746,m2_int8,openbookqa,int8,1.0,0.528,500,117.926,3381174.272
step1_int4_20260127_052746,m2_int4,arc_c,int4,1.0,0.5539130434782609,1150,141.31739130434784,2025926.1217391305
step1_int4_20260127_052746,m2_int4,openbookqa,int4,1.0,0.526,500,117.926,1690587.136
step3_int8_p1p0_front_20260127_052746,m3_p1p0_front,arc_c,int8,1.0,0.5482233502538071,197,140.4263959390863,4026305.624365482
step3_int8_p1p0_front_20260127_052746,m3_p1p0_front,openbookqa,int8,1.0,0.528,500,117.926,3381174.272
