{
  "best_no_source_accuracy": 0.25,
  "best_source_destroying_control_accuracy": 0.25,
  "budget_bytes": 16,
  "candidate_pool_recall": 1.0,
  "exact_id_count": 64,
  "exact_id_parity": true,
  "exact_id_sha256": "99374daeaecd406a14e67b0808ce3a5ce205f7835eff8a6cfaf8fd7d90bb7294",
  "matched_minus_best_control": 0.75,
  "matched_minus_best_no_source": 0.75,
  "matched_minus_matched_text_relay": 0.75,
  "metrics": {
    "answer_masked": {
      "accuracy": 0.25,
      "correct": 16,
      "correct_ids": [
        "sphr_0000",
        "sphr_0004",
        "sphr_0008",
        "sphr_0012",
        "sphr_0016",
        "sphr_0020",
        "sphr_0024",
        "sphr_0028",
        "sphr_0032",
        "sphr_0036",
        "sphr_0040",
        "sphr_0044",
        "sphr_0048",
        "sphr_0052",
        "sphr_0056",
        "sphr_0060"
      ],
      "max_payload_bytes": 0,
      "mean_payload_bytes": 0.0,
      "mean_payload_tokens": 0.0,
      "p50_latency_ms": 0.000500003807246685
    },
    "answer_only": {
      "accuracy": 0.25,
      "correct": 16,
      "correct_ids": [
        "sphr_0000",
        "sphr_0004",
        "sphr_0008",
        "sphr_0012",
        "sphr_0016",
        "sphr_0020",
        "sphr_0024",
        "sphr_0028",
        "sphr_0032",
        "sphr_0036",
        "sphr_0040",
        "sphr_0044",
        "sphr_0048",
        "sphr_0052",
        "sphr_0056",
        "sphr_0060"
      ],
      "max_payload_bytes": 16,
      "mean_payload_bytes": 16.0,
      "mean_payload_tokens": 1.0,
      "p50_latency_ms": 0.001145501300925389
    },
    "full_diag_text": {
      "accuracy": 1.0,
      "correct": 64,
      "correct_ids": [
        "sphr_0000",
        "sphr_0001",
        "sphr_0002",
        "sphr_0003",
        "sphr_0004",
        "sphr_0005",
        "sphr_0006",
        "sphr_0007",
        "sphr_0008",
        "sphr_0009",
        "sphr_0010",
        "sphr_0011",
        "sphr_0012",
        "sphr_0013",
        "sphr_0014",
        "sphr_0015",
        "sphr_0016",
        "sphr_0017",
        "sphr_0018",
        "sphr_0019",
        "sphr_0020",
        "sphr_0021",
        "sphr_0022",
        "sphr_0023",
        "sphr_0024",
        "sphr_0025",
        "sphr_0026",
        "sphr_0027",
        "sphr_0028",
        "sphr_0029",
        "sphr_0030",
        "sphr_0031",
        "sphr_0032",
        "sphr_0033",
        "sphr_0034",
        "sphr_0035",
        "sphr_0036",
        "sphr_0037",
        "sphr_0038",
        "sphr_0039",
        "sphr_0040",
        "sphr_0041",
        "sphr_0042",
        "sphr_0043",
        "sphr_0044",
        "sphr_0045",
        "sphr_0046",
        "sphr_0047",
        "sphr_0048",
        "sphr_0049",
        "sphr_0050",
        "sphr_0051",
        "sphr_0052",
        "sphr_0053",
        "sphr_0054",
        "sphr_0055",
        "sphr_0056",
        "sphr_0057",
        "sphr_0058",
        "sphr_0059",
        "sphr_0060",
        "sphr_0061",
        "sphr_0062",
        "sphr_0063"
      ],
      "max_payload_bytes": 14,
      "mean_payload_bytes": 14.0,
      "mean_payload_tokens": 1.0,
      "p50_latency_ms": 0.0016250050975941122
    },
    "full_hidden_log": {
      "accuracy": 1.0,
      "correct": 64,
      "correct_ids": [
        "sphr_0000",
        "sphr_0001",
        "sphr_0002",
        "sphr_0003",
        "sphr_0004",
        "sphr_0005",
        "sphr_0006",
        "sphr_0007",
        "sphr_0008",
        "sphr_0009",
        "sphr_0010",
        "sphr_0011",
        "sphr_0012",
        "sphr_0013",
        "sphr_0014",
        "sphr_0015",
        "sphr_0016",
        "sphr_0017",
        "sphr_0018",
        "sphr_0019",
        "sphr_0020",
        "sphr_0021",
        "sphr_0022",
        "sphr_0023",
        "sphr_0024",
        "sphr_0025",
        "sphr_0026",
        "sphr_0027",
        "sphr_0028",
        "sphr_0029",
        "sphr_0030",
        "sphr_0031",
        "sphr_0032",
        "sphr_0033",
        "sphr_0034",
        "sphr_0035",
        "sphr_0036",
        "sphr_0037",
        "sphr_0038",
        "sphr_0039",
        "sphr_0040",
        "sphr_0041",
        "sphr_0042",
        "sphr_0043",
        "sphr_0044",
        "sphr_0045",
        "sphr_0046",
        "sphr_0047",
        "sphr_0048",
        "sphr_0049",
        "sphr_0050",
        "sphr_0051",
        "sphr_0052",
        "sphr_0053",
        "sphr_0054",
        "sphr_0055",
        "sphr_0056",
        "sphr_0057",
        "sphr_0058",
        "sphr_0059",
        "sphr_0060",
        "sphr_0061",
        "sphr_0062",
        "sphr_0063"
      ],
      "max_payload_bytes": 396,
      "mean_payload_bytes": 366.5,
      "mean_payload_tokens": 33.875,
      "p50_latency_ms": 0.005520498234545812
    },
    "matched_repair_packet": {
      "accuracy": 1.0,
      "correct": 64,
      "correct_ids": [
        "sphr_0000",
        "sphr_0001",
        "sphr_0002",
        "sphr_0003",
        "sphr_0004",
        "sphr_0005",
        "sphr_0006",
        "sphr_0007",
        "sphr_0008",
        "sphr_0009",
        "sphr_0010",
        "sphr_0011",
        "sphr_0012",
        "sphr_0013",
        "sphr_0014",
        "sphr_0015",
        "sphr_0016",
        "sphr_0017",
        "sphr_0018",
        "sphr_0019",
        "sphr_0020",
        "sphr_0021",
        "sphr_0022",
        "sphr_0023",
        "sphr_0024",
        "sphr_0025",
        "sphr_0026",
        "sphr_0027",
        "sphr_0028",
        "sphr_0029",
        "sphr_0030",
        "sphr_0031",
        "sphr_0032",
        "sphr_0033",
        "sphr_0034",
        "sphr_0035",
        "sphr_0036",
        "sphr_0037",
        "sphr_0038",
        "sphr_0039",
        "sphr_0040",
        "sphr_0041",
        "sphr_0042",
        "sphr_0043",
        "sphr_0044",
        "sphr_0045",
        "sphr_0046",
        "sphr_0047",
        "sphr_0048",
        "sphr_0049",
        "sphr_0050",
        "sphr_0051",
        "sphr_0052",
        "sphr_0053",
        "sphr_0054",
        "sphr_0055",
        "sphr_0056",
        "sphr_0057",
        "sphr_0058",
        "sphr_0059",
        "sphr_0060",
        "sphr_0061",
        "sphr_0062",
        "sphr_0063"
      ],
      "max_payload_bytes": 2,
      "mean_payload_bytes": 2.0,
      "mean_payload_tokens": 1.0,
      "p50_latency_ms": 0.0017920028767548501
    },
    "random_same_byte": {
      "accuracy": 0.25,
      "correct": 16,
      "correct_ids": [
        "sphr_0000",
        "sphr_0004",
        "sphr_0008",
        "sphr_0012",
        "sphr_0016",
        "sphr_0020",
        "sphr_0024",
        "sphr_0028",
        "sphr_0032",
        "sphr_0036",
        "sphr_0040",
        "sphr_0044",
        "sphr_0048",
        "sphr_0052",
        "sphr_0056",
        "sphr_0060"
      ],
      "max_payload_bytes": 2,
      "mean_payload_bytes": 2.0,
      "mean_payload_tokens": 1.0,
      "p50_latency_ms": 0.0022500025806948543
    },
    "shuffled_source": {
      "accuracy": 0.25,
      "correct": 16,
      "correct_ids": [
        "sphr_0000",
        "sphr_0004",
        "sphr_0008",
        "sphr_0012",
        "sphr_0016",
        "sphr_0020",
        "sphr_0024",
        "sphr_0028",
        "sphr_0032",
        "sphr_0036",
        "sphr_0040",
        "sphr_0044",
        "sphr_0048",
        "sphr_0052",
        "sphr_0056",
        "sphr_0060"
      ],
      "max_payload_bytes": 2,
      "mean_payload_bytes": 2.0,
      "mean_payload_tokens": 1.0,
      "p50_latency_ms": 0.001915999746415764
    },
    "structured_text_matched": {
      "accuracy": 0.25,
      "correct": 16,
      "correct_ids": [
        "sphr_0000",
        "sphr_0004",
        "sphr_0008",
        "sphr_0012",
        "sphr_0016",
        "sphr_0020",
        "sphr_0024",
        "sphr_0028",
        "sphr_0032",
        "sphr_0036",
        "sphr_0040",
        "sphr_0044",
        "sphr_0048",
        "sphr_0052",
        "sphr_0056",
        "sphr_0060"
      ],