{
  "model": "Rosetta",
  "dataset": "ai2-arc",
  "answer_method": "generate",
  "overall_accuracy": 0.5477386934673367,
  "subjects": {
    "SPLIT_0_OF_1": 0.5477386934673367
  },
  "length_statistics": {
    "subjects": {
      "SPLIT_0_OF_1": {
        "avg_input_length": 139.74874371859298,
        "avg_gen_length": 9.391959798994975,
        "avg_length_ratio": 0.06848714387883047,
        "accuracy": 0.5477386934673367,
        "total_samples": 199
      }
    }
  }
}