{
  "model": "Rosetta",
  "dataset": "ai2-arc",
  "answer_method": "generate",
  "overall_accuracy": 0.5228426395939086,
  "subjects": {
    "SPLIT_0_OF_1": 0.5228426395939086
  },
  "length_statistics": {
    "subjects": {
      "SPLIT_0_OF_1": {
        "avg_input_length": 140.4263959390863,
        "avg_gen_length": 9.365482233502538,
        "avg_length_ratio": 0.0678747842029707,
        "accuracy": 0.5228426395939086,
        "total_samples": 197
      }
    }
  }
}