{
  "model": "Rosetta",
  "dataset": "ai2-arc",
  "answer_method": "generate",
  "overall_accuracy": 0.5647668393782384,
  "subjects": {
    "SPLIT_0_OF_1": 0.5647668393782384
  },
  "length_statistics": {
    "subjects": {
      "SPLIT_0_OF_1": {
        "avg_input_length": 141.0984455958549,
        "avg_gen_length": 9.347150259067357,
        "avg_length_ratio": 0.06789527419960836,
        "accuracy": 0.5647668393782384,
        "total_samples": 193
      }
    }
  }
}