{
  "checkpoint": "runs/gist_validate",
  "num_samples": 200,
  "num_gist_tokens": 1,
  "compression_ratio": 2.689446016983421,
  "avg_full_tokens": 33.255,
  "avg_gist_tokens": 12.365,
  "rouge_scores": {
    "full_text": {
      "rouge1": 0.0616926851834244,
      "rouge2": 0.019996365633912477,
      "rougeL": 0.0517072964512149
    },
    "gist": {
      "rouge1": 0.03060553505449084,
      "rouge2": 0.013405923390931855,
      "rougeL": 0.026959247399235765
    },
    "truncated": {
      "rouge1": 0.03227900281799046,
      "rouge2": 0.006169977954083107,
      "rougeL": 0.02897766554452651
    }
  },
  "relative_performance": {
    "gist_vs_full": 0.5213818793382754,
    "truncated_vs_full": 0.5604173401691293
  },
  "eval_time_seconds": 178.0220365524292
}