{
  "checkpoint": "runs/gist_validate",
  "num_samples": 200,
  "num_gist_tokens": 5,
  "compression_ratio": 1.091703905187488,
  "avg_full_tokens": 56.19,
  "avg_gist_tokens": 51.47,
  "rouge_scores": {
    "full_text": {
      "rouge1": 0.3725408656135876,
      "rouge2": 0.16548886427654835,
      "rougeL": 0.2503142636367767
    },
    "gist": {
      "rouge1": 0.04952741673746674,
      "rouge2": 0.024886933674896965,
      "rougeL": 0.04526996439151823
    },
    "truncated": {
      "rouge1": 0.37492626773175397,
      "rouge2": 0.1654451247693444,
      "rougeL": 0.25304137064008353
    }
  },
  "relative_performance": {
    "gist_vs_full": 0.1808525160883683,
    "truncated_vs_full": 1.010894732739897
  },
  "eval_time_seconds": 161.36278653144836
}