{
  "checkpoint": "runs/gist_validate",
  "num_samples": 200,
  "num_gist_tokens": 5,
  "compression_ratio": 1.091703905187488,
  "avg_full_tokens": 56.19,
  "avg_gist_tokens": 51.47,
  "rouge_scores": {
    "full_text": {
      "rouge1": 0.3725408656135876,
      "rouge2": 0.16548886427654835,
      "rougeL": 0.2503142636367767
    },
    "gist": {
      "rouge1": 0.00668001308025336,
      "rouge2": 0.0012091288005772751,
      "rougeL": 0.005655147433341296
    },
    "truncated": {
      "rouge1": 0.37492626773175397,
      "rouge2": 0.1654451247693444,
      "rougeL": 0.25304137064008353
    }
  },
  "relative_performance": {
    "gist_vs_full": 0.022592190118048187,
    "truncated_vs_full": 1.010894732739897
  },
  "eval_time_seconds": 175.8223705291748
}