{
  "checkpoint": "runs/gist_validate",
  "num_samples": 200,
  "num_gist_tokens": 1,
  "compression_ratio": 2.689446016983421,
  "avg_full_tokens": 33.255,
  "avg_gist_tokens": 12.365,
  "rouge_scores": {
    "full_text": {
      "rouge1": 0.12406075299140644,
      "rouge2": 0.035156813198185095,
      "rougeL": 0.09880885788337858
    },
    "gist": {
      "rouge1": 0.052045229999183214,
      "rouge2": 0.01137405380530826,
      "rougeL": 0.044283930419634895
    },
    "truncated": {
      "rouge1": 0.13313842913122234,
      "rouge2": 0.03855209105313011,
      "rougeL": 0.10587449268607556
    }
  },
  "relative_performance": {
    "gist_vs_full": 0.4481777379908795,
    "truncated_vs_full": 1.0715081112569518
  },
  "eval_time_seconds": 170.58288717269897
}