{
  "checkpoint": "runs/gist_validate",
  "num_samples": 200,
  "num_gist_tokens": 1,
  "compression_ratio": 1.4453455168475158,
  "avg_full_tokens": 63.27,
  "avg_gist_tokens": 43.775,
  "rouge_scores": {
    "full_text": {
      "rouge1": 0.4179723187777723,
      "rouge2": 0.16386916275512992,
      "rougeL": 0.31963208949794686
    },
    "gist": {
      "rouge1": 0.031301754041354504,
      "rouge2": 0.0047172088137982845,
      "rougeL": 0.0253840716912204
    },
    "truncated": {
      "rouge1": 0.24551497805215872,
      "rouge2": 0.07728183473837955,
      "rougeL": 0.16464136818968844
    }
  },
  "relative_performance": {
    "gist_vs_full": 0.07941653083422168,
    "truncated_vs_full": 0.5150964924964019
  },
  "eval_time_seconds": 170.74514293670654
}