group,model,EM,F1,NLL/token,wall_clock_sec,compression,payload_bytes,samples,M,token_budget_mode,token_budget_k,dataset
text,llama,0.58,0.7994106570072514,12.72173482274305,16.203429698944092,7.65828125,32768,200,32,content_only,32,squad
text,qwen,0.68,0.8528460272957177,25.81069942126198,16.203429698944092,7.2403125,32768,200,32,content_only,32,squad
latent,llama,0.0,0.031627907008711965,7.111220036774806,13.320909023284912,7.65828125,32768,200,32,content_only,32,squad
latent,qwen,0.0,0.02050564609968635,7.236522744099299,13.320909023284912,7.2403125,32768,200,32,content_only,32,squad
token_budget,llama,0.005,0.04086507936507937,,11.579339981079102,7.65828125,32768,200,32,content_only,32,squad
token_budget,qwen,0.04,0.07479711954711955,,11.579339981079102,7.2403125,32768,200,32,content_only,32,squad
joint,both,0.0,0.02556838319918816,,,,32768,200,32,content_only,32,squad
