{
  "model": "Rosetta",
  "dataset": "ai2-arc",
  "answer_method": "generate",
  "overall_accuracy": 0.5376884422110553,
  "subjects": {
    "SPLIT_0_OF_1": 0.5376884422110553
  },
  "length_statistics": {
    "subjects": {
      "SPLIT_0_OF_1": {
        "avg_input_length": 139.74874371859298,
        "avg_gen_length": 9.296482412060302,
        "avg_length_ratio": 0.06794653541009761,
        "accuracy": 0.5376884422110553,
        "total_samples": 199
      }
    }
  }
}