{
  "artifact_sha256": {
    "endpoint_proxy_rows.jsonl": "7e7f49ededf972c6ad43e4f4c29145c61cf3763405da86a47254ce287c8d63fd",
    "summary.json": "448b95ca7b673017de72fae2cc8d2938dce70834abd4c44eacf70f889b2e1175",
    "summary.md": "d9316182f43f4161354b5fdd008066465c5a394973734190d065bee1d5f09ff5"
  },
  "artifacts": [
    "endpoint_proxy_rows.jsonl",
    "summary.json",
    "summary.md",
    "manifest.json",
    "manifest.md"
  ],
  "benchmark_sha256": "f1f918b549e795ef250498aa562f2e175dbdeca8f02039c61481d0ee4eea1d2d",
  "device": "cpu",
  "dtype": "float32",
  "limit": 16,
  "max_new_tokens": 24,
  "model_name": "Qwen/Qwen3-0.6B",
  "run_utc": "2026-04-29T10:53:28.016992+00:00",
  "script_sha256": "6f9837065853345745c750b1e7ebb9716ff5b5306e45f61bbf77841e11e41faf",
  "summary": {
    "conditions": [
      "target_only",
      "matched_packet",
      "matched_byte_text_2",
      "query_aware_diag_span",
      "structured_json_diag",
      "structured_free_text_diag",
      "full_hidden_log"
    ],
    "exact_id_parity": true,
    "exact_id_sha256": "50ef91ed25476a81eaa533ec328f9cb4c913e13480fd4f4f0641550217a94478",
    "full_log_e2e_delta_vs_packet_ms": -636.2924574932549,
    "full_log_prompt_token_delta_vs_packet": 87.5,
    "full_log_ttft_delta_vs_packet_ms": 165.37837500072783,
    "metrics": {
      "full_hidden_log": {
        "accuracy": 1.0,
        "correct": 16,
        "mean_generated_tokens": 6.0,
        "mean_payload_bytes": 366.5,
        "mean_payload_tokens_proxy": 33.875,
        "mean_prompt_bytes": 1228.5,
        "mean_prompt_tokens": 303.875,
        "p50_e2e_ms": 1421.1343964998377,
        "p50_ttft_ms": 691.0681875015143,
        "p95_e2e_ms": 1593.708542000968,
        "p95_ttft_ms": 817.835792011465,
        "valid_prediction_rate": 1.0
      },
      "matched_byte_text_2": {
        "accuracy": 0.25,
        "correct": 4,
        "mean_generated_tokens": 13.0,
        "mean_payload_bytes": 2.0,
        "mean_payload_tokens_proxy": 1.0,
        "mean_prompt_bytes": 864.0,
        "mean_prompt_tokens": 215.375,
        "p50_e2e_ms": 2138.9680209977087,
        "p50_ttft_ms": 544.8468749964377,
        "p95_e2e_ms": 2275.945583009161,
        "p95_ttft_ms": 637.3080830089748,
        "valid_prediction_rate": 1.0
      },
      "matched_packet": {
        "accuracy": 0.6875,
        "correct": 11,
        "mean_generated_tokens": 8.625,
        "mean_payload_bytes": 2.0,
        "mean_payload_tokens_proxy": 1.0,
        "mean_prompt_bytes": 864.0,
        "mean_prompt_tokens": 216.375,
        "p50_e2e_ms": 2057.4268539930927,
        "p50_ttft_ms": 525.6898125007865,
        "p95_e2e_ms": 2140.667375002522,
        "p95_ttft_ms": 634.562334002112,
        "valid_prediction_rate": 1.0
      },
      "query_aware_diag_span": {
        "accuracy": 0.8125,
        "correct": 13,
        "mean_generated_tokens": 9.875,
        "mean_payload_bytes": 14.0,
        "mean_payload_tokens_proxy": 1.0,
        "mean_prompt_bytes": 876.0,
        "mean_prompt_tokens": 219.75,
        "p50_e2e_ms": 2075.8272499952,
        "p50_ttft_ms": 454.93391650234116,
        "p95_e2e_ms": 2311.7856250028126,
        "p95_ttft_ms": 571.5261670120526,
        "valid_prediction_rate": 1.0
      },
      "structured_free_text_diag": {
        "accuracy": 1.0,
        "correct": 16,
        "mean_generated_tokens": 6.75,
        "mean_payload_bytes": 17.0,
        "mean_payload_tokens_proxy": 4.0,
        "mean_prompt_bytes": 879.0,
        "mean_prompt_tokens": 219.375,
        "p50_e2e_ms": 825.4124165032408,
        "p50_ttft_ms": 566.7096249962924,
        "p95_e2e_ms": 2109.254290990066,
        "p95_ttft_ms": 654.6642500034068,
        "valid_prediction_rate": 1.0
      },
      "structured_json_diag": {
        "accuracy": 1.0,
        "correct": 16,
        "mean_generated_tokens": 8.0,
        "mean_payload_bytes": 21.0,
        "mean_payload_tokens_proxy": 2.0,
        "mean_prompt_bytes": 883.0,
        "mean_prompt_tokens": 221.375,
        "p50_e2e_ms": 1544.930583499081,
        "p50_ttft_ms": 502.7636045051622,
        "p95_e2e_ms": 2100.3941660019336,
        "p95_ttft_ms": 625.015458004782,
        "valid_prediction_rate": 1.0
      },
      "target_only": {
        "accuracy": 0.25,
        "correct": 4,
        "mean_generated_tokens": 13.0,
        "mean_payload_bytes": 0.0,
        "mean_payload_tokens_proxy": 0.0,
        "mean_prompt_bytes": 881.0,
        "mean_prompt_tokens": 218.375,
        "p50_e2e_ms": 2095.738749507291,
        "p50_ttft_ms": 494.57243750657653,
        "p95_e2e_ms": 2239.183707992197,
        "p95_ttft_ms": 628.5011250001844,
        "valid_prediction_rate": 1.0
      }
    },
    "n": 16,
    "packet_minus_matched_byte_text_accuracy": 0.4375,
    "packet_minus_target_accuracy": 0.4375,
    "packet_prompt_token_delta_vs_target": -2.0,
    "packet_vs_full_log_payload_compression": 183.25,
    "packet_vs_query_payload_compression": 7.0,
    "pass_gate": true,
    "pass_rule": "Packet must beat target by >=0.15, matched-byte text must stay within target+0.05, and query-aware/full-log payloads must be larger than the packet. Latency is reported, not gated."
  }
}