{
  "model": "Rosetta",
  "dataset": "ai2-arc",
  "answer_method": "generate",
  "overall_accuracy": 0.5573913043478261,
  "subjects": {
    "SPLIT_0_OF_1": 0.5573913043478261
  },
  "length_statistics": {
    "subjects": {
      "SPLIT_0_OF_1": {
        "avg_input_length": 141.31739130434784,
        "avg_gen_length": 9.827826086956522,
        "avg_length_ratio": 0.0704102820054125,
        "accuracy": 0.5573913043478261,
        "total_samples": 1150
      }
    }
  }
}