{
  "samples": 200,
  "max_new_tokens": 16,
  "latent_len": 48,
  "device": "cuda",
  "dtype": "torch.bfloat16",
  "avg_prompt_tokens": {
    "llama": 245.065,
    "qwen": 231.69
  },
  "compression": {
    "llama": 5.105520833333333,
    "qwen": 4.826875
  },
  "payload_bytes": 43008,
  "payload_bytes_detail": {
    "fp32": 8601600,
    "fp16": 4300800,
    "selected": null
  },
  "wire": {
    "prompt_chars": {
      "llama": 251564,
      "qwen": 221164
    },
    "prompt_count": 200,
    "latent_shape": [
      200,
      42,
      256
    ],
    "latent_bytes": {
      "fp32": 8601600,
      "fp16": 4300800
    },
    "group_size": 32,
    "scale_bits": 16,
    "selected_latent_bytes": null,
    "base_latent_bytes": 43008,
    "wire_ratio": {}
  },
  "text": {
    "llama": {
      "em": 0.59,
      "f1": 0.8007829157729505,
      "nll_token": 12.72173482274305
    },
    "qwen": {
      "em": 0.665,
      "f1": 0.8383902733374898,
      "nll_token": 25.81069942126198
    },
    "wall_clock_sec": 16.821330547332764
  },
  "latent": {
    "llama": {
      "em": 0.0,
      "f1": 0.009651879677926902,
      "nll": 10.32281303459825,
      "first_token_top1": 0.0,
      "first_token_top5": 0.029999999329447746,
      "nll_token": 10.32281303459825
    },
    "qwen": {
      "em": 0.0,
      "f1": 0.0024999999812500002,
      "nll": 10.774722891667533,
      "first_token_top1": 0.04999999701976776,
      "first_token_top5": 0.09999999403953552,
      "nll_token": 10.774722891667533
    },
    "wall_clock_sec": 4.006964921951294
  },
  "token_budget": {
    "mode": "content_only",
    "k": 32,
    "llama": {
      "em": 0.005,
      "f1": 0.04095895236860437
    },
    "qwen": {
      "em": 0.04,
      "f1": 0.07479711898018827
    },
    "wall_clock_sec": 3.8065602779388428
  },
  "joint": {
    "em": 0.0,
    "f1": 0.0024999999812500002,
    "agreement": 0.0,
    "oracle": {
      "em": 0.0,
      "f1": 0.012151879659176903
    }
  },
  "debug": {
    "llama": {},
    "qwen": {},
    "settings": {
      "latent_anchor_mode": "text",
      "latent_anchor_text": "Answer: ",
      "prefix_gain": 1.25,
      "calibration_mode": "embed_rms",
      "append_bos_after_prefix": "yes",
      "decode": {
        "min_new_tokens": 3,
        "eos_ban_steps": 6,
        "first_token_top_p": 1.0,
        "first_token_temperature": 0.0
      }
    }
  },
  "oracle": {
    "em": 0.0,
    "f1": 0.012151879659176903
  },
  "dataset": "squad"
}