group,model,EM,F1,NLL/token,wall_clock_sec,compression,payload_bytes,samples,M,token_budget_mode,token_budget_k,dataset
text,llama,0.615,0.8094276466075133,12.403911339973977,21.61659264564514,7.65828125,1164800,200,32,content_only,32,squad
text,qwen,0.645,0.8181537358456591,24.624676366308734,21.61659264564514,7.2403125,1164800,200,32,content_only,32,squad
latent,llama,0.0,0.008561527560041787,11.820207253064698,5.15499210357666,7.65828125,1164800,200,32,content_only,32,squad
latent,qwen,0.0,0.017398548568773167,10.621769814579576,5.15499210357666,7.2403125,1164800,200,32,content_only,32,squad
token_budget,llama,0.005,0.03978617701314485,,5.665658473968506,7.65828125,1164800,200,32,content_only,32,squad
token_budget,qwen,0.04,0.08875346809571157,,5.665658473968506,7.2403125,1164800,200,32,content_only,32,squad
joint,both,0.0,0.016018629879799816,,,,1164800,200,32,content_only,32,squad
