{
  "model": "Rosetta",
  "dataset": "ai2-arc",
  "answer_method": "generate",
  "overall_accuracy": 0.5803108808290155,
  "subjects": {
    "SPLIT_0_OF_1": 0.5803108808290155
  },
  "kv_transfer_stats": {
    "count": 5404,
    "selected_min": 101,
    "selected_max": 127,
    "selected_sum": 668164,
    "total_sum": 757092,
    "selected_fraction_sum": 4867.970062096913,
    "score_mean_sum": 71128.2886941433,
    "score_min": 0.12491508573293686,
    "score_max": 88.81431579589844,
    "prefill_count": 193,
    "prefill_time_sum_ms": 85862.29141883086,
    "selection_time_sum_ms": 825.5852120928466,
    "projection_score_time_sum_ms": 11584.129329421557,
    "projection_transfer_time_sum_ms": 11460.45413275715,
    "fuse_time_sum_ms": 613.0159179447219,
    "rd_int8_sum": 668164,
    "rd_int4_sum": 0,
    "rd_drop_sum": 88928,
    "rd_budget_bytes_sum": 177467360.0,
    "rd_bytes_used_sum": 172472776.0,
    "rd_effective_bits_sum": 43591.663112002236,
    "rd_payload_bytes_sum": 171049984.0,
    "rd_index_bytes_sum": 1336328.0,
    "rd_scale_bytes_sum": 86464.0,
    "selected_mean": 123.64248704663213,
    "total_mean": 140.0984455958549,
    "selected_fraction_mean": 0.9008086717425821,
    "score_mean": 13.162155568864414,
    "prefill_time_mean_ms": 444.88233895767286,
    "selection_time_mean_ms": 0.1527729852133321,
    "projection_score_time_mean_ms": 2.143621267472531,
    "projection_transfer_time_mean_ms": 2.1207354057655716,
    "fuse_time_mean_ms": 0.11343743855379754,
    "rd_int8_mean": 123.64248704663213,
    "rd_int4_mean": 0.0,
    "rd_drop_mean": 16.4559585492228,
    "rd_budget_bytes_mean": 32840.0,
    "rd_bytes_used_mean": 31915.76165803109,
    "rd_effective_bits_mean": 8.066554980015217,
    "rd_payload_bytes_mean": 31652.476683937824,
    "rd_index_bytes_mean": 247.28497409326425,
    "rd_scale_bytes_mean": 16.0
  },
  "length_statistics": {
    "subjects": {
      "SPLIT_0_OF_1": {
        "avg_input_length": 141.0984455958549,
        "avg_gen_length": 10.544041450777202,
        "avg_length_ratio": 0.0754355248730544,
        "accuracy": 0.5803108808290155,
        "total_samples": 193
      }
    }
  }
}