{
  "model_names": [
    "distilgpt2",
    "facebook/opt-125m"
  ],
  "max_traces": 48,
  "max_length": 64,
  "sink_tokens": 4,
  "train_fraction": 0.67,
  "seeds": [
    0,
    1,
    2
  ],
  "model_results": [
    {
      "model_name": "distilgpt2",
      "model_family": "gpt2",
      "seed_rows": [
        {
          "seed": 0,
          "model_name": "distilgpt2",
          "model_family": "gpt2",
          "train_traces": 32,
          "heldout_traces": 16,
          "train_trace_indices": [
            44,
            22,
            29,
            18,
            23,
            20,
            19,
            41,
            25,
            39,
            4,
            2,
            36,
            32,
            1,
            13,
            40,
            10,
            15,
            33,
            26,
            3,
            31,
            27,
            21,
            30,
            35,
            0,
            37,
            38,
            14,
            12
          ],
          "heldout_trace_indices": [
            5,
            6,
            28,
            43,
            46,
            45,
            9,
            8,
            42,
            7,
            11,
            47,
            24,
            17,
            34,
            16
          ],
          "exact_baseline": {
            "loss": 3.0701040445150554,
            "n_tokens": 1001.0,
            "loss_delta_vs_exact": 0.0
          },
          "modes": {
            "exact": {
              "loss": 3.0701040445150554,
              "n_tokens": 1001.0,
              "loss_delta_vs_exact": 0.0,
              "abs_loss_delta_vs_exact": 0.0,
              "mean_kl_to_exact": 0.0,
              "top1_disagreement_rate": 0.0
            },
            "position": {
              "loss": 3.1653864781458774,
              "n_tokens": 1001.0,
              "loss_delta_vs_exact": 0.095282433630822,
              "abs_loss_delta_vs_exact": 0.095282433630822,
              "mean_kl_to_exact": 0.07393446823695561,
              "top1_disagreement_rate": 0.1008991008991009
            },
            "rank2": {
              "loss": 3.1319824127288727,
              "n_tokens": 1001.0,
              "loss_delta_vs_exact": 0.061878368213817314,
              "abs_loss_delta_vs_exact": 0.061878368213817314,
              "mean_kl_to_exact": 0.05233890479142135,
              "top1_disagreement_rate": 0.0899100899100899
            }
          },
          "rank2_abs_loss_delta_improvement_vs_position": 0.03340406541700469,
          "rank2_kl_improvement_vs_position": 0.02159556344553426,
          "rank2_top1_improvement_vs_position": 0.010989010989010992
        },
        {
          "seed": 1,
          "model_name": "distilgpt2",
          "model_family": "gpt2",
          "train_traces": 32,
          "heldout_traces": 16,
          "train_trace_indices": [
            37,
            12,
            14,
            26,
            7,
            11,
            41,
            40,
            47,
            18,
            4,
            44,
            10,
            46,
            15,
            21,
            22,
            36,
            20,
            45,
            30,
            17,
            1,
            27,
            23,
            9,
            3,
            29,
            0,
            33,
            5,
            6
          ],
          "heldout_trace_indices": [
            39,
            2,
            43,
            8,
            35,
            32,
            16,
            31,
            19,
            42,
            24,
            13,
            28,
            38,
            34,
            25
          ],
          "exact_baseline": {
            "loss": 3.05708899806388,
            "n_tokens": 1005.0,
            "loss_delta_vs_exact": 0.0
          },
          "modes": {
            "exact": {
              "loss": 3.05708899806388,
              "n_tokens": 1005.0,
              "loss_delta_vs_exact": 0.0,
              "abs_loss_delta_vs_exact": 0.0,
              "mean_kl_to_exact": 0.0,
              "top1_disagreement_rate": 0.0
            },
            "position": {
              "loss": 3.16225634522699,
              "n_tokens": 1005.0,
              "loss_delta_vs_exact": 0.10516734716311005,
              "abs_loss_delta_vs_exact": 0.10516734716311005,
              "mean_kl_to_exact": 0.08133193639973503,
              "top1_disagreement_rate": 0.12935323383084577
            },
            "rank2": {
              "loss": 3.125513712565104,
              "n_tokens": 1005.0,
              "loss_delta_vs_exact": 0.06842471450122423,
              "abs_loss_delta_vs_exact": 0.06842471450122423,
              "mean_kl_to_exact": 0.056087667787846046,
              "top1_disagreement_rate": 0.10845771144278607
            }
          },
          "rank2_abs_loss_delta_improvement_vs_position": 0.03674263266188582,
          "rank2_kl_improvement_vs_position": 0.025244268611888984,
          "rank2_top1_improvement_vs_position": 0.020895522388059695
        },
        {
          "seed": 2,
          "model_name": "distilgpt2",
          "model_family": "gpt2",
          "train_traces": 32,
          "heldout_traces": 16,
          "train_trace_indices": [
            24,
            7,
            11,
            12,
            26,
            1,
            3,
            46,
            8,
            33,
            4,
            5,
            23,
            38,
            47,
            20,
            14,
            36,
            44,
            25,
            18,
            0,
            9,
            34,
            43,
            19,
            15,
            42,
            16,
            31,
            35,
            21
          ],
          "heldout_trace_indices": [
            27,
            10,
            32,
            28,
            30,
            22,
            41,
            17,
            37,
            2,
            13,
            45,
            39,
            6,
            40,
            29
          ],
          "exact_baseline": {
            "loss": 3.081671945111242,
            "n_tokens": 1002.0,
            "loss_delta_vs_exact": 0.0
          },
          "modes": {
            "exact": {
              "loss": 3.081671945111242,
              "n_tokens": 1002.0,
              "loss_delta_vs_exact": 0.0,
              "abs_loss_delta_vs_exact": 0.0,
              "mean_kl_to_exact": 0.0,
              "top1_disagreement_rate": 0.0
            },
            "position": {
              "loss": 3.1900310554428253,
              "n_tokens": 1002.0,
              "loss_delta_vs_exact": 0.10835911033158308,
              "abs_loss_delta_vs_exact": 0.10835911033158308,
              "mean_kl_to_exact": 0.09479986027091325,
              "top1_disagreement_rate": 0.15269461077844312
            },
            "rank2": {
              "loss": 3.156657418804968,
              "n_tokens": 1002.0,
              "loss_delta_vs_exact": 0.07498547369372588,
              "abs_loss_delta_vs_exact": 0.07498547369372588,
              "mean_kl_to_exact": 0.06965286122586675,
              "top1_disagreement_rate": 0.1217564870259481
            }
          },
          "rank2_abs_loss_delta_improvement_vs_position": 0.033373636637857196,
          "rank2_kl_improvement_vs_position": 0.025146999045046498,
          "rank2_top1_improvement_vs_position": 0.030938123752495023
        }
      ],
      "aggregate": {
        "exact_abs_loss_delta_vs_baseline": {
          "mean": 0.0,
          "ci95": 0.0
        },
        "exact_mean_kl_to_baseline": {
          "mean": 0.0,
          "ci95": 0.0
        },
        "position_abs_loss_delta_vs_baseline": {
          "mean": 0.10293629704183838,
          "ci95": 0.0077151217588017585
        },
        "rank2_abs_loss_delta_vs_baseline": {
          "mean": 0.06842951880292247,