{
  "model_names": [
    "distilgpt2",
    "facebook/opt-125m"
  ],
  "max_traces": 48,
  "max_length": 96,
  "sink_tokens": 2,
  "train_fraction": 0.67,
  "seeds": [
    0,
    1,
    2
  ],
  "model_results": [
    {
      "model_name": "distilgpt2",
      "model_family": "gpt2",
      "seed_rows": [
        {
          "seed": 0,
          "model_name": "distilgpt2",
          "model_family": "gpt2",
          "train_traces": 32,
          "heldout_traces": 16,
          "train_trace_indices": [
            44,
            22,
            29,
            18,
            23,
            20,
            19,
            41,
            25,
            39,
            4,
            2,
            36,
            32,
            1,
            13,
            40,
            10,
            15,
            33,
            26,
            3,
            31,
            27,
            21,
            30,
            35,
            0,
            37,
            38,
            14,
            12
          ],
          "heldout_trace_indices": [
            5,
            6,
            28,
            43,
            46,
            45,
            9,
            8,
            42,
            7,
            11,
            47,
            24,
            17,
            34,
            16
          ],
          "exact_baseline": {
            "loss": 3.024934658131253,
            "n_tokens": 1087.0,
            "loss_delta_vs_exact": 0.0
          },
          "modes": {
            "exact": {
              "loss": 3.024934658131253,
              "n_tokens": 1087.0,
              "loss_delta_vs_exact": 0.0,
              "abs_loss_delta_vs_exact": 0.0,
              "mean_kl_to_exact": 0.0,
              "top1_disagreement_rate": 0.0
            },
            "position": {
              "loss": 3.0837205397282155,
              "n_tokens": 1087.0,
              "loss_delta_vs_exact": 0.05878588159696241,
              "abs_loss_delta_vs_exact": 0.05878588159696241,
              "mean_kl_to_exact": 0.04344434472762233,
              "top1_disagreement_rate": 0.09199632014719411
            },
            "rank2": {
              "loss": 3.0528722936775887,
              "n_tokens": 1087.0,
              "loss_delta_vs_exact": 0.02793763554633566,
              "abs_loss_delta_vs_exact": 0.02793763554633566,
              "mean_kl_to_exact": 0.02463360993052801,
              "top1_disagreement_rate": 0.07359705611775529
            }
          },
          "rank2_abs_loss_delta_improvement_vs_position": 0.03084824605062675,
          "rank2_kl_improvement_vs_position": 0.018810734797094324,
          "rank2_top1_improvement_vs_position": 0.018399264029438825
        },
        {
          "seed": 1,
          "model_name": "distilgpt2",
          "model_family": "gpt2",
          "train_traces": 32,
          "heldout_traces": 16,
          "train_trace_indices": [
            37,
            12,
            14,
            26,
            7,
            11,
            41,
            40,
            47,
            18,
            4,
            44,
            10,
            46,
            15,
            21,
            22,
            36,
            20,
            45,
            30,
            17,
            1,
            27,
            23,
            9,
            3,
            29,
            0,
            33,
            5,
            6
          ],
          "heldout_trace_indices": [
            39,
            2,
            43,
            8,
            35,
            32,
            16,
            31,
            19,
            42,
            24,
            13,
            28,
            38,
            34,
            25
          ],
          "exact_baseline": {
            "loss": 3.0252286438548235,
            "n_tokens": 1090.0,
            "loss_delta_vs_exact": 0.0
          },
          "modes": {
            "exact": {
              "loss": 3.0252286438548235,
              "n_tokens": 1090.0,
              "loss_delta_vs_exact": 0.0,
              "abs_loss_delta_vs_exact": 0.0,
              "mean_kl_to_exact": 0.0,
              "top1_disagreement_rate": 0.0
            },
            "position": {
              "loss": 3.0887310763017846,
              "n_tokens": 1090.0,
              "loss_delta_vs_exact": 0.06350243244696108,
              "abs_loss_delta_vs_exact": 0.06350243244696108,
              "mean_kl_to_exact": 0.041320918568777384,
              "top1_disagreement_rate": 0.10458715596330276
            },
            "rank2": {
              "loss": 3.0560589151644924,
              "n_tokens": 1090.0,
              "loss_delta_vs_exact": 0.030830271309668866,
              "abs_loss_delta_vs_exact": 0.030830271309668866,
              "mean_kl_to_exact": 0.022756382795648837,
              "top1_disagreement_rate": 0.07522935779816514
            }
          },
          "rank2_abs_loss_delta_improvement_vs_position": 0.03267216113729221,
          "rank2_kl_improvement_vs_position": 0.018564535773128547,
          "rank2_top1_improvement_vs_position": 0.029357798165137616
        },
        {
          "seed": 2,
          "model_name": "distilgpt2",
          "model_family": "gpt2",
          "train_traces": 32,
          "heldout_traces": 16,
          "train_trace_indices": [
            24,
            7,
            11,
            12,
            26,
            1,
            3,
            46,
            8,
            33,
            4,
            5,
            23,
            38,
            47,
            20,
            14,
            36,
            44,
            25,
            18,
            0,
            9,
            34,
            43,
            19,
            15,
            42,
            16,
            31,
            35,
            21
          ],
          "heldout_trace_indices": [
            27,
            10,
            32,
            28,
            30,
            22,
            41,
            17,
            37,
            2,
            13,
            45,
            39,
            6,
            40,
            29
          ],
          "exact_baseline": {
            "loss": 3.011390395259684,
            "n_tokens": 1102.0,
            "loss_delta_vs_exact": 0.0
          },
          "modes": {
            "exact": {
              "loss": 3.011390395259684,
              "n_tokens": 1102.0,
              "loss_delta_vs_exact": 0.0,
              "abs_loss_delta_vs_exact": 0.0,
              "mean_kl_to_exact": 0.0,
              "top1_disagreement_rate": 0.0
            },
            "position": {
              "loss": 3.050296790370491,
              "n_tokens": 1102.0,
              "loss_delta_vs_exact": 0.03890639511080707,
              "abs_loss_delta_vs_exact": 0.03890639511080707,
              "mean_kl_to_exact": 0.037036861352176285,
              "top1_disagreement_rate": 0.10526315789473684
            },
            "rank2": {
              "loss": 3.03064437007731,
              "n_tokens": 1102.0,
              "loss_delta_vs_exact": 0.019253974817625696,
              "abs_loss_delta_vs_exact": 0.019253974817625696,
              "mean_kl_to_exact": 0.023893464174114858,
              "top1_disagreement_rate": 0.07622504537205081
            }
          },
          "rank2_abs_loss_delta_improvement_vs_position": 0.019652420293181372,
          "rank2_kl_improvement_vs_position": 0.013143397178061428,
          "rank2_top1_improvement_vs_position": 0.029038112522686024
        }
      ],
      "aggregate": {
        "exact_abs_loss_delta_vs_baseline": {
          "mean": 0.0,
          "ci95": 0.0
        },
        "exact_mean_kl_to_baseline": {
          "mean": 0.0,
          "ci95": 0.0
        },
        "position_abs_loss_delta_vs_baseline": {
          "mean": 0.05373156971824352,
          "ci95": 0.014771727153734752
        },