{
  "model_names": [
    "distilgpt2",
    "facebook/opt-125m"
  ],
  "max_traces": 48,
  "max_length": 64,
  "sink_tokens": 2,
  "train_fraction": 0.67,
  "seeds": [
    0,
    1,
    2
  ],
  "model_results": [
    {
      "model_name": "distilgpt2",
      "model_family": "gpt2",
      "seed_rows": [
        {
          "seed": 0,
          "model_name": "distilgpt2",
          "model_family": "gpt2",
          "train_traces": 32,
          "heldout_traces": 16,
          "train_trace_indices": [
            44,
            22,
            29,
            18,
            23,
            20,
            19,
            41,
            25,
            39,
            4,
            2,
            36,
            32,
            1,
            13,
            40,
            10,
            15,
            33,
            26,
            3,
            31,
            27,
            21,
            30,
            35,
            0,
            37,
            38,
            14,
            12
          ],
          "heldout_trace_indices": [
            5,
            6,
            28,
            43,
            46,
            45,
            9,
            8,
            42,
            7,
            11,
            47,
            24,
            17,
            34,
            16
          ],
          "exact_baseline": {
            "loss": 3.0701040445150554,
            "n_tokens": 1001.0,
            "loss_delta_vs_exact": 0.0
          },
          "modes": {
            "exact": {
              "loss": 3.0701040445150554,
              "n_tokens": 1001.0,
              "loss_delta_vs_exact": 0.0,
              "abs_loss_delta_vs_exact": 0.0,
              "mean_kl_to_exact": 0.0,
              "top1_disagreement_rate": 0.0
            },
            "position": {
              "loss": 3.1262397423133508,
              "n_tokens": 1001.0,
              "loss_delta_vs_exact": 0.056135697798295414,
              "abs_loss_delta_vs_exact": 0.056135697798295414,
              "mean_kl_to_exact": 0.04268183896353433,
              "top1_disagreement_rate": 0.0919080919080919
            },
            "rank2": {
              "loss": 3.0956349101338114,
              "n_tokens": 1001.0,
              "loss_delta_vs_exact": 0.02553086561875606,
              "abs_loss_delta_vs_exact": 0.02553086561875606,
              "mean_kl_to_exact": 0.02741827807583652,
              "top1_disagreement_rate": 0.07092907092907093
            }
          },
          "rank2_abs_loss_delta_improvement_vs_position": 0.030604832179539354,
          "rank2_kl_improvement_vs_position": 0.01526356088769781,
          "rank2_top1_improvement_vs_position": 0.020979020979020976
        },
        {
          "seed": 1,
          "model_name": "distilgpt2",
          "model_family": "gpt2",
          "train_traces": 32,
          "heldout_traces": 16,
          "train_trace_indices": [
            37,
            12,
            14,
            26,
            7,
            11,
            41,
            40,
            47,
            18,
            4,
            44,
            10,
            46,
            15,
            21,
            22,
            36,
            20,
            45,
            30,
            17,
            1,
            27,
            23,
            9,
            3,
            29,
            0,
            33,
            5,
            6
          ],
          "heldout_trace_indices": [
            39,
            2,
            43,
            8,
            35,
            32,
            16,
            31,
            19,
            42,
            24,
            13,
            28,
            38,
            34,
            25
          ],
          "exact_baseline": {
            "loss": 3.05708899806388,
            "n_tokens": 1005.0,
            "loss_delta_vs_exact": 0.0
          },
          "modes": {
            "exact": {
              "loss": 3.05708899806388,
              "n_tokens": 1005.0,
              "loss_delta_vs_exact": 0.0,
              "abs_loss_delta_vs_exact": 0.0,
              "mean_kl_to_exact": 0.0,
              "top1_disagreement_rate": 0.0
            },
            "position": {
              "loss": 3.1168243711860617,
              "n_tokens": 1005.0,
              "loss_delta_vs_exact": 0.05973537312218191,
              "abs_loss_delta_vs_exact": 0.05973537312218191,
              "mean_kl_to_exact": 0.04034033628245491,
              "top1_disagreement_rate": 0.1044776119402985
            },
            "rank2": {
              "loss": 3.088285015352923,
              "n_tokens": 1005.0,
              "loss_delta_vs_exact": 0.031196017289043088,
              "abs_loss_delta_vs_exact": 0.031196017289043088,
              "mean_kl_to_exact": 0.026079651728198303,
              "top1_disagreement_rate": 0.07761194029850746
            }
          },
          "rank2_abs_loss_delta_improvement_vs_position": 0.028539355833138824,
          "rank2_kl_improvement_vs_position": 0.014260684554256609,
          "rank2_top1_improvement_vs_position": 0.026865671641791045
        },
        {
          "seed": 2,
          "model_name": "distilgpt2",
          "model_family": "gpt2",
          "train_traces": 32,
          "heldout_traces": 16,
          "train_trace_indices": [
            24,
            7,
            11,
            12,
            26,
            1,
            3,
            46,
            8,
            33,
            4,
            5,
            23,
            38,
            47,
            20,
            14,
            36,
            44,
            25,
            18,
            0,
            9,
            34,
            43,
            19,
            15,
            42,
            16,
            31,
            35,
            21
          ],
          "heldout_trace_indices": [
            27,
            10,
            32,
            28,
            30,
            22,
            41,
            17,
            37,
            2,
            13,
            45,
            39,
            6,
            40,
            29
          ],
          "exact_baseline": {
            "loss": 3.081671945111242,
            "n_tokens": 1002.0,
            "loss_delta_vs_exact": 0.0
          },
          "modes": {
            "exact": {
              "loss": 3.081671945111242,
              "n_tokens": 1002.0,
              "loss_delta_vs_exact": 0.0,
              "abs_loss_delta_vs_exact": 0.0,
              "mean_kl_to_exact": 0.0,
              "top1_disagreement_rate": 0.0
            },
            "position": {
              "loss": 3.1198931178171003,
              "n_tokens": 1002.0,
              "loss_delta_vs_exact": 0.03822117270585812,
              "abs_loss_delta_vs_exact": 0.03822117270585812,
              "mean_kl_to_exact": 0.0377611307326905,
              "top1_disagreement_rate": 0.11077844311377245
            },
            "rank2": {
              "loss": 3.1002084880531906,
              "n_tokens": 1002.0,
              "loss_delta_vs_exact": 0.018536542941948397,
              "abs_loss_delta_vs_exact": 0.018536542941948397,
              "mean_kl_to_exact": 0.025996420495286436,
              "top1_disagreement_rate": 0.08483033932135728
            }
          },
          "rank2_abs_loss_delta_improvement_vs_position": 0.019684629763909722,
          "rank2_kl_improvement_vs_position": 0.011764710237404066,
          "rank2_top1_improvement_vs_position": 0.025948103792415175
        }
      ],
      "aggregate": {
        "exact_abs_loss_delta_vs_baseline": {
          "mean": 0.0,
          "ci95": 0.0
        },
        "exact_mean_kl_to_baseline": {
          "mean": 0.0,
          "ci95": 0.0
        },
        "position_abs_loss_delta_vs_baseline": {
          "mean": 0.05136408120877848,
          "ci95": 0.013040087279054136
        },