{
  "model_names": [
    "distilgpt2",
    "facebook/opt-125m"
  ],
  "max_traces": 24,
  "max_length": 64,
  "sink_tokens": 2,
  "train_fraction": 0.67,
  "seeds": [
    0,
    1,
    2
  ],
  "model_results": [
    {
      "model_name": "distilgpt2",
      "model_family": "gpt2",
      "seed_rows": [
        {
          "seed": 0,
          "model_name": "distilgpt2",
          "model_family": "gpt2",
          "train_traces": 16,
          "heldout_traces": 8,
          "train_trace_indices": [
            20,
            5,
            3,
            12,
            7,
            2,
            13,
            17,
            4,
            1,
            19,
            22,
            9,
            18,
            11,
            8
          ],
          "heldout_trace_indices": [
            16,
            10,
            0,
            14,
            15,
            23,
            21,
            6
          ],
          "exact_baseline": {
            "loss": 2.941693838341648,
            "n_tokens": 498.0,
            "loss_delta_vs_exact": 0.0
          },
          "modes": {
            "exact": {
              "loss": 2.941693838341648,
              "n_tokens": 498.0,
              "loss_delta_vs_exact": 0.0,
              "abs_loss_delta_vs_exact": 0.0,
              "mean_kl_to_exact": 0.0,
              "top1_disagreement_rate": 0.0
            },
            "position": {
              "loss": 2.992187009757781,
              "n_tokens": 498.0,
              "loss_delta_vs_exact": 0.05049317141613319,
              "abs_loss_delta_vs_exact": 0.05049317141613319,
              "mean_kl_to_exact": 0.03969168423648819,
              "top1_disagreement_rate": 0.08835341365461848
            },
            "rank2": {
              "loss": 2.966472579772214,
              "n_tokens": 498.0,
              "loss_delta_vs_exact": 0.024778741430565798,
              "abs_loss_delta_vs_exact": 0.024778741430565798,
              "mean_kl_to_exact": 0.02411681150336821,
              "top1_disagreement_rate": 0.07429718875502007
            }
          },
          "rank2_abs_loss_delta_improvement_vs_position": 0.02571442998556739,
          "rank2_kl_improvement_vs_position": 0.015574872733119978,
          "rank2_top1_improvement_vs_position": 0.014056224899598402
        },
        {
          "seed": 1,
          "model_name": "distilgpt2",
          "model_family": "gpt2",
          "train_traces": 16,
          "heldout_traces": 8,
          "train_trace_indices": [
            13,
            2,
            18,
            20,
            7,
            6,
            17,
            23,
            4,
            21,
            14,
            11,
            16,
            1,
            5,
            15
          ],
          "heldout_trace_indices": [
            22,
            3,
            10,
            0,
            12,
            9,
            19,
            8
          ],
          "exact_baseline": {
            "loss": 2.677647847977896,
            "n_tokens": 504.0,
            "loss_delta_vs_exact": 0.0
          },
          "modes": {
            "exact": {
              "loss": 2.677647847977896,
              "n_tokens": 504.0,
              "loss_delta_vs_exact": 0.0,
              "abs_loss_delta_vs_exact": 0.0,
              "mean_kl_to_exact": 0.0,
              "top1_disagreement_rate": 0.0
            },
            "position": {
              "loss": 2.7352591317797463,
              "n_tokens": 504.0,
              "loss_delta_vs_exact": 0.057611283801850544,
              "abs_loss_delta_vs_exact": 0.057611283801850544,
              "mean_kl_to_exact": 0.032361341847313776,
              "top1_disagreement_rate": 0.10317460317460317
            },
            "rank2": {
              "loss": 2.696090577140687,
              "n_tokens": 504.0,
              "loss_delta_vs_exact": 0.018442729162791327,
              "abs_loss_delta_vs_exact": 0.018442729162791327,
              "mean_kl_to_exact": 0.020533503048003665,
              "top1_disagreement_rate": 0.08333333333333333
            }
          },
          "rank2_abs_loss_delta_improvement_vs_position": 0.039168554639059217,
          "rank2_kl_improvement_vs_position": 0.011827838799310111,
          "rank2_top1_improvement_vs_position": 0.01984126984126984
        },
        {
          "seed": 2,
          "model_name": "distilgpt2",
          "model_family": "gpt2",
          "train_traces": 16,
          "heldout_traces": 8,
          "train_trace_indices": [
            0,
            19,
            7,
            12,
            22,
            11,
            6,
            4,
            16,
            15,
            3,
            9,
            23,
            10,
            1,
            17
          ],
          "heldout_trace_indices": [
            13,
            20,
            5,
            14,
            18,
            21,
            8,
            2
          ],
          "exact_baseline": {
            "loss": 2.8784035122583784,
            "n_tokens": 504.0,
            "loss_delta_vs_exact": 0.0
          },
          "modes": {
            "exact": {
              "loss": 2.8784035122583784,
              "n_tokens": 504.0,
              "loss_delta_vs_exact": 0.0,
              "abs_loss_delta_vs_exact": 0.0,
              "mean_kl_to_exact": 0.0,
              "top1_disagreement_rate": 0.0
            },
            "position": {
              "loss": 2.929854044838557,
              "n_tokens": 504.0,
              "loss_delta_vs_exact": 0.05145053258017862,
              "abs_loss_delta_vs_exact": 0.05145053258017862,
              "mean_kl_to_exact": 0.031359977192348905,
              "top1_disagreement_rate": 0.0992063492063492
            },
            "rank2": {
              "loss": 2.90878118787493,
              "n_tokens": 504.0,
              "loss_delta_vs_exact": 0.03037767561655169,
              "abs_loss_delta_vs_exact": 0.03037767561655169,
              "mean_kl_to_exact": 0.019368928812799,
              "top1_disagreement_rate": 0.08134920634920635
            }
          },
          "rank2_abs_loss_delta_improvement_vs_position": 0.02107285696362693,
          "rank2_kl_improvement_vs_position": 0.011991048379549906,
          "rank2_top1_improvement_vs_position": 0.01785714285714285
        }
      ],
      "aggregate": {
        "exact_abs_loss_delta_vs_baseline": {
          "mean": 0.0,
          "ci95": 0.0
        },
        "exact_mean_kl_to_baseline": {
          "mean": 0.0,
          "ci95": 0.0
        },
        "position_abs_loss_delta_vs_baseline": {
          "mean": 0.05318499593272078,
          "ci95": 0.0043714523068416125
        },
        "rank2_abs_loss_delta_vs_baseline": {
          "mean": 0.02453304873663627,
          "ci95": 0.006757122896325834
        },
        "rank2_abs_loss_delta_improvement_vs_position": {
          "mean": 0.02865194719608451,
          "ci95": 0.010635615968803457
        },
        "rank2_kl_improvement_vs_position": {
          "mean": 0.013131253303993331,
          "ci95": 0.0023965268405152463
        },
        "rank2_top1_disagreement_improvement_vs_position": {
          "mean": 0.017251545866003696,
          "ci95": 0.003326566568023293
        },
        "all_seeds_exact_noop_ok": {
          "value": true,
          "n": 3
        },
        "all_seeds_rank2_closer_by_loss": {
          "value": true,
          "n": 3
        },
        "all_seeds_rank2_closer_by_kl": {
          "value": true,
          "n": 3
        },
        "min_rank2_abs_loss_delta_improvement_vs_position": {
          "value": 0.02107285696362693
        }
      },
      "status": "ALIVE but bounded on this model; rank-2 is closer than position-only in downstream loss and KL."
    },
    {
      "model_name": "facebook/opt-125m",
      "model_family": "opt",
      "seed_rows": [
        {
          "seed": 0,