{
  "model_names": [
    "distilgpt2",
    "facebook/opt-125m"
  ],
  "max_traces": 24,
  "max_length": 96,
  "sink_tokens": 2,
  "train_fraction": 0.67,
  "seeds": [
    0,
    1,
    2
  ],
  "model_results": [
    {
      "model_name": "distilgpt2",
      "model_family": "gpt2",
      "seed_rows": [
        {
          "seed": 0,
          "model_name": "distilgpt2",
          "model_family": "gpt2",
          "train_traces": 16,
          "heldout_traces": 8,
          "train_trace_indices": [
            20,
            5,
            3,
            12,
            7,
            2,
            13,
            17,
            4,
            1,
            19,
            22,
            9,
            18,
            11,
            8
          ],
          "heldout_trace_indices": [
            16,
            10,
            0,
            14,
            15,
            23,
            21,
            6
          ],
          "exact_baseline": {
            "loss": 2.824739099630643,
            "n_tokens": 551.0,
            "loss_delta_vs_exact": 0.0
          },
          "modes": {
            "exact": {
              "loss": 2.824739099630643,
              "n_tokens": 551.0,
              "loss_delta_vs_exact": 0.0,
              "abs_loss_delta_vs_exact": 0.0,
              "mean_kl_to_exact": 0.0,
              "top1_disagreement_rate": 0.0
            },
            "position": {
              "loss": 2.8733829006742004,
              "n_tokens": 551.0,
              "loss_delta_vs_exact": 0.04864380104355748,
              "abs_loss_delta_vs_exact": 0.04864380104355748,
              "mean_kl_to_exact": 0.03848917687653197,
              "top1_disagreement_rate": 0.08711433756805807
            },
            "rank2": {
              "loss": 2.848236637842417,
              "n_tokens": 551.0,
              "loss_delta_vs_exact": 0.023497538211774138,
              "abs_loss_delta_vs_exact": 0.023497538211774138,
              "mean_kl_to_exact": 0.02316325719040665,
              "top1_disagreement_rate": 0.07259528130671507
            }
          },
          "rank2_abs_loss_delta_improvement_vs_position": 0.02514626283178334,
          "rank2_kl_improvement_vs_position": 0.015325919686125324,
          "rank2_top1_improvement_vs_position": 0.014519056261343005
        },
        {
          "seed": 1,
          "model_name": "distilgpt2",
          "model_family": "gpt2",
          "train_traces": 16,
          "heldout_traces": 8,
          "train_trace_indices": [
            13,
            2,
            18,
            20,
            7,
            6,
            17,
            23,
            4,
            21,
            14,
            11,
            16,
            1,
            5,
            15
          ],
          "heldout_trace_indices": [
            22,
            3,
            10,
            0,
            12,
            9,
            19,
            8
          ],
          "exact_baseline": {
            "loss": 2.6615401558254077,
            "n_tokens": 552.0,
            "loss_delta_vs_exact": 0.0
          },
          "modes": {
            "exact": {
              "loss": 2.6615401558254077,
              "n_tokens": 552.0,
              "loss_delta_vs_exact": 0.0,
              "abs_loss_delta_vs_exact": 0.0,
              "mean_kl_to_exact": 0.0,
              "top1_disagreement_rate": 0.0
            },
            "position": {
              "loss": 2.7198588606240093,
              "n_tokens": 552.0,
              "loss_delta_vs_exact": 0.05831870479860157,
              "abs_loss_delta_vs_exact": 0.05831870479860157,
              "mean_kl_to_exact": 0.03243087188921113,
              "top1_disagreement_rate": 0.09963768115942029
            },
            "rank2": {
              "loss": 2.681217829386393,
              "n_tokens": 552.0,
              "loss_delta_vs_exact": 0.019677673560985376,
              "abs_loss_delta_vs_exact": 0.019677673560985376,
              "mean_kl_to_exact": 0.019848973206851795,
              "top1_disagreement_rate": 0.07971014492753623
            }
          },
          "rank2_abs_loss_delta_improvement_vs_position": 0.0386410312376162,
          "rank2_kl_improvement_vs_position": 0.012581898682359333,
          "rank2_top1_improvement_vs_position": 0.019927536231884063
        },
        {
          "seed": 2,
          "model_name": "distilgpt2",
          "model_family": "gpt2",
          "train_traces": 16,
          "heldout_traces": 8,
          "train_trace_indices": [
            0,
            19,
            7,
            12,
            22,
            11,
            6,
            4,
            16,
            15,
            3,
            9,
            23,
            10,
            1,
            17
          ],
          "heldout_trace_indices": [
            13,
            20,
            5,
            14,
            18,
            21,
            8,
            2
          ],
          "exact_baseline": {
            "loss": 2.764125409333602,
            "n_tokens": 552.0,
            "loss_delta_vs_exact": 0.0
          },
          "modes": {
            "exact": {
              "loss": 2.764125409333602,
              "n_tokens": 552.0,
              "loss_delta_vs_exact": 0.0,
              "abs_loss_delta_vs_exact": 0.0,
              "mean_kl_to_exact": 0.0,
              "top1_disagreement_rate": 0.0
            },
            "position": {
              "loss": 2.8161484815072324,
              "n_tokens": 552.0,
              "loss_delta_vs_exact": 0.052023072173630336,
              "abs_loss_delta_vs_exact": 0.052023072173630336,
              "mean_kl_to_exact": 0.031339541941449264,
              "top1_disagreement_rate": 0.09601449275362318
            },
            "rank2": {
              "loss": 2.798430401345958,
              "n_tokens": 552.0,
              "loss_delta_vs_exact": 0.03430499201235593,
              "abs_loss_delta_vs_exact": 0.03430499201235593,
              "mean_kl_to_exact": 0.019628714824068375,
              "top1_disagreement_rate": 0.07246376811594203
            }
          },
          "rank2_abs_loss_delta_improvement_vs_position": 0.017718080161274408,
          "rank2_kl_improvement_vs_position": 0.01171082711738089,
          "rank2_top1_improvement_vs_position": 0.023550724637681153
        }
      ],
      "aggregate": {
        "exact_abs_loss_delta_vs_baseline": {
          "mean": 0.0,
          "ci95": 0.0
        },
        "exact_mean_kl_to_baseline": {
          "mean": 0.0,
          "ci95": 0.0
        },
        "position_abs_loss_delta_vs_baseline": {
          "mean": 0.05299519267192979,
          "ci95": 0.005556372926278184
        },
        "rank2_abs_loss_delta_vs_baseline": {
          "mean": 0.02582673459503848,
          "ci95": 0.008585193640217483
        },
        "rank2_abs_loss_delta_improvement_vs_position": {
          "mean": 0.027168458076891316,
          "ci95": 0.012003002534771488
        },
        "rank2_kl_improvement_vs_position": {
          "mean": 0.013206215161955182,
          "ci95": 0.002134976538859488
        },
        "rank2_top1_disagreement_improvement_vs_position": {
          "mean": 0.019332439043636074,
          "ci95": 0.005143318345412413
        },
        "all_seeds_exact_noop_ok": {
          "value": true,
          "n": 3
        },
        "all_seeds_rank2_closer_by_loss": {
          "value": true,
          "n": 3
        },
        "all_seeds_rank2_closer_by_kl": {
          "value": true,
          "n": 3
        },
        "min_rank2_abs_loss_delta_improvement_vs_position": {
          "value": 0.017718080161274408
        }
      },
      "status": "ALIVE but bounded on this model; rank-2 is closer than position-only in downstream loss and KL."
    },
    {
      "model_name": "facebook/opt-125m",
      "model_family": "opt",
      "seed_rows": [
        {
          "seed": 0,