{
  "model_names": [
    "distilgpt2",
    "facebook/opt-125m"
  ],
  "max_traces": 48,
  "max_length": 96,
  "sink_tokens": 4,
  "train_fraction": 0.67,
  "seeds": [
    0,
    1,
    2
  ],
  "model_results": [
    {
      "model_name": "distilgpt2",
      "model_family": "gpt2",
      "seed_rows": [
        {
          "seed": 0,
          "model_name": "distilgpt2",
          "model_family": "gpt2",
          "train_traces": 32,
          "heldout_traces": 16,
          "train_trace_indices": [
            44,
            22,
            29,
            18,
            23,
            20,
            19,
            41,
            25,
            39,
            4,
            2,
            36,
            32,
            1,
            13,
            40,
            10,
            15,
            33,
            26,
            3,
            31,
            27,
            21,
            30,
            35,
            0,
            37,
            38,
            14,
            12
          ],
          "heldout_trace_indices": [
            5,
            6,
            28,
            43,
            46,
            45,
            9,
            8,
            42,
            7,
            11,
            47,
            24,
            17,
            34,
            16
          ],
          "exact_baseline": {
            "loss": 3.024934658131253,
            "n_tokens": 1087.0,
            "loss_delta_vs_exact": 0.0
          },
          "modes": {
            "exact": {
              "loss": 3.024934658131253,
              "n_tokens": 1087.0,
              "loss_delta_vs_exact": 0.0,
              "abs_loss_delta_vs_exact": 0.0,
              "mean_kl_to_exact": 0.0,
              "top1_disagreement_rate": 0.0
            },
            "position": {
              "loss": 3.1250976029074073,
              "n_tokens": 1087.0,
              "loss_delta_vs_exact": 0.10016294477615428,
              "abs_loss_delta_vs_exact": 0.10016294477615428,
              "mean_kl_to_exact": 0.07534835485547864,
              "top1_disagreement_rate": 0.10395584176632934
            },
            "rank2": {
              "loss": 3.0874775146933575,
              "n_tokens": 1087.0,
              "loss_delta_vs_exact": 0.06254285656210445,
              "abs_loss_delta_vs_exact": 0.06254285656210445,
              "mean_kl_to_exact": 0.05084758476039743,
              "top1_disagreement_rate": 0.09107635694572216
            }
          },
          "rank2_abs_loss_delta_improvement_vs_position": 0.03762008821404983,
          "rank2_kl_improvement_vs_position": 0.024500770095081212,
          "rank2_top1_improvement_vs_position": 0.012879484820607176
        },
        {
          "seed": 1,
          "model_name": "distilgpt2",
          "model_family": "gpt2",
          "train_traces": 32,
          "heldout_traces": 16,
          "train_trace_indices": [
            37,
            12,
            14,
            26,
            7,
            11,
            41,
            40,
            47,
            18,
            4,
            44,
            10,
            46,
            15,
            21,
            22,
            36,
            20,
            45,
            30,
            17,
            1,
            27,
            23,
            9,
            3,
            29,
            0,
            33,
            5,
            6
          ],
          "heldout_trace_indices": [
            39,
            2,
            43,
            8,
            35,
            32,
            16,
            31,
            19,
            42,
            24,
            13,
            28,
            38,
            34,
            25
          ],
          "exact_baseline": {
            "loss": 3.0252286438548235,
            "n_tokens": 1090.0,
            "loss_delta_vs_exact": 0.0
          },
          "modes": {
            "exact": {
              "loss": 3.0252286438548235,
              "n_tokens": 1090.0,
              "loss_delta_vs_exact": 0.0,
              "abs_loss_delta_vs_exact": 0.0,
              "mean_kl_to_exact": 0.0,
              "top1_disagreement_rate": 0.0
            },
            "position": {
              "loss": 3.1339663164331277,
              "n_tokens": 1090.0,
              "loss_delta_vs_exact": 0.10873767257830425,
              "abs_loss_delta_vs_exact": 0.10873767257830425,
              "mean_kl_to_exact": 0.0829449863608824,
              "top1_disagreement_rate": 0.13027522935779817
            },
            "rank2": {
              "loss": 3.094177904041535,
              "n_tokens": 1090.0,
              "loss_delta_vs_exact": 0.06894926018671166,
              "abs_loss_delta_vs_exact": 0.06894926018671166,
              "mean_kl_to_exact": 0.053981255828787426,
              "top1_disagreement_rate": 0.11009174311926606
            }
          },
          "rank2_abs_loss_delta_improvement_vs_position": 0.03978841239159259,
          "rank2_kl_improvement_vs_position": 0.02896373053209498,
          "rank2_top1_improvement_vs_position": 0.02018348623853211
        },
        {
          "seed": 2,
          "model_name": "distilgpt2",
          "model_family": "gpt2",
          "train_traces": 32,
          "heldout_traces": 16,
          "train_trace_indices": [
            24,
            7,
            11,
            12,
            26,
            1,
            3,
            46,
            8,
            33,
            4,
            5,
            23,
            38,
            47,
            20,
            14,
            36,
            44,
            25,
            18,
            0,
            9,
            34,
            43,
            19,
            15,
            42,
            16,
            31,
            35,
            21
          ],
          "heldout_trace_indices": [
            27,
            10,
            32,
            28,
            30,
            22,
            41,
            17,
            37,
            2,
            13,
            45,
            39,
            6,
            40,
            29
          ],
          "exact_baseline": {
            "loss": 3.011390395259684,
            "n_tokens": 1102.0,
            "loss_delta_vs_exact": 0.0
          },
          "modes": {
            "exact": {
              "loss": 3.011390395259684,
              "n_tokens": 1102.0,
              "loss_delta_vs_exact": 0.0,
              "abs_loss_delta_vs_exact": 0.0,
              "mean_kl_to_exact": 0.0,
              "top1_disagreement_rate": 0.0
            },
            "position": {
              "loss": 3.120775018543167,
              "n_tokens": 1102.0,
              "loss_delta_vs_exact": 0.10938462328348297,
              "abs_loss_delta_vs_exact": 0.10938462328348297,
              "mean_kl_to_exact": 0.09355452337628484,
              "top1_disagreement_rate": 0.14609800362976408
            },
            "rank2": {
              "loss": 3.0852380465249616,
              "n_tokens": 1102.0,
              "loss_delta_vs_exact": 0.07384765126527748,
              "abs_loss_delta_vs_exact": 0.07384765126527748,
              "mean_kl_to_exact": 0.06495197282296127,
              "top1_disagreement_rate": 0.11433756805807622
            }
          },
          "rank2_abs_loss_delta_improvement_vs_position": 0.03553697201820549,
          "rank2_kl_improvement_vs_position": 0.028602550553323572,
          "rank2_top1_improvement_vs_position": 0.03176043557168785
        }
      ],
      "aggregate": {
        "exact_abs_loss_delta_vs_baseline": {
          "mean": 0.0,
          "ci95": 0.0
        },
        "exact_mean_kl_to_baseline": {
          "mean": 0.0,
          "ci95": 0.0
        },
        "position_abs_loss_delta_vs_baseline": {
          "mean": 0.10609508021264717,
          "ci95": 0.005825005405195797
        },
        "rank2_abs_loss_delta_vs_baseline": {
          "mean": 0.0684465893380312,