{
  "model": "Rosetta",
  "dataset": "ai2-arc",
  "answer_method": "generate",
  "overall_accuracy": 0.507537688442211,
  "subjects": {
    "SPLIT_0_OF_1": 0.507537688442211
  },
  "length_statistics": {
    "subjects": {
      "SPLIT_0_OF_1": {
        "avg_input_length": 139.74874371859298,
        "avg_gen_length": 10.396984924623116,
        "avg_length_ratio": 0.07478385279220573,
        "accuracy": 0.507537688442211,
        "total_samples": 199
      }
    }
  }
}