{
  "model": "Rosetta",
  "dataset": "ai2-arc",
  "answer_method": "generate",
  "overall_accuracy": 0.5029585798816568,
  "subjects": {
    "SPLIT_0_OF_1": 0.5029585798816568
  },
  "length_statistics": {
    "subjects": {
      "SPLIT_0_OF_1": {
        "avg_input_length": 140.72189349112426,
        "avg_gen_length": 11.355029585798816,
        "avg_length_ratio": 0.08064627794741036,
        "accuracy": 0.5029585798816568,
        "total_samples": 169
      }
    }
  }
}