{
  "best_control_accuracy": 0.31640625,
  "best_control_condition": "permuted_codes",
  "budget_bytes": 4,
  "controls_ok": false,
  "mean_payload_bytes": 4.0,
  "metrics": {
    "answer_masked_source": {
      "accuracy": 0.25390625,
      "correct": 65,
      "correct_ids": [
        "sphr_0006",
        "sphr_0009",
        "sphr_0012",
        "sphr_0013",
        "sphr_0021",
        "sphr_0024",
        "sphr_0035",
        "sphr_0039",
        "sphr_0044",
        "sphr_0056",
        "sphr_0061",
        "sphr_0063",
        "sphr_0066",
        "sphr_0069",
        "sphr_0076",
        "sphr_0077",
        "sphr_0084",
        "sphr_0086",
        "sphr_0088",
        "sphr_0091",
        "sphr_0093",
        "sphr_0094",
        "sphr_0106",
        "sphr_0109",
        "sphr_0111",
        "sphr_0114",
        "sphr_0115",
        "sphr_0122",
        "sphr_0123",
        "sphr_0128",
        "sphr_0131",
        "sphr_0133",
        "sphr_0134",
        "sphr_0141",
        "sphr_0145",
        "sphr_0147",
        "sphr_0150",
        "sphr_0157",
        "sphr_0158",
        "sphr_0164",
        "sphr_0166",
        "sphr_0170",
        "sphr_0172",
        "sphr_0180",
        "sphr_0181",
        "sphr_0191",
        "sphr_0193",
        "sphr_0198",
        "sphr_0199",
        "sphr_0200",
        "sphr_0204",
        "sphr_0210",
        "sphr_0218",
        "sphr_0223",
        "sphr_0229",
        "sphr_0234",
        "sphr_0235",
        "sphr_0236",
        "sphr_0238",
        "sphr_0240",
        "sphr_0241",
        "sphr_0243",
        "sphr_0249",
        "sphr_0253",
        "sphr_0255"
      ],
      "mean_payload_bytes": 4.0,
      "mean_payload_tokens": 1.0,
      "p50_latency_ms": 56.12718749034684,
      "p95_latency_ms": 121.61708300118335
    },
    "constrained_shuffled_source": {
      "accuracy": 0.109375,
      "correct": 28,
      "correct_ids": [
        "sphr_0003",
        "sphr_0012",
        "sphr_0020",
        "sphr_0028",
        "sphr_0035",
        "sphr_0043",
        "sphr_0052",
        "sphr_0057",
        "sphr_0065",
        "sphr_0085",
        "sphr_0088",
        "sphr_0108",
        "sphr_0114",
        "sphr_0117",
        "sphr_0119",
        "sphr_0125",
        "sphr_0132",
        "sphr_0135",
        "sphr_0144",
        "sphr_0180",
        "sphr_0188",
        "sphr_0201",
        "sphr_0203",
        "sphr_0210",
        "sphr_0216",
        "sphr_0220",
        "sphr_0228",
        "sphr_0241"
      ],
      "mean_payload_bytes": 4.0,
      "mean_payload_tokens": 1.0,
      "p50_latency_ms": 55.488395504653454,
      "p95_latency_ms": 121.14770800690167
    },
    "label_shuffled_ridge": {
      "accuracy": 0.21875,
      "correct": 56,
      "correct_ids": [
        "sphr_0002",
        "sphr_0003",
        "sphr_0005",
        "sphr_0012",
        "sphr_0017",
        "sphr_0021",
        "sphr_0027",
        "sphr_0029",
        "sphr_0032",
        "sphr_0036",
        "sphr_0043",
        "sphr_0048",
        "sphr_0049",
        "sphr_0051",
        "sphr_0056",
        "sphr_0059",
        "sphr_0060",
        "sphr_0063",
        "sphr_0068",
        "sphr_0071",
        "sphr_0079",
        "sphr_0083",
        "sphr_0084",
        "sphr_0089",
        "sphr_0095",
        "sphr_0096",
        "sphr_0097",
        "sphr_0099",
        "sphr_0104",
        "sphr_0112",
        "sphr_0113",
        "sphr_0115",
        "sphr_0116",
        "sphr_0123",
        "sphr_0131",
        "sphr_0151",
        "sphr_0154",
        "sphr_0157",
        "sphr_0160",
        "sphr_0169",
        "sphr_0170",
        "sphr_0180",
        "sphr_0182",
        "sphr_0186",
        "sphr_0195",
        "sphr_0196",
        "sphr_0198",
        "sphr_0202",
        "sphr_0203",
        "sphr_0212",
        "sphr_0214",
        "sphr_0217",
        "sphr_0222",
        "sphr_0226",
        "sphr_0245",
        "sphr_0253"
      ],
      "mean_payload_bytes": 4.0,
      "mean_payload_tokens": 1.0,
      "p50_latency_ms": 56.68108350073453,
      "p95_latency_ms": 137.01337500242516
    },
    "permuted_codes": {
      "accuracy": 0.31640625,
      "correct": 81,
      "correct_ids": [
        "sphr_0000",
        "sphr_0003",
        "sphr_0005",
        "sphr_0007",
        "sphr_0009",
        "sphr_0012",
        "sphr_0013",
        "sphr_0014",
        "sphr_0017",
        "sphr_0018",
        "sphr_0019",
        "sphr_0021",
        "sphr_0022",
        "sphr_0026",
        "sphr_0035",
        "sphr_0040",
        "sphr_0041",
        "sphr_0046",
        "sphr_0052",
        "sphr_0054",
        "sphr_0055",
        "sphr_0057",
        "sphr_0061",
        "sphr_0066",
        "sphr_0074",
        "sphr_0076",
        "sphr_0077",
        "sphr_0080",
        "sphr_0083",
        "sphr_0087",
        "sphr_0089",
        "sphr_0100",
        "sphr_0102",
        "sphr_0104",
        "sphr_0110",
        "sphr_0112",
        "sphr_0115",
        "sphr_0120",
        "sphr_0126",
        "sphr_0132",
        "sphr_0133",
        "sphr_0138",
        "sphr_0141",
        "sphr_0145",
        "sphr_0151",
        "sphr_0155",
        "sphr_0168",
        "sphr_0169",
        "sphr_0172",
        "sphr_0173",
        "sphr_0176",
        "sphr_0178",
        "sphr_0179",
        "sphr_0180",
        "sphr_0182",
        "sphr_0186",
        "sphr_0196",
        "sphr_0199",
        "sphr_0205",
        "sphr_0207",
        "sphr_0209",
        "sphr_0210",
        "sphr_0212",
        "sphr_0214",
        "sphr_0215",
        "sphr_0216",
        "sphr_0218",
        "sphr_0222",
        "sphr_0224",
        "sphr_0227",
        "sphr_0228",
        "sphr_0230",
        "sphr_0231",
        "sphr_0238",
        "sphr_0240",
        "sphr_0242",
        "sphr_0244",
        "sphr_0248",
        "sphr_0250",
        "sphr_0252",
        "sphr_0254"
      ],
      "mean_payload_bytes": 4.0,
      "mean_payload_tokens": 1.0,
      "p50_latency_ms": 54.58320850448217,
      "p95_latency_ms": 124.70279197441414
    },
    "random_same_byte": {
      "accuracy": 0.2734375,
      "correct": 70,
      "correct_ids": [
        "sphr_0002",
        "sphr_0005",
        "sphr_0013",
        "sphr_0015",
        "sphr_0016",
        "sphr_0019",
        "sphr_0021",
        "sphr_0028",
        "sphr_0034",
        "sphr_0036",
        "sphr_0043",
        "sphr_0047",
        "sphr_0064",
        "sphr_0066",
        "sphr_0067",
        "sphr_0069",
        "sphr_0070",
        "sphr_0071",
        "sphr_0072",
        "sphr_0079",
        "sphr_0083",
        "sphr_0084",
        "sphr_0091",
        "sphr_0093",
        "sphr_0094",
        "sphr_0096",
        "sphr_0099",
        "sphr_0100",
        "sphr_0101",
        "sphr_0102",
        "sphr_0103",
        "sphr_0105",
        "sphr_0107",
        "sphr_0116",
        "sphr_0121",
        "sphr_0126",
        "sphr_0127",
        "sphr_0132",
        "sphr_0133",
        "sphr_0138",
        "sphr_0139",
        "sphr_0140",
        "sphr_0143",
        "sphr_0148",
        "sphr_0152",
        "sphr_0156",
        "sphr_0160",
        "sphr_0164",
        "sphr_0165",
        "sphr_0175",
        "sphr_0181",
        "sphr_0182",
        "sphr_0188",
        "sphr_0189",
        "sphr_0190",
        "sphr_0199",
        "sphr_0206",
        "sphr_0208",
        "sphr_0214",
        "sphr_0215",
        "sphr_0218",
        "sphr_0219",
        "sphr_0226",
        "sphr_0228",
        "sphr_0231",
        "sphr_0233",
        "sphr_0238",
        "sphr_0244",
        "sphr_0249",
        "sphr_0254"
      ],
      "mean_payload_bytes": 4.0,
      "mean_payload_tokens": 1.0,
      "p50_latency_ms": 27.180729506653734,
      "p95_latency_ms": 85.00683400779963
    },
    "source": {
      "accuracy": 0.578125,
      "correct": 148,