{
  "budget_summaries": [
    {
      "best_compression_baseline_accuracy": 0.4921875,
      "best_no_source_accuracy": 0.25,
      "budget_bytes": 6,
      "learned_vs_compression_pass": false,
      "matched_accuracy": 0.349609375,
      "matched_minus_best_compression": -0.142578125,
      "matched_minus_best_no_source": 0.099609375,
      "metrics": {
        "matched_learned_syndrome": {
          "accuracy": 0.349609375,
          "correct": 179,
          "mean_payload_bytes": 6.0,
          "mean_payload_tokens": 1.0,
          "n": 512,
          "p50_latency_ms": 55.07289549859706,
          "p95_latency_ms": 132.171292003477
        },
        "random_same_byte": {
          "accuracy": 0.25,
          "correct": 128,
          "mean_payload_bytes": 6.0,
          "mean_payload_tokens": 1.0,
          "n": 512,
          "p50_latency_ms": 0.43166650721104816,
          "p95_latency_ms": 23.220916002173908
        },
        "raw_source_sign_sketch": {
          "accuracy": 0.330078125,
          "correct": 169,
          "mean_payload_bytes": 6.0,
          "mean_payload_tokens": 1.0,
          "n": 512,
          "p50_latency_ms": 26.66610450251028,
          "p95_latency_ms": 88.24966600514017
        },
        "scalar_answer_masked_source": {
          "accuracy": 0.232421875,
          "correct": 119,
          "mean_payload_bytes": 6.0,
          "mean_payload_tokens": 1.0,
          "n": 512,
          "p50_latency_ms": 26.38608351117,
          "p95_latency_ms": 80.96891699824482
        },
        "scalar_constrained_shuffled_source": {
          "accuracy": 0.185546875,
          "correct": 95,
          "mean_payload_bytes": 6.0,
          "mean_payload_tokens": 1.0,
          "n": 512,
          "p50_latency_ms": 30.352437504916452,
          "p95_latency_ms": 84.35437500884291
        },
        "scalar_label_shuffled_ridge": {
          "accuracy": 0.23046875,
          "correct": 118,
          "mean_payload_bytes": 6.0,
          "mean_payload_tokens": 1.0,
          "n": 512,
          "p50_latency_ms": 27.841520997753832,
          "p95_latency_ms": 85.35495899559464
        },
        "scalar_quantized_source": {
          "accuracy": 0.4921875,
          "correct": 252,
          "mean_payload_bytes": 6.0,
          "mean_payload_tokens": 1.0,
          "n": 512,
          "p50_latency_ms": 28.386979502101894,
          "p95_latency_ms": 90.30708300997503
        },
        "scalar_shuffled_source": {
          "accuracy": 0.25,
          "correct": 128,
          "mean_payload_bytes": 6.0,
          "mean_payload_tokens": 1.0,
          "n": 512,
          "p50_latency_ms": 27.612833502644207,
          "p95_latency_ms": 83.57433399942238
        },
        "target_only": {
          "accuracy": 0.25,
          "correct": 128,
          "mean_payload_bytes": 0.0,
          "mean_payload_tokens": 0.0,
          "n": 512,
          "p50_latency_ms": 0.0017499987734481692,
          "p95_latency_ms": 0.00620899663772434
        },
        "zero_source": {
          "accuracy": 0.25,
          "correct": 128,
          "mean_payload_bytes": 0.0,
          "mean_payload_tokens": 0.0,
          "n": 512,
          "p50_latency_ms": 0.0022500025806948543,
          "p95_latency_ms": 0.0050000089686363935
        }
      },
      "pass_gate": false,
      "scalar_controls_ok": true,
      "scalar_minus_best_no_source": 0.2421875,
      "scalar_quantized_source_accuracy": 0.4921875,
      "scalar_source_packet_pass": true,
      "target_only_accuracy": 0.25
    }
  ],
  "budgets": [
    6
  ],
  "candidate_pool_recall": 1.0,
  "candidate_view": "slot",
  "candidates": 4,
  "code_projection_sha256": "2316159096cb997523e1b262a4f333c0828a67b0827148dba4996cfcff811091",
  "created_utc": "2026-04-29T06:01:54.257859+00:00",
  "encoder_sha256": "24723b6749e25154560d3fc4cf440cf9561203b841d609d28d010bd58d14a694",
  "eval_examples": 512,
  "eval_family_set": "all",
  "eval_seed": 30,
  "exact_id_parity": true,
  "feature_dim": 512,
  "fit_intercept": false,
  "gate": "source_private_tool_trace_compression_baselines",
  "label_shuffle_encoder_sha256": "f2e36f0cb7c9e2773c055796e89e0cc805e55db0d183c8cbae0dc4f6fffb6ada",
  "label_shuffle_seed": 145117,
  "pass_gate": true,
  "pass_rule": "learned syndrome pass: beats target/no-source by >=0.15 and beats best matched-byte compression baseline by >=0.02. Scalar packet pass: scalar quantized source packet beats no-source by >=0.15 and scalar source-destroying controls stay within target_only +0.05.",
  "prediction_files": {
    "6": "predictions_budget6.jsonl"
  },
  "remap_slot_seed": 107,
  "ridge": 0.01,
  "scalar_projection_sha256": "ee03d2d3d9f44a302b6b0abe476aaa37a676073274d2ef7ace0efe1351b92eec",
  "train_examples": 768,
  "train_family_set": "all",
  "train_seed": 29
}