{
  "bootstrap_samples": 1000,
  "bootstrap_seed": 20260508,
  "depth_metrics": [
    {
      "bootstrap_ci95": {
        "ci95_high": 321.07791007647427,
        "ci95_low": 199.47787392131627
      },
      "depth": 1,
      "mean_l2_drift": 252.78462756756122
    },
    {
      "bootstrap_ci95": {
        "ci95_high": 472.0482870268835,
        "ci95_low": 341.61210200894214
      },
      "depth": 5,
      "mean_l2_drift": 402.63182934109807
    },
    {
      "bootstrap_ci95": {
        "ci95_high": 531.0936687232418,
        "ci95_low": 398.27372784149634
      },
      "depth": 10,
      "mean_l2_drift": 466.36588408768
    },
    {
      "bootstrap_ci95": {
        "ci95_high": 546.8640814839874,
        "ci95_low": 398.9710663600348
      },
      "depth": 15,
      "mean_l2_drift": 472.08004427928694
    }
  ],
  "metric_name": "bf16_vs_nvfp4_l2_logit_drift_bound",
  "schema_version": "cle_theoretical_v1_bootstrap_ci"
}
