group,model,EM,F1,NLL/token,wall_clock_sec,compression,payload_bytes,samples,M,token_budget_mode,token_budget_k,dataset
text,llama,0.59,0.8007829157729505,12.72173482274305,16.849254846572876,5.105520833333333,43008,200,48,content_only,32,squad
text,qwen,0.665,0.8383902733374898,25.81069942126198,16.849254846572876,4.826875,43008,200,48,content_only,32,squad
latent,llama,0.0,0.017639822214053767,9.787569851561738,4.427805662155151,5.105520833333333,43008,200,48,content_only,32,squad
latent,qwen,0.0,0.0,9.782400765116252,4.427805662155151,4.826875,43008,200,48,content_only,32,squad
token_budget,llama,0.005,0.04095895236860437,,4.089768171310425,5.105520833333333,43008,200,48,content_only,32,squad
token_budget,qwen,0.04,0.07479711898018827,,4.089768171310425,4.826875,43008,200,48,content_only,32,squad
joint,both,0.0,0.0024999999750000006,,,,43008,200,48,content_only,32,squad
