row_id,content_id,answer_index,full_prompt_prediction,frozen_target_slots_prediction,source_codebook_prediction,source_top1_prediction,source_top2_prediction,codebook_key,source_codebook_kl_to_full,frozen_target_slots_kl_to_full
992,20a68cc2234ddc31f4a48593f788aa95c59236883f707aee4195c2ad490ed115,3,3,3,3,3,0,__global__,0.2819155919023568,0.043411590938696065
1005,ddadd2146716ee05a973177fefd3c04b9478d18d08a13137e9074658ccab196e,1,1,2,2,1,0,__global__,0.6909448654892556,0.23040879820345014
1012,031c33517e2acf54a7e5ee77e548717c601bd60e453f11c0fa8a0ce9c0611fb7,3,3,2,3,2,3,__global__,0.3384085923807715,0.011293575692702562
1045,9c504c5da88e8aa131cdcb5cd2e8e270f56b4cf10b2843af434c714e5d3c5f8a,2,0,0,3,0,2,__global__,0.41059436409482303,0.32664499758566307
1046,18a477f3c8686380e53b75c94375f13ff130e75e9176f61be09cdbd0d44bc58f,3,3,3,3,3,0,3|0|3|0,0.45608440032478836,0.2524928040324456
1047,ae8ce2cf35acf36ffa5627007c9799558caa3d0d73232d9f810cef8933be39fa,2,2,3,0,2,0,2|0|1|3,0.516392375220612,1.813129807392831
1050,0f7beabbec61913bab7fd901c04d710f7a724a3108c5728dba4e7dd806ab68c5,2,2,2,2,2,3,__global__,0.235276467933883,0.07988440385058507
1052,01eefd2edc7994d9c8a30592b107a8ffe5f1dc1b7c7477c589e2ce64cac5c65f,0,1,2,2,0,1,__global__,0.4229676722869015,0.34364670657251206
