row_id,content_id,answer_index,full_prompt_prediction,frozen_target_slots_prediction,source_hidden_residual_prediction,source_top1_prediction,source_top1_or_top2_oracle_prediction,source_hidden_residual_kl_to_full,frozen_target_slots_kl_to_full,source_hidden_residual_rms,source_feature_norm
1053,dea5c7dffcfee73cb1338e2cb8a424ae1f05fabb44a805af3aea6d667833c0be,3,0,2,2,0,3,0.12040267753546857,0.12010141411400857,0.00011256600555498153,2.797875227934366
1065,6bd52d891b0f859d952752bd4c12c386312a986cbca9c34dba103899a0373c8d,3,3,2,2,2,3,0.1526006980998727,0.15373643651326083,0.00010959276551147923,2.636440933248078
1066,512157fbdf60523d59b8a9271350a7416c15a7685989049df12b2319aaeb6e84,0,0,0,0,0,0,0.012618288750944534,0.012361711586846874,0.0001153913835878484,2.7195579765657047
1067,36442414c9b9f1bd2e87efb9f0901014effebc719693391cf9e562d4839acdd0,1,3,3,3,3,3,0.03745950385191038,0.03717478908078023,0.0001261259167222306,2.7143649242409724
1084,c9a3a98fd3cbf9165fb58eca4386c2f878eae94628ad123e409c59ab520dc572,0,2,2,2,2,0,0.01667506227044807,0.016358183716534302,0.00011984579759882763,2.627147946351965
1085,9f2cc51e9c60af80750652fa43483466632f510eb022222bae00682274e3f3c1,1,3,0,0,0,0,0.1820447865461047,0.18240343200767975,9.771596523933113e-05,2.7471686189307096
1087,c668ba92de2c5095f2d7b8be582c385114003eefc734a97f7e66ce9a64c200a7,1,0,1,1,0,0,0.033305840194587585,0.033347845909496424,0.00012051637895638123,2.617698050206495
1112,f9185f8a23fa0e2d520a4d33a9d2dabebbd29e5e4aa59d5192433633c6d9d3fb,0,1,0,0,1,0,0.7682384294287743,0.7746374550745392,0.00012467279157135636,2.614432104581026
