experiment_id,model,method,baseline,trace_id,prompt_id,task,seed,L_bf16,L_static,L_method,recoverable_gap,no_gap_flag,recovery_unclipped,recovery_clipped_optional,tokens_generated,final_decode_position,notes
00_four_model_drift,Granite/Nemotron/DeepSeek/Falcon,m11b_top1,static_1pct,0,opencompass_AIME2025_I_0,AIME-2025,,0.0068859821577071795,0.009913175766370852,0.011127147433078882,0.003052729014340505,False,-0.40187331663281833,0.0,512,10000,perplexity_bf16=1.0069097450451383; perplexity_static=1.0099624740594788; perplexity_method=1.011189284393253
00_four_model_drift,Granite/Nemotron/DeepSeek/Falcon,m11b_top10,static_1pct,0,opencompass_AIME2025_I_0,AIME-2025,,0.0068859821577071795,0.009913175766370852,0.012029104439884239,0.003052729014340505,False,-0.7007733153813511,0.0,512,10000,perplexity_bf16=1.0069097450451383; perplexity_static=1.0099624740594788; perplexity_method=1.012101745091819
00_four_model_drift,Granite/Nemotron/DeepSeek/Falcon,m11b_top5,static_1pct,0,opencompass_AIME2025_I_0,AIME-2025,,0.0068859821577071795,0.009913175766370852,0.012009401883279563,0.003052729014340505,False,-0.6942411943231641,0.0,512,10000,perplexity_bf16=1.0069097450451383; perplexity_static=1.0099624740594788; perplexity_method=1.0120818042963395
00_four_model_drift,Granite/Nemotron/DeepSeek/Falcon,static_top10,static_1pct,0,opencompass_AIME2025_I_0,AIME-2025,,0.0068859821577071795,0.009913175766370852,0.01336039976981597,0.003052729014340505,False,-1.1424448873886348,0.0,512,10000,perplexity_bf16=1.0069097450451383; perplexity_static=1.0099624740594788; perplexity_method=1.013450048714495
00_four_model_drift,Granite/Nemotron/DeepSeek/Falcon,m11b_top1,static_1pct,1,opencompass_AIME2025_I_1,AIME-2025,,0.001471357250347305,0.0008247978826223523,0.0009456347298730794,-0.0006473021055775074,True,,,512,10000,perplexity_bf16=1.00147244022751; perplexity_static=1.0008251381219324; perplexity_method=1.0009460819833627
00_four_model_drift,Granite/Nemotron/DeepSeek/Falcon,m11b_top10,static_1pct,1,opencompass_AIME2025_I_1,AIME-2025,,0.001471357250347305,0.0008247978826223523,0.0009358757027029263,-0.0006473021055775074,True,,,512,10000,perplexity_bf16=1.00147244022751; perplexity_static=1.0008251381219324; perplexity_method=1.000936313771017
00_four_model_drift,Granite/Nemotron/DeepSeek/Falcon,m11b_top5,static_1pct,1,opencompass_AIME2025_I_1,AIME-2025,,0.001471357250347305,0.0008247978826223523,0.0008604231987456856,-0.0006473021055775074,True,,,512,10000,perplexity_bf16=1.00147244022751; perplexity_static=1.0008251381219324; perplexity_method=1.0008607934689748
00_four_model_drift,Granite/Nemotron/DeepSeek/Falcon,static_top10,static_1pct,1,opencompass_AIME2025_I_1,AIME-2025,,0.001471357250347305,0.0008247978826223523,0.0008637108865623411,-0.0006473021055775074,True,,,512,10000,perplexity_bf16=1.00147244022751; perplexity_static=1.0008251381219324; perplexity_method=1.000864083992221
00_four_model_drift,Granite/Nemotron/DeepSeek/Falcon,m11b_top1,static_1pct,2,opencompass_AIME2025_I_2,AIME-2025,,0.0034212655805738734,0.01934067187551136,0.009752561408625127,0.016101789499869623,False,0.6041963024062332,0.6041963024062332,512,10000,perplexity_bf16=1.003427124789725; perplexity_static=1.0195289142895947; perplexity_method=1.00980027261165
00_four_model_drift,Granite/Nemotron/DeepSeek/Falcon,m11b_top10,static_1pct,2,opencompass_AIME2025_I_2,AIME-2025,,0.0034212655805738734,0.01934067187551136,0.011259476919555311,0.016101789499869623,False,0.5096210507390277,0.5096210507390277,512,10000,perplexity_bf16=1.003427124789725; perplexity_static=1.0195289142895947; perplexity_method=1.0113231034058925
00_four_model_drift,Granite/Nemotron/DeepSeek/Falcon,m11b_top5,static_1pct,2,opencompass_AIME2025_I_2,AIME-2025,,0.0034212655805738734,0.01934067187551136,0.013501455824396658,0.016101789499869623,False,0.3686486043725524,0.3686486043725524,512,10000,perplexity_bf16=1.003427124789725; perplexity_static=1.0195289142895947; perplexity_method=1.0135930120625671
00_four_model_drift,Granite/Nemotron/DeepSeek/Falcon,static_top10,static_1pct,2,opencompass_AIME2025_I_2,AIME-2025,,0.0034212655805738734,0.01934067187551136,0.007766567557318638,0.016101789499869623,False,0.7286214190903342,0.7286214190903342,512,10000,perplexity_bf16=1.003427124789725; perplexity_static=1.0195289142895947; perplexity_method=1.0077968055743058
00_four_model_drift,Granite/Nemotron/DeepSeek/Falcon,m11b_top1,static_1pct,3,opencompass_AIME2025_I_3,AIME-2025,,0.18958352534010076,0.24930759528126983,0.2492430120415517,0.07439057845508112,False,0.0011139373862903978,0.0011139373862903978,512,10000,perplexity_bf16=1.2087460807006385; perplexity_static=1.2831366591557196; perplexity_method=1.2830537927091907
00_four_model_drift,Granite/Nemotron/DeepSeek/Falcon,m11b_top10,static_1pct,3,opencompass_AIME2025_I_3,AIME-2025,,0.18958352534010076,0.24930759528126983,0.2236684317458273,0.07439057845508112,False,0.43661962406318944,0.43661962406318944,512,10000,perplexity_bf16=1.2087460807006385; perplexity_static=1.2831366591557196; perplexity_method=1.250656272756819
00_four_model_drift,Granite/Nemotron/DeepSeek/Falcon,m11b_top5,static_1pct,3,opencompass_AIME2025_I_3,AIME-2025,,0.18958352534010076,0.24930759528126983,0.22272121502481462,0.07439057845508112,False,0.45253671570143794,0.45253671570143794,512,10000,perplexity_bf16=1.2087460807006385; perplexity_static=1.2831366591557196; perplexity_method=1.249472191102527
00_four_model_drift,Granite/Nemotron/DeepSeek/Falcon,static_top10,static_1pct,3,opencompass_AIME2025_I_3,AIME-2025,,0.18958352534010076,0.24930759528126983,0.2193788240491223,0.07439057845508112,False,0.5085821604900205,0.5085821604900205,512,10000,perplexity_bf16=1.2087460807006385; perplexity_static=1.2831366591557196; perplexity_method=1.245302938044932
00_four_model_drift,Granite/Nemotron/DeepSeek/Falcon,m11b_top1,static_1pct,4,opencompass_AIME2025_I_4,AIME-2025,,0.00017705887418828503,0.0005030830698757871,0.00039451029077308686,0.0003261350873511315,False,0.33305682647347656,0.33305682647347656,512,10000,perplexity_bf16=1.000177074550036; perplexity_static=1.0005032096373871; perplexity_method=1.0003945881201923
00_four_model_drift,Granite/Nemotron/DeepSeek/Falcon,m11b_top10,static_1pct,4,opencompass_AIME2025_I_4,AIME-2025,,0.00017705887418828503,0.0005030830698757871,0.001022197769209754,0.0003261350873511315,False,-1.5929311937606054,0.0,512,10000,perplexity_bf16=1.000177074550036; perplexity_static=1.0005032096373871; perplexity_method=1.0010227203914086
00_four_model_drift,Granite/Nemotron/DeepSeek/Falcon,m11b_top5,static_1pct,4,opencompass_AIME2025_I_4,AIME-2025,,0.00017705887418828503,0.0005030830698757871,0.0009105402641940152,0.0003261350873511315,False,-1.250234366846517,0.0,512,10000,perplexity_bf16=1.000177074550036; perplexity_static=1.0005032096373871; perplexity_method=1.000910954931828
00_four_model_drift,Granite/Nemotron/DeepSeek/Falcon,static_top10,static_1pct,4,opencompass_AIME2025_I_4,AIME-2025,,0.00017705887418828503,0.0005030830698757871,0.0010875194440522762,0.0003261350873511315,False,-1.793432822921977,0.0,512,10000,perplexity_bf16=1.000177074550036; perplexity_static=1.0005032096373871; perplexity_method=1.0010881110077492
00_four_model_drift,Granite/Nemotron/DeepSeek/Falcon,m11b_top1,static_1pct,5,opencompass_AIME2025_I_5,AIME-2025,,0.0004029838309527467,0.0024913826445527865,0.0032796715232787377,0.002091423677384796,False,-0.37800414213708944,0.0,512,10000,perplexity_bf16=1.000403065039845; perplexity_static=1.0024944887172298; perplexity_method=1.0032850555302448
00_four_model_drift,Granite/Nemotron/DeepSeek/Falcon,m11b_top10,static_1pct,5,opencompass_AIME2025_I_5,AIME-2025,,0.0004029838309527467,0.0024913826445527865,0.0009868293730131983,0.002091423677384796,False,0.7206441641648985,0.7206441641648985,512,10000,perplexity_bf16=1.000403065039845; perplexity_static=1.0024944887172298; perplexity_method=1.0009873164493261
00_four_model_drift,Granite/Nemotron/DeepSeek/Falcon,m11b_top5,static_1pct,5,opencompass_AIME2025_I_5,AIME-2025,,0.0004029838309527467,0.0024913826445527865,0.001309739708570179,0.002091423677384796,False,0.5660693898745284,0.5660693898745284,512,10000,perplexity_bf16=1.000403065039845; perplexity_static=1.0024944887172298; perplexity_method=1.0013105977922034
00_four_model_drift,Granite/Nemotron/DeepSeek/Falcon,static_top10,static_1pct,5,opencompass_AIME2025_I_5,AIME-2025,,0.0004029838309527467,0.0024913826445527865,0.0014742879786667773,0.002091423677384796,False,0.4872821575069517,0.4872821575069517,512,10000,perplexity_bf16=1.000403065039845; perplexity_static=1.0024944887172298; perplexity_method=1.0014753752754526
00_four_model_drift,Granite/Nemotron/DeepSeek/Falcon,m11b_top1,static_1pct,6,opencompass_AIME2025_I_6,AIME-2025,,0.0056167178009764035,0.0069364109458056045,0.007730553127431705,0.001328002429473063,False,-0.6023990762971612,0.0,512,10000,perplexity_bf16=1.0056325211341712; perplexity_static=1.0069605235636443; perplexity_method=1.0077605110004793
00_four_model_drift,Granite/Nemotron/DeepSeek/Falcon,m11b_top10,static_1pct,6,opencompass_AIME2025_I_6,AIME-2025,,0.0056167178009764035,0.0069364109458056045,0.0074757892795754705,0.001328002429473063,False,-0.40909502923795116,0.0,512,10000,perplexity_bf16=1.0056325211341712; perplexity_static=1.0069605235636443; perplexity_method=1.0075038027563576
00_four_model_drift,Granite/Nemotron/DeepSeek/Falcon,m11b_top5,static_1pct,6,opencompass_AIME2025_I_6,AIME-2025,,0.0056167178009764035,0.0069364109458056045,0.008357850966521155,0.001328002429473063,False,-1.078576149834236,0.0,512,10000,perplexity_bf16=1.0056325211341712; perplexity_static=1.0069605235636443; perplexity_method=1.0083928753109959
00_four_model_drift,Granite/Nemotron/DeepSeek/Falcon,static_top10,static_1pct,6,opencompass_AIME2025_I_6,AIME-2025,,0.0056167178009764035,0.0069364109458056045,0.005832793046911755,0.001328002429473063,False,0.8363589049721233,0.8363589049721233,512,10000,perplexity_bf16=1.0056325211341712; perplexity_static=1.0069605235636443; perplexity_method=1.0058498369059299
00_four_model_drift,Granite/Nemotron/DeepSeek/Falcon,m11b_top1,static_1pct,7,opencompass_AIME2025_I_7,AIME-2025,,0.0021103488284735794,0.0063783493927503515,0.006742416611241531,0.0042861571992298675,False,-0.08549931220660567,0.0,512,10000,perplexity_bf16=1.0021125771818211; perplexity_static=1.006398734381051; perplexity_method=1.0067651978735945
00_four_model_drift,Granite/Nemotron/DeepSeek/Falcon,m11b_top10,static_1pct,7,opencompass_AIME2025_I_7,AIME-2025,,0.0021103488284735794,0.0063783493927503515,0.0042731861449385455,0.0042861571992298675,False,0.4937768399763942,0.4937768399763942,512,10000,perplexity_bf16=1.0021125771818211; perplexity_static=1.006398734381051; perplexity_method=1.0042823292235732
00_four_model_drift,Granite/Nemotron/DeepSeek/Falcon,m11b_top5,static_1pct,7,opencompass_AIME2025_I_7,AIME-2025,,0.0021103488284735794,0.0063783493927503515,0.006430067607658074,0.0042861571992298675,False,-0.012143859773632304,0.0,512,10000,perplexity_bf16=1.0021125771818211; perplexity_static=1.006398734381051; perplexity_method=1.0064507848730462
00_four_model_drift,Granite/Nemotron/DeepSeek/Falcon,static_top10,static_1pct,7,opencompass_AIME2025_I_7,AIME-2025,,0.0021103488284735794,0.0063783493927503515,0.00408238455996579,0.0042861571992298675,False,0.5384789756798898,0.5384789756798898,512,10000,perplexity_bf16=1.0021125771818211; perplexity_static=1.006398734381051; perplexity_method=1.0040907288428067
00_four_model_drift,Granite/Nemotron/DeepSeek/Falcon,m11b_top1,static_1pct,8,opencompass_AIME2025_I_8,AIME-2025,,0.11780112134129615,0.2001414910822794,0.19864603552740484,0.0965552414054549,False,0.018905723757300597,0.018905723757300597,512,10000,perplexity_bf16=1.1250203465795172; perplexity_static=1.2215755879849721; perplexity_method=1.2197501412636411
00_four_model_drift,Granite/Nemotron/DeepSeek/Falcon,m11b_top10,static_1pct,8,opencompass_AIME2025_I_8,AIME-2025,,0.11780112134129615,0.2001414910822794,0.17327406772073628,0.0965552414054549,False,0.3353894408225412,0.3353894408225412,512,10000,perplexity_bf16=1.1250203465795172; perplexity_static=1.2215755879849721; perplexity_method=1.1891919795615111
00_four_model_drift,Granite/Nemotron/DeepSeek/Falcon,m11b_top5,static_1pct,8,opencompass_AIME2025_I_8,AIME-2025,,0.11780112134129615,0.2001414910822794,0.17442428560891654,0.0965552414054549,False,0.32121499704977186,0.32121499704977186,512,10000,perplexity_bf16=1.1250203465795172; perplexity_static=1.2215755879849721; perplexity_method=1.190560596401779
00_four_model_drift,Granite/Nemotron/DeepSeek/Falcon,static_top10,static_1pct,8,opencompass_AIME2025_I_8,AIME-2025,,0.11780112134129615,0.2001414910822794,0.1699099743912747,0.0965552414054549,False,0.376752614594403,0.376752614594403,512,10000,perplexity_bf16=1.1250203465795172; perplexity_static=1.2215755879849721; perplexity_method=1.1851981483326732
00_four_model_drift,Granite/Nemotron/DeepSeek/Falcon,m11b_top1,static_1pct,9,opencompass_AIME2025_I_9,AIME-2025,,0.006630026921578894,0.012215425120701826,0.011117400390643684,0.0056382839432163046,False,0.1970297738877651,0.1970297738877651,512,10000,perplexity_bf16=1.0066520542036523; perplexity_static=1.0122903381468686; perplexity_method=1.0111794283364217
00_four_model_drift,Granite/Nemotron/DeepSeek/Falcon,m11b_top10,static_1pct,9,opencompass_AIME2025_I_9,AIME-2025,,0.006630026921578894,0.012215425120701826,0.01330068295310366,0.0056382839432163046,False,-0.19495158010585767,0.0,512,10000,perplexity_bf16=1.0066520542036523; perplexity_static=1.0122903381468686; perplexity_method=1.0133895305106841
00_four_model_drift,Granite/Nemotron/DeepSeek/Falcon,m11b_top5,static_1pct,9,opencompass_AIME2025_I_9,AIME-2025,,0.006630026921578894,0.012215425120701826,0.014636132994738774,0.0056382839432163046,False,-0.4351372748629745,0.0,512,10000,perplexity_bf16=1.0066520542036523; perplexity_static=1.0122903381468686; perplexity_method=1.0147437656568234
00_four_model_drift,Granite/Nemotron/DeepSeek/Falcon,static_top10,static_1pct,9,opencompass_AIME2025_I_9,AIME-2025,,0.006630026921578894,0.012215425120701826,0.015844563392930097,0.0056382839432163046,False,-0.6527546281028918,0.0,512,10000,perplexity_bf16=1.0066520542036523; perplexity_static=1.0122903381468686; perplexity_method=1.0159707540853613
00_four_model_drift,Granite/Nemotron/DeepSeek/Falcon,m11b_top1,static_1pct,10,opencompass_AIME2025_I_10,AIME-2025,,3.198892229860917e-05,7.624283658813624e-05,5.919964898737362e-05,4.4256309197576726e-05,False,0.3851279542952891,0.3851279542952891,512,10000,perplexity_bf16=1.0000319894339496; perplexity_static=1.0000762457431471; perplexity_method=1.0000592014013212
00_four_model_drift,Granite/Nemotron/DeepSeek/Falcon,m11b_top10,static_1pct,10,opencompass_AIME2025_I_10,AIME-2025,,3.198892229860917e-05,7.624283658813624e-05,5.7452734928631344e-05,4.4256309197576726e-05,False,0.4246029124254318,0.4246029124254318,512,10000,perplexity_bf16=1.0000319894339496; perplexity_static=1.0000762457431471; perplexity_method=1.0000574543853686
00_four_model_drift,Granite/Nemotron/DeepSeek/Falcon,m11b_top5,static_1pct,10,opencompass_AIME2025_I_10,AIME-2025,,3.198892229860917e-05,7.624283658813624e-05,0.00014530463636219793,4.4256309197576726e-05,False,-1.560669014144298,0.0,512,10000,perplexity_bf16=1.0000319894339496; perplexity_static=1.0000762457431471; perplexity_method=1.0001453151935922
00_four_model_drift,Granite/Nemotron/DeepSeek/Falcon,static_top10,static_1pct,10,opencompass_AIME2025_I_10,AIME-2025,,3.198892229860917e-05,7.624283658813624e-05,0.00014125940779052826,4.4256309197576726e-05,False,-1.4692513542641361,0.0,512,10000,perplexity_bf16=1.0000319894339496; perplexity_static=1.0000762457431471; perplexity_method=1.0001412693853704
00_four_model_drift,Granite/Nemotron/DeepSeek/Falcon,m11b_top1,static_1pct,11,opencompass_AIME2025_I_11,AIME-2025,,0.0008047289095459847,0.006098034025568591,0.006302335067387976,0.0053116120956175905,False,-0.03870231441358429,0.0,512,10000,perplexity_bf16=1.000805052790728; perplexity_static=1.0061166648863455; perplexity_method=1.0063222365677131
00_four_model_drift,Granite/Nemotron/DeepSeek/Falcon,m11b_top10,static_1pct,11,opencompass_AIME2025_I_11,AIME-2025,,0.0008047289095459847,0.006098034025568591,0.006585651096055523,0.0053116120956175905,False,-0.09238613130910389,0.0,512,10000,perplexity_bf16=1.000805052790728; perplexity_static=1.0061166648863455; perplexity_method=1.0066073841788743
00_four_model_drift,Granite/Nemotron/DeepSeek/Falcon,m11b_top5,static_1pct,11,opencompass_AIME2025_I_11,AIME-2025,,0.0008047289095459847,0.006098034025568591,0.007031506344197344,0.0053116120956175905,False,-0.17689931525896085,0.0,512,10000,perplexity_bf16=1.000805052790728; perplexity_static=1.0061166648863455; perplexity_method=1.0070562854289815
00_four_model_drift,Granite/Nemotron/DeepSeek/Falcon,static_top10,static_1pct,11,opencompass_AIME2025_I_11,AIME-2025,,0.0008047289095459847,0.006098034025568591,0.006634585178018626,0.0053116120956175905,False,-0.1016598908679518,0.0,512,10000,perplexity_bf16=1.000805052790728; perplexity_static=1.0061166648863455; perplexity_method=1.006656642792319
01_static_top1_static_union,Granite,grid_dense,static_1pct,0,opencompass_AIME2025_I_0,AIME-2025,,0.00023217161094724048,0.0017873452064911532,0.0009876868003431127,0.0015567448951414598,False,0.5143866146124914,0.5143866146124914,64,10000,perplexity_bf16=1.0002321985648617; perplexity_static=1.0017889434600031; perplexity_method=1.000988174723576
01_static_top1_static_union,Granite,grid_sparse,static_1pct,0,opencompass_AIME2025_I_0,AIME-2025,,0.00023217161094724048,0.0017873452064911532,0.0009686036075002846,0.0015567448951414598,False,0.5266570053285441,0.5266570053285441,64,10000,perplexity_bf16=1.0002321985648617; perplexity_static=1.0017889434600031; perplexity_method=1.0009690728554674
01_static_top1_static_union,Granite,magnitude_average,static_1pct,0,opencompass_AIME2025_I_0,AIME-2025,,0.00023217161094724048,0.0017873452064911532,0.001344142918448199,0.0015567448951414598,False,0.28514419926041923,0.28514419926041923,64,10000,perplexity_bf16=1.0002321985648617; perplexity_static=1.0017889434600031; perplexity_method=1.0013450466834253
01_static_top1_static_union,Granite,static_2pct,static_1pct,0,opencompass_AIME2025_I_0,AIME-2025,,0.00023217161094724048,0.0017873452064911532,0.000976065517640734,0.0015567448951414598,False,0.5218590649817458,0.5218590649817458,64,10000,perplexity_bf16=1.0002321985648617; perplexity_static=1.0017889434600031; perplexity_method=1.0009765420246095
01_static_top1_static_union,Granite,union_primary,static_1pct,0,opencompass_AIME2025_I_0,AIME-2025,,0.00023217161094724048,0.0017873452064911532,0.0008656689227848346,0.0015567448951414598,False,0.5928394180792577,0.5928394180792577,64,10000,perplexity_bf16=1.0002321985648617; perplexity_static=1.0017889434600031; perplexity_method=1.0008660437222696
01_static_top1_static_union,Granite,grid_dense,static_1pct,1,opencompass_AIME2025_I_1,AIME-2025,,0.0004199773570938703,0.0005450101950827957,8.504236870932047e-05,0.00012509318019282567,False,3.6781601882767787,1.0,64,10000,perplexity_bf16=1.0004200655599313; perplexity_static=1.0005451587401242; perplexity_method=1.000085045984914
01_static_top1_static_union,Granite,grid_sparse,static_1pct,1,opencompass_AIME2025_I_1,AIME-2025,,0.0004199773570938703,0.0005450101950827957,0.00014751182680772246,0.00012509318019282567,False,3.1787187143130895,1.0,64,10000,perplexity_bf16=1.0004200655599313; perplexity_static=1.0005451587401242; perplexity_method=1.0001475227072123
01_static_top1_static_union,Granite,magnitude_average,static_1pct,1,opencompass_AIME2025_I_1,AIME-2025,,0.0004199773570938703,0.0005450101950827957,0.00010910754954451818,0.00012509318019282567,False,3.4857634721757647,1.0,64,10000,perplexity_bf16=1.0004200655599313; perplexity_static=1.0005451587401242; perplexity_method=1.0001091135019897
01_static_top1_static_union,Granite,static_2pct,static_1pct,1,opencompass_AIME2025_I_1,AIME-2025,,0.0004199773570938703,0.0005450101950827957,0.0004129441586329108,0.00012509318019282567,False,1.0562470960550683,1.0,64,10000,perplexity_bf16=1.0004200655599313; perplexity_static=1.0005451587401242; perplexity_method=1.0004130294318092
01_static_top1_static_union,Granite,union_primary,static_1pct,1,opencompass_AIME2025_I_1,AIME-2025,,0.0004199773570938703,0.0005450101950827957,0.0001267340885267032,0.00012509318019282567,False,3.3448395815720575,1.0,64,10000,perplexity_bf16=1.0004200655599313; perplexity_static=1.0005451587401242; perplexity_method=1.0001267421196305
01_static_top1_static_union,Granite,grid_dense,static_1pct,2,opencompass_AIME2025_I_2,AIME-2025,,0.00032394093474152896,0.0006708081779471797,0.0001971350997211907,0.0003470398107978667,False,1.3654879734370264,1.0,64,10000,perplexity_bf16=1.0003239934092722; perplexity_static=1.0006710332200701; perplexity_method=1.0001971545321218
01_static_top1_static_union,Granite,grid_sparse,static_1pct,2,opencompass_AIME2025_I_2,AIME-2025,,0.00032394093474152896,0.0006708081779471797,0.00011326200272010478,0.0003470398107978667,False,1.6072069705345418,1.0,64,10000,perplexity_bf16=1.0003239934092722; perplexity_static=1.0006710332200701; perplexity_method=1.0001132684171028
01_static_top1_static_union,Granite,magnitude_average,static_1pct,2,opencompass_AIME2025_I_2,AIME-2025,,0.00032394093474152896,0.0006708081779471797,8.035503874559424e-05,0.0003470398107978667,False,1.702038020980896,1.0,64,10000,perplexity_bf16=1.0003239934092722; perplexity_static=1.0006710332200701; perplexity_method=1.0000803582672981
01_static_top1_static_union,Granite,static_2pct,static_1pct,2,opencompass_AIME2025_I_2,AIME-2025,,0.00032394093474152896,0.0006708081779471797,0.000481960301232931,0.0003470398107978667,False,0.5444815016343449,0.5444815016343449,64,10000,perplexity_bf16=1.0003239934092722; perplexity_static=1.0006710332200701; perplexity_method=1.00048207646276
01_static_top1_static_union,Granite,union_primary,static_1pct,2,opencompass_AIME2025_I_2,AIME-2025,,0.00032394093474152896,0.0006708081779471797,8.209926297542136e-05,0.0003470398107978667,False,1.6970116065475618,1.0,64,10000,perplexity_bf16=1.0003239934092722; perplexity_static=1.0006710332200701; perplexity_method=1.000082102633212
01_static_top1_static_union,Granite,grid_dense,static_1pct,3,opencompass_AIME2025_I_3,AIME-2025,,0.0003360884427081601,0.0001560040472341484,0.0003286283771117837,-0.0001801287102580762,True,0.0,0.0,64,10000,perplexity_bf16=1.0003361449267565; perplexity_static=1.0001560162164984; perplexity_method=1.0003286823813324
01_static_top1_static_union,Granite,grid_sparse,static_1pct,3,opencompass_AIME2025_I_3,AIME-2025,,0.0003360884427081601,0.0001560040472341484,0.00028876259828969353,-0.0001801287102580762,True,0.0,0.0,64,10000,perplexity_bf16=1.0003361449267565; perplexity_static=1.0001560162164984; perplexity_method=1.0002888042942222
01_static_top1_static_union,Granite,magnitude_average,static_1pct,3,opencompass_AIME2025_I_3,AIME-2025,,0.0003360884427081601,0.0001560040472341484,0.00012276823727574993,-0.0001801287102580762,True,0.0,0.0,64,10000,perplexity_bf16=1.0003361449267565; perplexity_static=1.0001560162164984; perplexity_method=1.0001227757736042
01_static_top1_static_union,Granite,static_2pct,static_1pct,3,opencompass_AIME2025_I_3,AIME-2025,,0.0003360884427081601,0.0001560040472341484,0.00027282841483255993,-0.0001801287102580762,True,0.0,0.0,64,10000,perplexity_bf16=1.0003361449267565; perplexity_static=1.0001560162164984; perplexity_method=1.0002728656358895
01_static_top1_static_union,Granite,union_primary,static_1pct,3,opencompass_AIME2025_I_3,AIME-2025,,0.0003360884427081601,0.0001560040472341484,0.0004112611069260197,-0.0001801287102580762,True,0.0,0.0,64,10000,perplexity_bf16=1.0003361449267565; perplexity_static=1.0001560162164984; perplexity_method=1.0004113456863695
01_static_top1_static_union,Granite,grid_dense,static_1pct,4,opencompass_AIME2025_I_4,AIME-2025,,8.5440129004688e-05,0.0003561158479934434,5.782772987206197e-05,0.0002707354856532618,False,1.101997627397344,1.0,64,10000,perplexity_bf16=1.0000854437791165; perplexity_static=1.0003561792647697; perplexity_method=1.0000578294019276
01_static_top1_static_union,Granite,grid_sparse,static_1pct,4,opencompass_AIME2025_I_4,AIME-2025,,8.5440129004688e-05,0.0003561158479934434,0.00012811158367354025,0.0002707354856532618,False,0.8423700864573467,0.8423700864573467,64,10000,perplexity_bf16=1.0000854437791165; perplexity_static=1.0003561792647697; perplexity_method=1.000128119790313
01_static_top1_static_union,Granite,magnitude_average,static_1pct,4,opencompass_AIME2025_I_4,AIME-2025,,8.5440129004688e-05,0.0003561158479934434,0.00016610603137534596,0.0002707354856532618,False,0.7020115466765,0.7020115466765,64,10000,perplexity_bf16=1.0000854437791165; perplexity_static=1.0003561792647697; perplexity_method=1.000166119827746
01_static_top1_static_union,Granite,static_2pct,static_1pct,4,opencompass_AIME2025_I_4,AIME-2025,,8.5440129004688e-05,0.0003561158479934434,0.00020834185365714575,0.0002707354856532618,False,0.5459783230281474,0.5459783230281474,64,10000,perplexity_bf16=1.0000854437791165; perplexity_static=1.0003561792647697; perplexity_method=1.0002083635583285
01_static_top1_static_union,Granite,union_primary,static_1pct,4,opencompass_AIME2025_I_4,AIME-2025,,8.5440129004688e-05,0.0003561158479934434,0.00010541887416548601,0.0002707354856532618,False,0.9261986223729297,0.9261986223729297,64,10000,perplexity_bf16=1.0000854437791165; perplexity_static=1.0003561792647697; perplexity_method=1.0001054244309302
01_static_top1_static_union,Granite,grid_dense,static_1pct,5,opencompass_AIME2025_I_5,AIME-2025,,2.24477332446682e-05,5.617654503486946e-05,0.00013368798852941843,3.37301377695276e-05,False,-2.2982059169188362,0.0,64,10000,perplexity_bf16=1.000022447985197; perplexity_static=1.0000561781229664; perplexity_method=1.0001336969251668
01_static_top1_static_union,Granite,grid_sparse,static_1pct,5,opencompass_AIME2025_I_5,AIME-2025,,2.24477332446682e-05,5.617654503486946e-05,0.00014838239693204525,3.37301377695276e-05,False,-2.7339136237160897,0.0,64,10000,perplexity_bf16=1.000022447985197; perplexity_static=1.0000561781229664; perplexity_method=1.0001483934061444
01_static_top1_static_union,Granite,magnitude_average,static_1pct,5,opencompass_AIME2025_I_5,AIME-2025,,2.24477332446682e-05,5.617654503486946e-05,0.00015886163540757003,3.37301377695276e-05,False,-3.0446401470627764,0.0,64,10000,perplexity_bf16=1.000022447985197; perplexity_static=1.0000561781229664; perplexity_method=1.0001588742545855
01_static_top1_static_union,Granite,static_2pct,static_1pct,5,opencompass_AIME2025_I_5,AIME-2025,,2.24477332446682e-05,5.617654503486946e-05,8.194637137326488e-05,3.37301377695276e-05,False,-0.7640527968964244,0.0,64,10000,perplexity_bf16=1.000022447985197; perplexity_static=1.0000561781229664; perplexity_method=1.000081949729069
01_static_top1_static_union,Granite,union_primary,static_1pct,5,opencompass_AIME2025_I_5,AIME-2025,,2.24477332446682e-05,5.617654503486946e-05,4.349781228130123e-05,3.37301377695276e-05,False,0.3759061029691191,0.3759061029691191,64,10000,perplexity_bf16=1.000022447985197; perplexity_static=1.0000561781229664; perplexity_method=1.0000434987583249
01_static_top1_static_union,Granite,grid_dense,static_1pct,6,opencompass_AIME2025_I_6,AIME-2025,,0.00039616309567236385,4.6639109903545695e-05,8.186695474676764e-05,-0.0003496013811115084,True,0.0,0.0,64,10000,perplexity_bf16=1.0003962415786352; perplexity_static=1.0000466401975237; perplexity_method=1.0000818703059373
01_static_top1_static_union,Granite,grid_sparse,static_1pct,6,opencompass_AIME2025_I_6,AIME-2025,,0.00039616309567236385,4.6639109903545695e-05,0.0001876369141541323,-0.0003496013811115084,True,0.0,0.0,64,10000,perplexity_bf16=1.0003962415786352; perplexity_static=1.0000466401975237; perplexity_method=1.000187654519061
01_static_top1_static_union,Granite,magnitude_average,static_1pct,6,opencompass_AIME2025_I_6,AIME-2025,,0.00039616309567236385,4.6639109903545695e-05,0.00013046223164125959,-0.0003496013811115084,True,0.0,0.0,64,10000,perplexity_bf16=1.0003962415786352; perplexity_static=1.0000466401975237; perplexity_method=1.0001304707422083
01_static_top1_static_union,Granite,static_2pct,static_1pct,6,opencompass_AIME2025_I_6,AIME-2025,,0.00039616309567236385,4.6639109903545695e-05,0.00010194346440128843,-0.0003496013811115084,True,0.0,0.0,64,10000,perplexity_bf16=1.0003962415786352; perplexity_static=1.0000466401975237; perplexity_method=1.000101948660813
01_static_top1_static_union,Granite,union_primary,static_1pct,6,opencompass_AIME2025_I_6,AIME-2025,,0.00039616309567236385,4.6639109903545695e-05,0.00019869853292941997,-0.0003496013811115084,True,0.0,0.0,64,10000,perplexity_bf16=1.0003962415786352; perplexity_static=1.0000466401975237; perplexity_method=1.0001987182747905
01_static_top1_static_union,Granite,grid_dense,static_1pct,7,opencompass_AIME2025_I_7,AIME-2025,,0.00028893785340144973,5.6221409791890053e-05,0.00014907121039797744,-0.00023275660971866508,True,0.0,0.0,64,10000,perplexity_bf16=1.0002889795999637; perplexity_static=1.000056222990245; perplexity_method=1.000149082322063
01_static_top1_static_union,Granite,grid_sparse,static_1pct,7,opencompass_AIME2025_I_7,AIME-2025,,0.00028893785340144973,5.6221409791890053e-05,0.00021796690136621777,-0.00023275660971866508,True,0.0,0.0,64,10000,perplexity_bf16=1.0002889795999637; perplexity_static=1.000056222990245; perplexity_method=1.0002179906578772
01_static_top1_static_union,Granite,magnitude_average,static_1pct,7,opencompass_AIME2025_I_7,AIME-2025,,0.00028893785340144973,5.6221409791890053e-05,0.012507715876582615,-0.00023275660971866508,True,0.0,0.0,64,10000,perplexity_bf16=1.0002889795999637; perplexity_static=1.000056222990245; perplexity_method=1.0125862645011385
01_static_top1_static_union,Granite,static_2pct,static_1pct,7,opencompass_AIME2025_I_7,AIME-2025,,0.00028893785340144973,5.6221409791890053e-05,8.59614489825411e-05,-0.00023275660971866508,True,0.0,0.0,64,10000,perplexity_bf16=1.0002889795999637; perplexity_static=1.000056222990245; perplexity_method=1.0000859651437737
01_static_top1_static_union,Granite,union_primary,static_1pct,7,opencompass_AIME2025_I_7,AIME-2025,,0.00028893785340144973,5.6221409791890053e-05,7.055251269871832e-05,-0.00023275660971866508,True,0.0,0.0,64,10000,perplexity_bf16=1.0002889795999637; perplexity_static=1.000056222990245; perplexity_method=1.0000705550015858
01_static_top1_static_union,Granite,grid_dense,static_1pct,8,opencompass_AIME2025_I_8,AIME-2025,,0.00014266831144738035,0.000200895422148184,0.00012422151052082775,5.823711392993758e-05,False,1.3167956218618666,1.0,64,10000,perplexity_bf16=1.000142678489055; perplexity_static=1.000200915602985; perplexity_method=1.0001242292263322
01_static_top1_static_union,Granite,grid_sparse,static_1pct,8,opencompass_AIME2025_I_8,AIME-2025,,0.00014266831144738035,0.000200895422148184,6.155110838834688e-05,5.823711392993758e-05,False,2.3930203762502997,1.0,64,10000,perplexity_bf16=1.000142678489055; perplexity_static=1.000200915602985; perplexity_method=1.0000615530026966
01_static_top1_static_union,Granite,magnitude_average,static_1pct,8,opencompass_AIME2025_I_8,AIME-2025,,0.00014266831144738035,0.000200895422148184,0.00012778716791839173,5.823711392993758e-05,False,1.255561359490312,1.0,64,10000,perplexity_bf16=1.000142678489055; perplexity_static=1.000200915602985; perplexity_method=1.0001277953330463
01_static_top1_static_union,Granite,static_2pct,static_1pct,8,opencompass_AIME2025_I_8,AIME-2025,,0.00014266831144738035,0.000200895422148184,0.000368674695028659,5.823711392993758e-05,False,-2.8817887698464584,0.0,64,10000,perplexity_bf16=1.000142678489055; perplexity_static=1.000200915602985; perplexity_method=1.0003687426638965
01_static_top1_static_union,Granite,union_primary,static_1pct,8,opencompass_AIME2025_I_8,AIME-2025,,0.00014266831144738035,0.000200895422148184,8.652887926474673e-05,5.823711392993758e-05,False,1.9640908051588843,1.0,64,10000,perplexity_bf16=1.000142678489055; perplexity_static=1.000200915602985; perplexity_method=1.0000865326229962
01_static_top1_static_union,Granite,grid_dense,static_1pct,9,opencompass_AIME2025_I_9,AIME-2025,,0.00014202879395242007,2.480957651229687e-05,2.669497734153481e-05,-0.00011722899624677652,True,0.0,0.0,64,10000,perplexity_bf16=1.0001420388805191; perplexity_static=1.0000248098842723; perplexity_method=1.0000266953336556
01_static_top1_static_union,Granite,grid_sparse,static_1pct,9,opencompass_AIME2025_I_9,AIME-2025,,0.00014202879395242007,2.480957651229687e-05,4.032719694535558e-05,-0.00011722899624677652,True,0.0,0.0,64,10000,perplexity_bf16=1.0001420388805191; perplexity_static=1.0000248098842723; perplexity_method=1.0000403280100978
01_static_top1_static_union,Granite,magnitude_average,static_1pct,9,opencompass_AIME2025_I_9,AIME-2025,,0.00014202879395242007,2.480957651229687e-05,4.34322405293841e-05,-0.00011722899624677652,True,0.0,0.0,64,10000,perplexity_bf16=1.0001420388805191; perplexity_static=1.0000248098842723; perplexity_method=1.000043433183723
01_static_top1_static_union,Granite,static_2pct,static_1pct,9,opencompass_AIME2025_I_9,AIME-2025,,0.00014202879395242007,2.480957651229687e-05,2.3148292818575555e-05,-0.00011722899624677652,True,0.0,0.0,64,10000,perplexity_bf16=1.0001420388805191; perplexity_static=1.0000248098842723; perplexity_method=1.0000231485607425
01_static_top1_static_union,Granite,union_primary,static_1pct,9,opencompass_AIME2025_I_9,AIME-2025,,0.00014202879395242007,2.480957651229687e-05,2.738093114551532e-05,-0.00011722899624677652,True,0.0,0.0,64,10000,perplexity_bf16=1.0001420388805191; perplexity_static=1.0000248098842723; perplexity_method=1.0000273813060065
01_static_top1_static_union,Granite,grid_dense,static_1pct,10,opencompass_AIME2025_I_10,AIME-2025,,0.0015712188576987307,0.0003835799674682949,0.00045853098987214125,-0.0011888003251163681,True,0.0,0.0,64,10000,perplexity_bf16=1.0015724538687876; perplexity_static=1.0003836535436712; perplexity_method=1.0004586361312762
01_static_top1_static_union,Granite,grid_sparse,static_1pct,10,opencompass_AIME2025_I_10,AIME-2025,,0.0015712188576987307,0.0003835799674682949,0.00021175685916541287,-0.0011888003251163681,True,0.0,0.0,64,10000,perplexity_bf16=1.0015724538687876; perplexity_static=1.0003836535436712; perplexity_method=1.0002117792812317
01_static_top1_static_union,Granite,magnitude_average,static_1pct,10,opencompass_AIME2025_I_10,AIME-2025,,0.0015712188576987307,0.0003835799674682949,0.00041026200961846726,-0.0011888003251163681,True,0.0,0.0,64,10000,perplexity_bf16=1.0015724538687876; perplexity_static=1.0003836535436712; perplexity_method=1.0004103461785867
01_static_top1_static_union,Granite,static_2pct,static_1pct,10,opencompass_AIME2025_I_10,AIME-2025,,0.0015712188576987307,0.0003835799674682949,0.0003174299065885622,-0.0011888003251163681,True,0.0,0.0,64,10000,perplexity_bf16=1.0015724538687876; perplexity_static=1.0003836535436712; perplexity_method=1.0003174802927925
01_static_top1_static_union,Granite,union_primary,static_1pct,10,opencompass_AIME2025_I_10,AIME-2025,,0.0015712188576987307,0.0003835799674682949,0.0006468279631423046,-0.0011888003251163681,True,0.0,0.0,64,10000,perplexity_bf16=1.0015724538687876; perplexity_static=1.0003836535436712; perplexity_method=1.0006470372014606
01_static_top1_static_union,Granite,grid_dense,static_1pct,11,opencompass_AIME2025_I_11,AIME-2025,,4.051679886529769e-05,0.00020848442081700114,0.0003882707688731557,0.00016798853552235649,False,-1.0705492488591282,0.0,64,10000,perplexity_bf16=1.0000405176196818; perplexity_static=1.0002085061552042; perplexity_method=1.0003883461557246
01_static_top1_static_union,Granite,grid_sparse,static_1pct,11,opencompass_AIME2025_I_11,AIME-2025,,4.051679886529769e-05,0.00020848442081700114,0.00032914117124605013,0.00016798853552235649,False,-0.7184370562264935,0.0,64,10000,perplexity_bf16=1.0000405176196818; perplexity_static=1.0002085061552042; perplexity_method=1.0003291953441447
01_static_top1_static_union,Granite,magnitude_average,static_1pct,11,opencompass_AIME2025_I_11,AIME-2025,,4.051679886529769e-05,0.00020848442081700114,0.0003070013539456795,0.00016798853552235649,False,-0.5866015092853845,0.0,64,10000,perplexity_bf16=1.0000405176196818; perplexity_static=1.0002085061552042; perplexity_method=1.0003070484836842
01_static_top1_static_union,Granite,static_2pct,static_1pct,11,opencompass_AIME2025_I_11,AIME-2025,,4.051679886529769e-05,0.00020848442081700114,0.00020806660529615328,0.00016798853552235649,False,0.0024876849438871806,0.0024876849438871806,64,10000,perplexity_bf16=1.0000405176196818; perplexity_static=1.0002085061552042; perplexity_method=1.0002080882526536
01_static_top1_static_union,Granite,union_primary,static_1pct,11,opencompass_AIME2025_I_11,AIME-2025,,4.051679886529769e-05,0.00020848442081700114,0.00037851884017214843,0.00016798853552235649,False,-1.0124758319665625,0.0,64,10000,perplexity_bf16=1.0000405176196818; perplexity_static=1.0002085061552042; perplexity_method=1.000378590487468
01_static_top1_static_union,Granite,grid_dense,static_1pct,12,opencompass_AIME2025_I_12,AIME-2025,,0.02451202205527725,0.09128529342403402,0.02410614137122824,0.07076661146605079,False,1.0058766156315022,1.0,64,10000,perplexity_bf16=1.0248149114146548; perplexity_static=1.0955815228807055; perplexity_method=1.024399043239525
01_static_top1_static_union,Granite,grid_sparse,static_1pct,12,opencompass_AIME2025_I_12,AIME-2025,,0.02451202205527725,0.09128529342403402,0.04384415228221572,0.07076661146605079,False,0.717315869248236,0.717315869248236,64,10000,perplexity_bf16=1.0248149114146548; perplexity_static=1.0955815228807055; perplexity_method=1.0448195094631831
01_static_top1_static_union,Granite,magnitude_average,static_1pct,12,opencompass_AIME2025_I_12,AIME-2025,,0.02451202205527725,0.09128529342403402,0.03001012203657183,0.07076661146605079,False,0.9201593410638439,0.9201593410638439,64,10000,perplexity_bf16=1.0248149114146548; perplexity_static=1.0955815228807055; perplexity_method=1.0304649643047832
01_static_top1_static_union,Granite,static_2pct,static_1pct,12,opencompass_AIME2025_I_12,AIME-2025,,0.02451202205527725,0.09128529342403402,0.014360040623317971,0.07076661146605079,False,1.1462733608993811,1.0,64,10000,perplexity_bf16=1.0248149114146548; perplexity_static=1.0955815228807055; perplexity_method=1.0144636413160548
01_static_top1_static_union,Granite,union_primary,static_1pct,12,opencompass_AIME2025_I_12,AIME-2025,,0.02451202205527725,0.09128529342403402,0.04852418847028206,0.07076661146605079,False,0.6480564672789735,0.6480564672789735,64,10000,perplexity_bf16=1.0248149114146548; perplexity_static=1.0955815228807055; perplexity_method=1.049720762652713
01_static_top1_static_union,Granite,grid_dense,static_1pct,13,opencompass_AIME2025_I_13,AIME-2025,,6.437614572973871e-05,3.301166125813104e-05,2.7996343019642822e-05,-3.136601176945142e-05,True,0.0,0.0,64,10000,perplexity_bf16=1.0000643782179184; perplexity_static=1.000033012206149; perplexity_method=1.0000279967349208
01_static_top1_static_union,Granite,grid_sparse,static_1pct,13,opencompass_AIME2025_I_13,AIME-2025,,6.437614572973871e-05,3.301166125813104e-05,5.017090351167042e-05,-3.136601176945142e-05,True,0.0,0.0,64,10000,perplexity_bf16=1.0000643782179184; perplexity_static=1.000033012206149; perplexity_method=1.0000501721620925
01_static_top1_static_union,Granite,magnitude_average,static_1pct,13,opencompass_AIME2025_I_13,AIME-2025,,6.437614572973871e-05,3.301166125813104e-05,4.0804246993930704e-05,-3.136601176945142e-05,True,0.0,0.0,64,10000,perplexity_bf16=1.0000643782179184; perplexity_static=1.000033012206149; perplexity_method=1.0000408050794984
01_static_top1_static_union,Granite,static_2pct,static_1pct,13,opencompass_AIME2025_I_13,AIME-2025,,6.437614572973871e-05,3.301166125813104e-05,1.1017260359347247e-05,-3.136601176945142e-05,True,0.0,0.0,64,10000,perplexity_bf16=1.0000643782179184; perplexity_static=1.000033012206149; perplexity_method=1.0000110173210497
01_static_top1_static_union,Granite,union_primary,static_1pct,13,opencompass_AIME2025_I_13,AIME-2025,,6.437614572973871e-05,3.301166125813104e-05,4.0201391088512395e-05,-3.136601176945142e-05,True,0.0,0.0,64,10000,perplexity_bf16=1.0000643782179184; perplexity_static=1.000033012206149; perplexity_method=1.0000402021991752
01_static_top1_static_union,Granite,grid_dense,static_1pct,14,opencompass_AIME2025_I_14,AIME-2025,,0.00027679884431108803,0.0013175698674672276,0.001326138731286619,0.0010416010873395276,False,-0.008237508776182123,0.0,64,10000,perplexity_bf16=1.000276837156646; perplexity_static=1.0013184382439855; perplexity_method=1.0013270184420837
01_static_top1_static_union,Granite,grid_sparse,static_1pct,14,opencompass_AIME2025_I_14,AIME-2025,,0.00027679884431108803,0.0013175698674672276,0.0018079669079327232,0.0010416010873395276,False,-0.471547147460184,0.0,64,10000,perplexity_bf16=1.000276837156646; perplexity_static=1.0013184382439855; perplexity_method=1.0018096022655119
01_static_top1_static_union,Granite,magnitude_average,static_1pct,14,opencompass_AIME2025_I_14,AIME-2025,,0.00027679884431108803,0.0013175698674672276,0.0011900792744370392,0.0010416010873395276,False,0.12255223785835678,0.12255223785835678,64,10000,perplexity_bf16=1.000276837156646; perplexity_static=1.0013184382439855; perplexity_method=1.0011907876997763
01_static_top1_static_union,Granite,static_2pct,static_1pct,14,opencompass_AIME2025_I_14,AIME-2025,,0.00027679884431108803,0.0013175698674672276,0.001344104007188207,0.0010416010873395276,False,-0.025508302713922903,0.0,64,10000,perplexity_bf16=1.000276837156646; perplexity_static=1.0013184382439855; perplexity_method=1.0013450077198285
01_static_top1_static_union,Granite,union_primary,static_1pct,14,opencompass_AIME2025_I_14,AIME-2025,,0.00027679884431108803,0.0013175698674672276,0.0014529230715538688,0.0010416010873395276,False,-0.13012739071675528,0.0,64,10000,perplexity_bf16=1.000276837156646; perplexity_static=1.0013184382439855; perplexity_method=1.0014539790756487
01_static_top1_static_union,Granite,grid_dense,static_1pct,15,opencompass_AIME2025_II_0,AIME-2025,,0.08831268870540043,0.19578705136913754,0.09290201369412898,0.12393824740635684,False,0.959459031814433,0.959459031814433,64,10000,perplexity_bf16=1.0923296277700987; perplexity_static=1.2162678751764555; perplexity_method=1.0973542043151747
01_static_top1_static_union,Granite,grid_sparse,static_1pct,15,opencompass_AIME2025_II_0,AIME-2025,,0.08831268870540043,0.19578705136913754,0.11603168736283465,0.12393824740635684,False,0.752281234024911,0.752281234024911,64,10000,perplexity_bf16=1.0923296277700987; perplexity_static=1.2162678751764555; perplexity_method=1.1230314574747167
01_static_top1_static_union,Granite,magnitude_average,static_1pct,15,opencompass_AIME2025_II_0,AIME-2025,,0.08831268870540043,0.19578705136913754,0.1287271049000367,0.12393824740635684,False,0.6365119756228972,0.6365119756228972,64,10000,perplexity_bf16=1.0923296277700987; perplexity_static=1.2162678751764555; perplexity_method=1.137379696464596
01_static_top1_static_union,Granite,static_2pct,static_1pct,15,opencompass_AIME2025_II_0,AIME-2025,,0.08831268870540043,0.19578705136913754,0.16649975566321018,0.12393824740635684,False,0.2832428942831139,0.2832428942831139,64,10000,perplexity_bf16=1.0923296277700987; perplexity_static=1.2162678751764555; perplexity_method=1.1811632472687024
01_static_top1_static_union,Granite,union_primary,static_1pct,15,opencompass_AIME2025_II_0,AIME-2025,,0.08831268870540043,0.19578705136913754,0.11233378932857363,0.12393824740635684,False,0.7857268163451103,0.7857268163451103,64,10000,perplexity_bf16=1.0923296277700987; perplexity_static=1.2162678751764555; perplexity_method=1.1188862706184661
01_static_top1_static_union,Granite,grid_dense,static_1pct,16,opencompass_AIME2025_II_1,AIME-2025,,8.839413919758954e-05,0.0012405308522147607,0.00045447120839980926,0.0011529025828154182,False,0.682387345236798,0.682387345236798,64,10000,perplexity_bf16=1.0000883980460746; perplexity_static=1.00124130062889; perplexity_method=1.000454574496086
01_static_top1_static_union,Granite,grid_sparse,static_1pct,16,opencompass_AIME2025_II_1,AIME-2025,,8.839413919758954e-05,0.0012405308522147607,0.0003111550018957132,0.0011529025828154182,False,0.806743975700203,0.806743975700203,64,10000,perplexity_bf16=1.0000883980460746; perplexity_static=1.00124130062889; perplexity_method=1.0003112034156345
01_static_top1_static_union,Granite,magnitude_average,static_1pct,16,opencompass_AIME2025_II_1,AIME-2025,,8.839413919758954e-05,0.0012405308522147607,0.0007570860178134353,0.0011529025828154182,False,0.4197474759207921,0.4197474759207921,64,10000,perplexity_bf16=1.0000883980460746; perplexity_static=1.00124130062889; perplexity_method=1.0007573726797707
01_static_top1_static_union,Granite,static_2pct,static_1pct,16,opencompass_AIME2025_II_1,AIME-2025,,8.839413919758954e-05,0.0012405308522147607,0.0007466674268243878,0.0011529025828154182,False,0.4287911085625923,0.4287911085625923,64,10000,perplexity_bf16=1.0000883980460746; perplexity_static=1.00124130062889; perplexity_method=1.00074694625234
01_static_top1_static_union,Granite,union_primary,static_1pct,16,opencompass_AIME2025_II_1,AIME-2025,,8.839413919758954e-05,0.0012405308522147607,0.0003518469412711056,0.0011529025828154182,False,0.7714370628364574,0.7714370628364574,64,10000,perplexity_bf16=1.0000883980460746; perplexity_static=1.00124130062889; perplexity_method=1.0003519088466664
01_static_top1_static_union,Granite,grid_dense,static_1pct,17,opencompass_AIME2025_II_2,AIME-2025,,0.00011982934897059039,9.324497789719999e-05,2.9257741175570118e-05,-2.6587203448391605e-05,True,0.0,0.0,64,10000,perplexity_bf16=1.0001198365287938; perplexity_static=1.0000932493253454; perplexity_method=1.0000292581691874
01_static_top1_static_union,Granite,grid_sparse,static_1pct,17,opencompass_AIME2025_II_2,AIME-2025,,0.00011982934897059039,9.324497789719999e-05,6.406327537433754e-05,-2.6587203448391605e-05,True,0.0,0.0,64,10000,perplexity_bf16=1.0001198365287938; perplexity_static=1.0000932493253454; perplexity_method=1.0000640653274697
01_static_top1_static_union,Granite,magnitude_average,static_1pct,17,opencompass_AIME2025_II_2,AIME-2025,,0.00011982934897059039,9.324497789719999e-05,2.5977827689871447e-05,-2.6587203448391605e-05,True,0.0,0.0,64,10000,perplexity_bf16=1.0001198365287938; perplexity_static=1.0000932493253454; perplexity_method=1.0000259781651166
01_static_top1_static_union,Granite,static_2pct,static_1pct,17,opencompass_AIME2025_II_2,AIME-2025,,0.00011982934897059039,9.324497789719999e-05,6.738158204200317e-05,-2.6587203448391605e-05,True,0.0,0.0,64,10000,perplexity_bf16=1.0001198365287938; perplexity_static=1.0000932493253454; perplexity_method=1.0000673838522318
01_static_top1_static_union,Granite,union_primary,static_1pct,17,opencompass_AIME2025_II_2,AIME-2025,,0.00011982934897059039,9.324497789719999e-05,4.9665996613157404e-05,-2.6587203448391605e-05,True,0.0,0.0,64,10000,perplexity_bf16=1.0001198365287938; perplexity_static=1.0000932493253454; perplexity_method=1.0000496672299892
01_static_top1_static_union,Granite,grid_dense,static_1pct,18,opencompass_AIME2025_II_3,AIME-2025,,0.00036685149020243557,0.00010157715774716802,8.680135164951253e-05,-0.0002653364715583528,True,0.0,0.0,64,10000,perplexity_bf16=1.0003669187884396; perplexity_static=1.0001015823168813; perplexity_method=1.000086805118996
01_static_top1_static_union,Granite,grid_sparse,static_1pct,18,opencompass_AIME2025_II_3,AIME-2025,,0.00036685149020243557,0.00010157715774716802,9.852078217598148e-05,-0.0002653364715583528,True,0.0,0.0,64,10000,perplexity_bf16=1.0003669187884396; perplexity_static=1.0001015823168813; perplexity_method=1.0000985256355077
01_static_top1_static_union,Granite,magnitude_average,static_1pct,18,opencompass_AIME2025_II_3,AIME-2025,,0.00036685149020243557,0.00010157715774716802,8.282272333826057e-05,-0.0002653364715583528,True,0.0,0.0,64,10000,perplexity_bf16=1.0003669187884396; perplexity_static=1.0001015823168813; perplexity_method=1.0000828261532346
01_static_top1_static_union,Granite,static_2pct,static_1pct,18,opencompass_AIME2025_II_3,AIME-2025,,0.00036685149020243557,0.00010157715774716802,0.0002010351705514779,-0.0002653364715583528,True,0.0,0.0,64,10000,perplexity_bf16=1.0003669187884396; perplexity_static=1.0001015823168813; perplexity_method=1.0002010553794756
01_static_top1_static_union,Granite,union_primary,static_1pct,18,opencompass_AIME2025_II_3,AIME-2025,,0.00036685149020243557,0.00010157715774716802,0.00012861845967826468,-0.0002653364715583528,True,0.0,0.0,64,10000,perplexity_bf16=1.0003669187884396; perplexity_static=1.0001015823168813; perplexity_method=1.000128626731387
01_static_top1_static_union,Granite,grid_dense,static_1pct,19,opencompass_AIME2025_II_4,AIME-2025,,0.0009512331887435721,0.007877375655631624,0.0013905233379105653,0.006956798054609026,False,0.936780569770862,0.936780569770862,64,10000,perplexity_bf16=1.0009516857545204; perplexity_static=1.0079084838091295; perplexity_method=1.001391490563752
01_static_top1_static_union,Granite,grid_sparse,static_1pct,19,opencompass_AIME2025_II_4,AIME-2025,,0.0009512331887435721,0.007877375655631624,0.002027689083337947,0.006956798054609026,False,0.8450349611918174,0.8450349611918174,64,10000,perplexity_bf16=1.0009516857545204; perplexity_static=1.0079084838091295; perplexity_method=1.0020297462350336
01_static_top1_static_union,Granite,magnitude_average,static_1pct,19,opencompass_AIME2025_II_4,AIME-2025,,0.0009512331887435721,0.007877375655631624,0.0007022049331286695,0.006956798054609026,False,1.0358259957860587,1.0,64,10000,perplexity_bf16=1.0009516857545204; perplexity_static=1.0079084838091295; perplexity_method=1.0007024515367315
01_static_top1_static_union,Granite,static_2pct,static_1pct,19,opencompass_AIME2025_II_4,AIME-2025,,0.0009512331887435721,0.007877375655631624,0.0017169259855052132,0.006956798054609026,False,0.8897890974721403,0.8897890974721403,64,10000,perplexity_bf16=1.0009516857545204; perplexity_static=1.0079084838091295; perplexity_method=1.001718400746823
01_static_top1_static_union,Granite,union_primary,static_1pct,19,opencompass_AIME2025_II_4,AIME-2025,,0.0009512331887435721,0.007877375655631624,0.0007397770364221401,0.006956798054609026,False,1.0304213251436019,1.0,64,10000,perplexity_bf16=1.0009516857545204; perplexity_static=1.0079084838091295; perplexity_method=1.0007400507389428
01_static_top1_static_union,Granite,grid_dense,static_1pct,20,opencompass_AIME2025_II_5,AIME-2025,,0.0001753946618663349,2.6988436439445707e-05,1.0410161139673413e-05,-0.00014842124377878463,True,0.0,0.0,64,10000,perplexity_bf16=1.0001754100444094; perplexity_static=1.0000269888006306; perplexity_method=1.0000104102153256
01_static_top1_static_union,Granite,grid_sparse,static_1pct,20,opencompass_AIME2025_II_5,AIME-2025,,0.0001753946618663349,2.6988436439445707e-05,1.1335746172624894e-05,-0.00014842124377878463,True,0.0,0.0,64,10000,perplexity_bf16=1.0001754100444094; perplexity_static=1.0000269888006306; perplexity_method=1.0000113358104223
01_static_top1_static_union,Granite,magnitude_average,static_1pct,20,opencompass_AIME2025_II_5,AIME-2025,,0.0001753946618663349,2.6988436439445707e-05,3.0190122133788577e-05,-0.00014842124377878463,True,0.0,0.0,64,10000,perplexity_bf16=1.0001754100444094; perplexity_static=1.0000269888006306; perplexity_method=1.0000301905778601
01_static_top1_static_union,Granite,static_2pct,static_1pct,20,opencompass_AIME2025_II_5,AIME-2025,,0.0001753946618663349,2.6988436439445707e-05,0.25599453516081994,-0.00014842124377878463,True,0.0,0.0,64,10000,perplexity_bf16=1.0001754100444094; perplexity_static=1.0000269888006306; perplexity_method=1.2917456687380742
01_static_top1_static_union,Granite,union_primary,static_1pct,20,opencompass_AIME2025_II_5,AIME-2025,,0.0001753946618663349,2.6988436439445707e-05,3.309584120980702e-05,-0.00014842124377878463,True,0.0,0.0,64,10000,perplexity_bf16=1.0001754100444094; perplexity_static=1.0000269888006306; perplexity_method=1.0000330963888833
01_static_top1_static_union,Granite,grid_dense,static_1pct,21,opencompass_AIME2025_II_6,AIME-2025,,0.004291952588037162,0.0061115167398670955,0.0030694902136483293,0.0018290539537328954,False,1.6708223574596213,1.0,64,10000,perplexity_bf16=1.0043011762076044; perplexity_static=1.0061302301613373; perplexity_method=1.0030742059224405
01_static_top1_static_union,Granite,grid_sparse,static_1pct,21,opencompass_AIME2025_II_6,AIME-2025,,0.004291952588037162,0.0061115167398670955,0.011830140596776673,0.0018290539537328954,False,-3.15472558772606,0.0,64,10000,perplexity_bf16=1.0043011762076044; perplexity_static=1.0061302301613373; perplexity_method=1.01190039347051
01_static_top1_static_union,Granite,magnitude_average,static_1pct,21,opencompass_AIME2025_II_6,AIME-2025,,0.004291952588037162,0.0061115167398670955,0.005344303584033483,0.0018290539537328954,False,0.4218685353759738,0.4218685353759738,64,10000,perplexity_bf16=1.0043011762076044; perplexity_static=1.0061302301613373; perplexity_method=1.0053586098487524
01_static_top1_static_union,Granite,static_2pct,static_1pct,21,opencompass_AIME2025_II_6,AIME-2025,,0.004291952588037162,0.0061115167398670955,0.008426269706589551,0.0018290539537328954,False,-1.2747794974459596,0.0,64,10000,perplexity_bf16=1.0043011762076044; perplexity_static=1.0061302301613373; perplexity_method=1.0084618706412785
01_static_top1_static_union,Granite,union_primary,static_1pct,21,opencompass_AIME2025_II_6,AIME-2025,,0.004291952588037162,0.0061115167398670955,0.008939870113135129,0.0018290539537328954,False,-1.5580294569190136,0.0,64,10000,perplexity_bf16=1.0043011762076044; perplexity_static=1.0061302301613373; perplexity_method=1.0089799500995473
01_static_top1_static_union,Granite,grid_dense,static_1pct,22,opencompass_AIME2025_II_7,AIME-2025,,0.0009388944131956123,0.03168207153532876,0.004661057628311482,0.031249955464515367,False,0.8805565676379794,0.8805565676379794,64,10000,perplexity_bf16=1.0009393353125304; perplexity_static=1.0321892907770458; perplexity_method=1.0046719372543724
01_static_top1_static_union,Granite,grid_sparse,static_1pct,22,opencompass_AIME2025_II_7,AIME-2025,,0.0009388944131956123,0.03168207153532876,0.006955077040800006,0.031249955464515367,False,0.8067202222356437,0.8067202222356437,64,10000,perplexity_bf16=1.0009393353125304; perplexity_static=1.0321892907770458; perplexity_method=1.006979319759858
01_static_top1_static_union,Granite,magnitude_average,static_1pct,22,opencompass_AIME2025_II_7,AIME-2025,,0.0009388944131956123,0.03168207153532876,0.01605211628498182,0.031249955464515367,False,0.5122454384615018,0.5122454384615018,64,10000,perplexity_bf16=1.0009393353125304; perplexity_static=1.0321892907770458; perplexity_method=1.0161816436382227
01_static_top1_static_union,Granite,static_2pct,static_1pct,22,opencompass_AIME2025_II_7,AIME-2025,,0.0009388944131956123,0.03168207153532876,0.01072316864053846,0.031249955464515367,False,0.6850705093925569,0.6850705093925569,64,10000,perplexity_bf16=1.0009393353125304; perplexity_static=1.0321892907770458; perplexity_method=1.0107808678684755
01_static_top1_static_union,Granite,union_primary,static_1pct,22,opencompass_AIME2025_II_7,AIME-2025,,0.0009388944131956123,0.03168207153532876,0.007962849295495289,0.031249955464515367,False,0.7742300211199914,0.7742300211199914,64,10000,perplexity_bf16=1.0009393353125304; perplexity_static=1.0321892907770458; perplexity_method=1.0079946370977553
01_static_top1_static_union,Granite,grid_dense,static_1pct,23,opencompass_AIME2025_II_8,AIME-2025,,0.0001799703165197286,9.167351479266728e-05,4.506993001518467e-05,-8.830879521104507e-05,True,0.0,0.0,64,10000,perplexity_bf16=1.0001799865121488; perplexity_static=1.0000916777169377; perplexity_method=1.0000450709456798
01_static_top1_static_union,Granite,grid_sparse,static_1pct,23,opencompass_AIME2025_II_8,AIME-2025,,0.0001799703165197286,9.167351479266728e-05,0.00395503989906576,-8.830879521104507e-05,True,0.0,0.0,64,10000,perplexity_bf16=1.0001799865121488; perplexity_static=1.0000916777169377; perplexity_method=1.0039628713905842
01_static_top1_static_union,Granite,magnitude_average,static_1pct,23,opencompass_AIME2025_II_8,AIME-2025,,0.0001799703165197286,9.167351479266728e-05,0.014062830367777224,-8.830879521104507e-05,True,0.0,0.0,64,10000,perplexity_bf16=1.0001799865121488; perplexity_static=1.0000916777169377; perplexity_method=1.0141621771193272
01_static_top1_static_union,Granite,static_2pct,static_1pct,23,opencompass_AIME2025_II_8,AIME-2025,,0.0001799703165197286,9.167351479266728e-05,0.0009729941039537948,-8.830879521104507e-05,True,0.0,0.0,64,10000,perplexity_bf16=1.0001799865121488; perplexity_static=1.0000916777169377; perplexity_method=1.0009734676162794
01_static_top1_static_union,Granite,union_primary,static_1pct,23,opencompass_AIME2025_II_8,AIME-2025,,0.0001799703165197286,9.167351479266728e-05,0.014239311914014063,-8.830879521104507e-05,True,0.0,0.0,64,10000,perplexity_bf16=1.0001799865121488; perplexity_static=1.0000916777169377; perplexity_method=1.014341173822823
01_static_top1_static_union,Granite,grid_dense,static_1pct,0,opencompass_AIME2025_I_0,AIME-2025,,0.002275661189158562,1.5914320992446718e-05,0.00102422917773759,-0.002262338023710564,True,0.0,0.0,512,10000,perplexity_bf16=1.0022782524713365; perplexity_static=1.000015914447626; perplexity_method=1.001024753879565
01_static_top1_static_union,Granite,grid_sparse,static_1pct,0,opencompass_AIME2025_I_0,AIME-2025,,0.002275661189158562,1.5914320992446718e-05,0.00018533782179708247,-0.002262338023710564,True,0.0,0.0,512,10000,perplexity_bf16=1.0022782524713365; perplexity_static=1.000015914447626; perplexity_method=1.0001853549979123
01_static_top1_static_union,Granite,magnitude_average,static_1pct,0,opencompass_AIME2025_I_0,AIME-2025,,0.002275661189158562,1.5914320992446718e-05,0.001142463078426359,-0.002262338023710564,True,0.0,0.0,512,10000,perplexity_bf16=1.0022782524713365; perplexity_static=1.000015914447626; perplexity_method=1.001143115937968
01_static_top1_static_union,Granite,static_2pct,static_1pct,0,opencompass_AIME2025_I_0,AIME-2025,,0.002275661189158562,1.5914320992446718e-05,6.0889971287503286e-05,-0.002262338023710564,True,0.0,0.0,512,10000,perplexity_bf16=1.0022782524713365; perplexity_static=1.000015914447626; perplexity_method=1.0000608918251195
01_static_top1_static_union,Granite,union_primary,static_1pct,0,opencompass_AIME2025_I_0,AIME-2025,,0.002275661189158562,1.5914320992446718e-05,0.0005939739600393512,-0.002262338023710564,True,0.0,0.0,512,10000,perplexity_bf16=1.0022782524713365; perplexity_static=1.000015914447626; perplexity_method=1.0005941503975033
01_static_top1_static_union,Granite,grid_dense,static_1pct,1,opencompass_AIME2025_I_1,AIME-2025,,9.287806284852262e-05,0.00020089592627597908,0.00032855590655077316,0.00010803373106482717,False,-1.1819806506885122,0.0,512,10000,perplexity_bf16=1.0000928823761492; perplexity_static=1.000200916107214; perplexity_method=1.0003286098869544
01_static_top1_static_union,Granite,grid_sparse,static_1pct,1,opencompass_AIME2025_I_1,AIME-2025,,9.287806284852262e-05,0.00020089592627597908,0.00044901699476178336,0.00010803373106482717,False,-2.297446439384747,0.0,512,10000,perplexity_bf16=1.0000928823761492; perplexity_static=1.000200916107214; perplexity_method=1.0004491178179824
01_static_top1_static_union,Granite,magnitude_average,static_1pct,1,opencompass_AIME2025_I_1,AIME-2025,,9.287806284852262e-05,0.00020089592627597908,0.00045775101864220513,0.00010803373106482717,False,-2.3783284431703446,0.0,512,10000,perplexity_bf16=1.0000928823761492; perplexity_static=1.000200916107214; perplexity_method=1.0004578558026274
01_static_top1_static_union,Granite,static_2pct,static_1pct,1,opencompass_AIME2025_I_1,AIME-2025,,9.287806284852262e-05,0.00020089592627597908,8.612993046897e-05,0.00010803373106482717,False,1.062468789374982,1.0,512,10000,perplexity_bf16=1.0000928823761492; perplexity_static=1.000200916107214; perplexity_method=1.000086133639758
01_static_top1_static_union,Granite,union_primary,static_1pct,1,opencompass_AIME2025_I_1,AIME-2025,,9.287806284852262e-05,0.00020089592627597908,0.0003467296016467225,0.00010803373106482717,False,-1.3502598739408542,0.0,512,10000,perplexity_bf16=1.0000928823761492; perplexity_static=1.000200916107214; perplexity_method=1.000346789719303
01_static_top1_static_union,Granite,grid_dense,static_1pct,2,opencompass_AIME2025_I_2,AIME-2025,,0.00045555285141585244,0.0007164014211261255,0.0010645252401844107,0.0002610014665405114,False,-1.3349884772323128,0.0,512,10000,perplexity_bf16=1.0004556566313745; perplexity_static=1.000716658097915; perplexity_method=1.0010650920482873
01_static_top1_static_union,Granite,grid_sparse,static_1pct,2,opencompass_AIME2025_I_2,AIME-2025,,0.00045555285141585244,0.0007164014211261255,0.001159772642096324,0.0002610014665405114,False,-1.7003250840928192,0.0,512,10000,perplexity_bf16=1.0004556566313745; perplexity_static=1.000716658097915; perplexity_method=1.0011604454384588
01_static_top1_static_union,Granite,magnitude_average,static_1pct,2,opencompass_AIME2025_I_2,AIME-2025,,0.00045555285141585244,0.0007164014211261255,0.0007636723486382918,0.0002610014665405114,False,-0.18124772753578244,0.0,512,10000,perplexity_bf16=1.0004556566313745; perplexity_static=1.000716658097915; perplexity_method=1.000763964020609
01_static_top1_static_union,Granite,static_2pct,static_1pct,2,opencompass_AIME2025_I_2,AIME-2025,,0.00045555285141585244,0.0007164014211261255,0.0004929264168604952,0.0002610014665405114,False,0.856739143377999,0.856739143377999,512,10000,perplexity_bf16=1.0004556566313745; perplexity_static=1.000716658097915; perplexity_method=1.0004930479250507
01_static_top1_static_union,Granite,union_primary,static_1pct,2,opencompass_AIME2025_I_2,AIME-2025,,0.00045555285141585244,0.0007164014211261255,0.001951705027342765,0.0002610014665405114,False,-4.739255919676664,0.0,512,10000,perplexity_bf16=1.0004556566313745; perplexity_static=1.000716658097915; perplexity_method=1.0019536108432614
01_static_top1_static_union,Granite,grid_dense,static_1pct,3,opencompass_AIME2025_I_3,AIME-2025,,9.042877158194074e-05,0.00010341859495861805,0.0001488429645788436,1.299108245933489e-05,False,-3.4970218639456565,0.0,512,10000,perplexity_bf16=1.0000904328603866; perplexity_static=1.000103423942846; perplexity_method=1.0001488540422425
01_static_top1_static_union,Granite,grid_sparse,static_1pct,3,opencompass_AIME2025_I_3,AIME-2025,,9.042877158194074e-05,0.00010341859495861805,0.00033663576656528527,1.299108245933489e-05,False,-17.95604736002085,0.0,512,10000,perplexity_bf16=1.0000904328603866; perplexity_static=1.000103423942846; perplexity_method=1.0003366924347437
01_static_top1_static_union,Granite,magnitude_average,static_1pct,3,opencompass_AIME2025_I_3,AIME-2025,,9.042877158194074e-05,0.00010341859495861805,0.00011565723998846478,1.299108245933489e-05,False,-0.9421836661653002,0.0,512,10000,perplexity_bf16=1.0000904328603866; perplexity_static=1.000103423942846; perplexity_method=1.000115663928545
01_static_top1_static_union,Granite,static_2pct,static_1pct,3,opencompass_AIME2025_I_3,AIME-2025,,9.042877158194074e-05,0.00010341859495861805,6.328729010995904e-05,1.299108245933489e-05,False,3.0893999925547555,1.0,512,10000,perplexity_bf16=1.0000904328603866; perplexity_static=1.000103423942846; perplexity_method=1.0000632892927928
01_static_top1_static_union,Granite,union_primary,static_1pct,3,opencompass_AIME2025_I_3,AIME-2025,,9.042877158194074e-05,0.00010341859495861805,0.0001840005202693451,1.299108245933489e-05,False,-6.203756061884162,0.0,512,10000,perplexity_bf16=1.0000904328603866; perplexity_static=1.000103423942846; perplexity_method=1.0001840174494034
01_static_top1_static_union,Granite,grid_dense,static_1pct,4,opencompass_AIME2025_I_4,AIME-2025,,0.046156097792845685,0.06342439708532766,0.07954886819061358,0.01824105972489276,False,-0.9494811955084264,0.0,512,10000,perplexity_bf16=1.047237869718877; perplexity_static=1.0654789294437697; perplexity_method=1.0827984726387014
01_static_top1_static_union,Granite,grid_sparse,static_1pct,4,opencompass_AIME2025_I_4,AIME-2025,,0.046156097792845685,0.06342439708532766,0.07871564415108878,0.01824105972489276,False,-0.900041197928277,0.0,512,10000,perplexity_bf16=1.047237869718877; perplexity_static=1.0654789294437697; perplexity_method=1.0818966346900434
01_static_top1_static_union,Granite,magnitude_average,static_1pct,4,opencompass_AIME2025_I_4,AIME-2025,,0.046156097792845685,0.06342439708532766,0.06441887232358567,0.01824105972489276,False,-0.05811720766832673,0.0,512,10000,perplexity_bf16=1.047237869718877; perplexity_static=1.0654789294437697; perplexity_method=1.0665390488998916
01_static_top1_static_union,Granite,static_2pct,static_1pct,4,opencompass_AIME2025_I_4,AIME-2025,,0.046156097792845685,0.06342439708532766,0.1673026555799879,0.01824105972489276,False,-6.393984575251436,0.0,512,10000,perplexity_bf16=1.047237869718877; perplexity_static=1.0654789294437697; perplexity_method=1.1821119839609742
01_static_top1_static_union,Granite,union_primary,static_1pct,4,opencompass_AIME2025_I_4,AIME-2025,,0.046156097792845685,0.06342439708532766,0.18818369714426808,0.01824105972489276,False,-7.761407520986191,0.0,512,10000,perplexity_bf16=1.047237869718877; perplexity_static=1.0654789294437697; perplexity_method=1.2070552275833106
01_static_top1_static_union,Granite,grid_dense,static_1pct,5,opencompass_AIME2025_I_5,AIME-2025,,0.0003126216737188159,3.3070884773347964e-05,2.986786924838447e-05,-0.00027959911334574095,True,0.0,0.0,512,10000,perplexity_bf16=1.0003126705449668; perplexity_static=1.000033071431621; perplexity_method=1.0000298683152977
01_static_top1_static_union,Granite,grid_sparse,static_1pct,5,opencompass_AIME2025_I_5,AIME-2025,,0.0003126216737188159,3.3070884773347964e-05,3.2311403451709686e-05,-0.00027959911334574095,True,0.0,0.0,512,10000,perplexity_bf16=1.0003126705449668; perplexity_static=1.000033071431621; perplexity_method=1.0000323119254708
01_static_top1_static_union,Granite,magnitude_average,static_1pct,5,opencompass_AIME2025_I_5,AIME-2025,,0.0003126216737188159,3.3070884773347964e-05,3.0049400734227794e-05,-0.00027959911334574095,True,0.0,0.0,512,10000,perplexity_bf16=1.0003126705449668; perplexity_static=1.000033071431621; perplexity_method=1.000030049852222
01_static_top1_static_union,Granite,static_2pct,static_1pct,5,opencompass_AIME2025_I_5,AIME-2025,,0.0003126216737188159,3.3070884773347964e-05,0.00014785122306772147,-0.00027959911334574095,True,0.0,0.0,512,10000,perplexity_bf16=1.0003126705449668; perplexity_static=1.000033071431621; perplexity_method=1.0001478621535984
01_static_top1_static_union,Granite,union_primary,static_1pct,5,opencompass_AIME2025_I_5,AIME-2025,,0.0003126216737188159,3.3070884773347964e-05,9.779877367789569e-05,-0.00027959911334574095,True,0.0,0.0,512,10000,perplexity_bf16=1.0003126705449668; perplexity_static=1.000033071431621; perplexity_method=1.0000978035561339
01_static_top1_static_union,Granite,grid_dense,static_1pct,6,opencompass_AIME2025_I_6,AIME-2025,,0.05973019053635653,0.3361678541987203,0.0790961918537505,0.33802383781387335,False,0.9385891397209304,0.9385891397209304,512,10000,perplexity_bf16=1.0615500916421188; perplexity_static=1.3995739294559921; perplexity_method=1.0823084263171014
01_static_top1_static_union,Granite,grid_sparse,static_1pct,6,opencompass_AIME2025_I_6,AIME-2025,,0.05973019053635653,0.3361678541987203,0.14733940237783827,0.33802383781387335,False,0.7124549356310963,0.7124549356310963,512,10000,perplexity_bf16=1.0615500916421188; perplexity_static=1.3995739294559921; perplexity_method=1.1587471778445328
01_static_top1_static_union,Granite,magnitude_average,static_1pct,6,opencompass_AIME2025_I_6,AIME-2025,,0.05973019053635653,0.3361678541987203,0.1563108932459727,0.33802383781387335,False,0.6815622566496287,0.6815622566496287,512,10000,perplexity_bf16=1.0615500916421188; perplexity_static=1.3995739294559921; perplexity_method=1.1691896397542005
01_static_top1_static_union,Granite,static_2pct,static_1pct,6,opencompass_AIME2025_I_6,AIME-2025,,0.05973019053635653,0.3361678541987203,0.13181780485319905,0.33802383781387335,False,0.7652522299048616,0.7652522299048616,512,10000,perplexity_bf16=1.0615500916421188; perplexity_static=1.3995739294559921; perplexity_method=1.1409004338079263
01_static_top1_static_union,Granite,union_primary,static_1pct,6,opencompass_AIME2025_I_6,AIME-2025,,0.05973019053635653,0.3361678541987203,0.154986820591148,0.33802383781387335,False,0.6861390569112341,0.6861390569112341,512,10000,perplexity_bf16=1.0615500916421188; perplexity_static=1.3995739294559921; perplexity_method=1.1676425721648651
01_static_top1_static_union,Granite,grid_dense,static_1pct,7,opencompass_AIME2025_I_7,AIME-2025,,0.0006457532328631999,0.00038659402952212485,0.00014079148893005045,-0.00025929300974425473,True,0.0,0.0,512,10000,perplexity_bf16=1.0006459617763688; perplexity_static=1.0003866687666245; perplexity_method=1.0001408014005169
01_static_top1_static_union,Granite,grid_sparse,static_1pct,7,opencompass_AIME2025_I_7,AIME-2025,,0.0006457532328631999,0.00038659402952212485,0.00015520330167756446,-0.00025929300974425473,True,0.0,0.0,512,10000,perplexity_bf16=1.0006459617763688; perplexity_static=1.0003866687666245; perplexity_method=1.0001552153463331
01_static_top1_static_union,Granite,magnitude_average,static_1pct,7,opencompass_AIME2025_I_7,AIME-2025,,0.0006457532328631999,0.00038659402952212485,8.231171830196116e-05,-0.00025929300974425473,True,0.0,0.0,512,10000,perplexity_bf16=1.0006459617763688; perplexity_static=1.0003866687666245; perplexity_method=1.0000823151060043
01_static_top1_static_union,Granite,static_2pct,static_1pct,7,opencompass_AIME2025_I_7,AIME-2025,,0.0006457532328631999,0.00038659402952212485,0.0005625470372915692,-0.00025929300974425473,True,0.0,0.0,512,10000,perplexity_bf16=1.0006459617763688; perplexity_static=1.0003866687666245; perplexity_method=1.000562705296551
01_static_top1_static_union,Granite,union_primary,static_1pct,7,opencompass_AIME2025_I_7,AIME-2025,,0.0006457532328631999,0.00038659402952212485,0.00015483881082362094,-0.00025929300974425473,True,0.0,0.0,512,10000,perplexity_bf16=1.0006459617763688; perplexity_static=1.0003866687666245; perplexity_method=1.000154850798971
01_static_top1_static_union,Granite,grid_dense,static_1pct,8,opencompass_AIME2025_I_8,AIME-2025,,0.09138128721711436,0.25766969524635736,0.24063821041111916,0.19822466600416355,False,0.11023163606270536,0.11023163606270536,512,10000,perplexity_bf16=1.095686696954664; perplexity_static=1.2939113629588275; perplexity_method=1.2720607337172052
01_static_top1_static_union,Granite,grid_sparse,static_1pct,8,opencompass_AIME2025_I_8,AIME-2025,,0.09138128721711436,0.25766969524635736,0.24228563813183035,0.19822466600416355,False,0.09965093839436467,0.09965093839436467,512,10000,perplexity_bf16=1.095686696954664; perplexity_static=1.2939113629588275; perplexity_method=1.274158088978603
01_static_top1_static_union,Granite,magnitude_average,static_1pct,8,opencompass_AIME2025_I_8,AIME-2025,,0.09138128721711436,0.25766969524635736,0.24743237647158195,0.19822466600416355,False,0.06648320532869112,0.06648320532869112,512,10000,perplexity_bf16=1.095686696954664; perplexity_static=1.2939113629588275; perplexity_method=1.2807327517876614
01_static_top1_static_union,Granite,static_2pct,static_1pct,8,opencompass_AIME2025_I_8,AIME-2025,,0.09138128721711436,0.25766969524635736,0.24438143478421054,0.19822466600416355,False,0.08616534878494253,0.08616534878494253,512,10000,perplexity_bf16=1.095686696954664; perplexity_static=1.2939113629588275; perplexity_method=1.2768312654748
01_static_top1_static_union,Granite,union_primary,static_1pct,8,opencompass_AIME2025_I_8,AIME-2025,,0.09138128721711436,0.25766969524635736,0.24605355456316036,0.19822466600416355,False,0.07538565697346278,0.07538565697346278,512,10000,perplexity_bf16=1.095686696954664; perplexity_static=1.2939113629588275; perplexity_method=1.2789680662837584
01_static_top1_static_union,Granite,grid_dense,static_1pct,9,opencompass_AIME2025_I_9,AIME-2025,,0.13781934460803313,0.23351215738921383,0.379538386490367,0.11526000188985663,False,-1.722900821681137,0.0,512,10000,perplexity_bf16=1.1477681810329252; perplexity_static=1.2630281829227819; perplexity_method=1.4616097348857853
01_static_top1_static_union,Granite,grid_sparse,static_1pct,9,opencompass_AIME2025_I_9,AIME-2025,,0.13781934460803313,0.23351215738921383,0.293239387839094,0.11526000188985663,False,-0.6744363209133684,0.0,512,10000,perplexity_bf16=1.1477681810329252; perplexity_static=1.2630281829227819; perplexity_method=1.3407637145458446
01_static_top1_static_union,Granite,magnitude_average,static_1pct,9,opencompass_AIME2025_I_9,AIME-2025,,0.13781934460803313,0.23351215738921383,0.11883703277635504,0.11526000188985663,False,1.1872445671755685,1.0,512,10000,perplexity_bf16=1.1477681810329252; perplexity_static=1.2630281829227819; perplexity_method=1.1261863718664038
01_static_top1_static_union,Granite,static_2pct,static_1pct,9,opencompass_AIME2025_I_9,AIME-2025,,0.13781934460803313,0.23351215738921383,0.12669157309392176,0.11526000188985663,False,1.1101969651409056,1.0,512,10000,perplexity_bf16=1.1477681810329252; perplexity_static=1.2630281829227819; perplexity_method=1.135066878622528
01_static_top1_static_union,Granite,union_primary,static_1pct,9,opencompass_AIME2025_I_9,AIME-2025,,0.13781934460803313,0.23351215738921383,0.19479559950195835,0.11526000188985663,False,0.41615114030580824,0.41615114030580824,512,10000,perplexity_bf16=1.1477681810329252; perplexity_static=1.2630281829227819; perplexity_method=1.2150626017046684
01_static_top1_static_union,Granite,grid_dense,static_1pct,10,opencompass_AIME2025_I_10,AIME-2025,,1.736034772986672e-05,1.3908417426128361e-05,1.0100971228277356e-05,-3.4519842728730765e-06,True,0.0,0.0,512,10000,perplexity_bf16=1.0000173604984215; perplexity_static=1.0000139085141486; perplexity_method=1.0000101010222433
01_static_top1_static_union,Granite,grid_sparse,static_1pct,10,opencompass_AIME2025_I_10,AIME-2025,,1.736034772986672e-05,1.3908417426128361e-05,8.554137651148319e-06,-3.4519842728730765e-06,True,0.0,0.0,512,10000,perplexity_bf16=1.0000173604984215; perplexity_static=1.0000139085141486; perplexity_method=1.0000085541742378
01_static_top1_static_union,Granite,magnitude_average,static_1pct,10,opencompass_AIME2025_I_10,AIME-2025,,1.736034772986672e-05,1.3908417426128361e-05,1.8113875902489585e-05,-3.4519842728730765e-06,True,0.0,0.0,512,10000,perplexity_bf16=1.0000173604984215; perplexity_static=1.0000139085141486; perplexity_method=1.0000181140399598
01_static_top1_static_union,Granite,static_2pct,static_1pct,10,opencompass_AIME2025_I_10,AIME-2025,,1.736034772986672e-05,1.3908417426128361e-05,2.6141564621579017e-05,-3.4519842728730765e-06,True,0.0,0.0,512,10000,perplexity_bf16=1.0000173604984215; perplexity_static=1.0000139085141486; perplexity_method=1.0000261419063152
01_static_top1_static_union,Granite,union_primary,static_1pct,10,opencompass_AIME2025_I_10,AIME-2025,,1.736034772986672e-05,1.3908417426128361e-05,8.576220156680803e-06,-3.4519842728730765e-06,True,0.0,0.0,512,10000,perplexity_bf16=1.0000173604984215; perplexity_static=1.0000139085141486; perplexity_method=1.0000085762569326
01_static_top1_static_union,Granite,grid_dense,static_1pct,11,opencompass_AIME2025_I_11,AIME-2025,,0.011662000704745878,0.0478257135473541,0.08981492434395477,0.03725754807595605,False,-1.2073790336886092,0.0,512,10000,perplexity_bf16=1.0117302669505341; perplexity_static=1.0489878150264902; perplexity_method=1.093971797420045
01_static_top1_static_union,Granite,grid_sparse,static_1pct,11,opencompass_AIME2025_I_11,AIME-2025,,0.011662000704745878,0.0478257135473541,0.1242170000623446,0.03725754807595605,False,-2.2350834781770885,0.0,512,10000,perplexity_bf16=1.0117302669505341; perplexity_static=1.0489878150264902; perplexity_method=1.1322615451684481
01_static_top1_static_union,Granite,magnitude_average,static_1pct,11,opencompass_AIME2025_I_11,AIME-2025,,0.011662000704745878,0.0478257135473541,0.06802886218792992,0.03725754807595605,False,-0.5746053642379148,0.0,512,10000,perplexity_bf16=1.0117302669505341; perplexity_static=1.0489878150264902; perplexity_method=1.0703962020092865
01_static_top1_static_union,Granite,static_2pct,static_1pct,11,opencompass_AIME2025_I_11,AIME-2025,,0.011662000704745878,0.0478257135473541,0.028110563980590086,0.03725754807595605,False,0.5496448869055057,0.5496448869055057,512,10000,perplexity_bf16=1.0117302669505341; perplexity_static=1.0489878150264902; perplexity_method=1.0285093942279049
01_static_top1_static_union,Granite,union_primary,static_1pct,11,opencompass_AIME2025_I_11,AIME-2025,,0.011662000704745878,0.0478257135473541,0.11725033810944296,0.03725754807595605,False,-2.024101523532238,0.0,512,10000,perplexity_bf16=1.0117302669505341; perplexity_static=1.0489878150264902; perplexity_method=1.1244008748501084
01_static_top1_static_union,Granite,grid_dense,static_1pct,12,opencompass_AIME2025_I_12,AIME-2025,,0.0007558649991663557,7.388829458498947e-05,0.0009617772099108635,-0.0006822597127111862,True,0.0,0.0,512,10000,perplexity_bf16=1.0007561507371034; perplexity_static=1.0000738910243923; perplexity_method=1.0009622398659237
01_static_top1_static_union,Granite,grid_sparse,static_1pct,12,opencompass_AIME2025_I_12,AIME-2025,,0.0007558649991663557,7.388829458498947e-05,0.0004356993049740021,-0.0006822597127111862,True,0.0,0.0,512,10000,perplexity_bf16=1.0007561507371034; perplexity_static=1.0000738910243923; perplexity_method=1.0004357942357027
01_static_top1_static_union,Granite,magnitude_average,static_1pct,12,opencompass_AIME2025_I_12,AIME-2025,,0.0007558649991663557,7.388829458498947e-05,0.00018503089656540794,-0.0006822597127111862,True,0.0,0.0,512,10000,perplexity_bf16=1.0007561507371034; perplexity_static=1.0000738910243923; perplexity_method=1.0001850480158376
01_static_top1_static_union,Granite,static_2pct,static_1pct,12,opencompass_AIME2025_I_12,AIME-2025,,0.0007558649991663557,7.388829458498947e-05,0.0001533814249734533,-0.0006822597127111862,True,0.0,0.0,512,10000,perplexity_bf16=1.0007561507371034; perplexity_static=1.0000738910243923; perplexity_method=1.0001533931885056
01_static_top1_static_union,Granite,union_primary,static_1pct,12,opencompass_AIME2025_I_12,AIME-2025,,0.0007558649991663557,7.388829458498947e-05,0.000603820628926055,-0.0006822597127111862,True,0.0,0.0,512,10000,perplexity_bf16=1.0007561507371034; perplexity_static=1.0000738910243923; perplexity_method=1.0006040029652996
01_static_top1_static_union,Granite,grid_dense,static_1pct,13,opencompass_AIME2025_I_13,AIME-2025,,8.887394507856028e-06,6.631675628625266e-05,2.5968924066185894e-05,5.7431521290007836e-05,False,0.7025705243916164,0.7025705243916164,512,10000,perplexity_bf16=1.000008887434001; perplexity_static=1.000066318955291; perplexity_method=1.0000259692612616
01_static_top1_static_union,Granite,grid_sparse,static_1pct,13,opencompass_AIME2025_I_13,AIME-2025,,8.887394507856028e-06,6.631675628625266e-05,2.652076643604173e-05,5.7431521290007836e-05,False,0.6929615702718552,0.6929615702718552,512,10000,perplexity_bf16=1.000008887434001; perplexity_static=1.000066318955291; perplexity_method=1.0000265211181147
01_static_top1_static_union,Granite,magnitude_average,static_1pct,13,opencompass_AIME2025_I_13,AIME-2025,,8.887394507856028e-06,6.631675628625266e-05,2.545747669963072e-05,5.7431521290007836e-05,False,0.7114760958657412,0.7114760958657412,512,10000,perplexity_bf16=1.000008887434001; perplexity_static=1.000066318955291; perplexity_method=1.000025457800744
01_static_top1_static_union,Granite,static_2pct,static_1pct,13,opencompass_AIME2025_I_13,AIME-2025,,8.887394507856028e-06,6.631675628625266e-05,7.015349397443416e-05,5.7431521290007836e-05,False,-0.06680999234007157,0.0,512,10000,perplexity_bf16=1.000008887434001; perplexity_static=1.000066318955291; perplexity_method=1.0000701559547884
01_static_top1_static_union,Granite,union_primary,static_1pct,13,opencompass_AIME2025_I_13,AIME-2025,,8.887394507856028e-06,6.631675628625266e-05,3.3718388153025636e-05,5.7431521290007836e-05,False,0.5676325114594223,0.5676325114594223,512,10000,perplexity_bf16=1.000008887434001; perplexity_static=1.000066318955291; perplexity_method=1.0000337189566242
01_static_top1_static_union,Granite,grid_dense,static_1pct,14,opencompass_AIME2025_I_14,AIME-2025,,0.0003052861295227416,0.00019732188800808403,0.0007817229648673513,-0.00010799137682315774,True,0.0,0.0,512,10000,perplexity_bf16=1.0003053327340756; perplexity_static=1.0001973413572525; perplexity_method=1.0007820285898972
01_static_top1_static_union,Granite,grid_sparse,static_1pct,14,opencompass_AIME2025_I_14,AIME-2025,,0.0003052861295227416,0.00019732188800808403,0.0005819343515998943,-0.00010799137682315774,True,0.0,0.0,512,10000,perplexity_bf16=1.0003053327340756; perplexity_static=1.0001973413572525; perplexity_method=1.0005821037082445
01_static_top1_static_union,Granite,magnitude_average,static_1pct,14,opencompass_AIME2025_I_14,AIME-2025,,0.0003052861295227416,0.00019732188800808403,0.00038113937126085795,-0.00010799137682315774,True,0.0,0.0,512,10000,perplexity_bf16=1.0003053327340756; perplexity_static=1.0001973413572525; perplexity_method=1.0003812120140998
01_static_top1_static_union,Granite,static_2pct,static_1pct,14,opencompass_AIME2025_I_14,AIME-2025,,0.0003052861295227416,0.00019732188800808403,0.00037083188780334675,-0.00010799137682315774,True,0.0,0.0,512,10000,perplexity_bf16=1.0003053327340756; perplexity_static=1.0001973413572525; perplexity_method=1.000370900654448
01_static_top1_static_union,Granite,union_primary,static_1pct,14,opencompass_AIME2025_I_14,AIME-2025,,0.0003052861295227416,0.00019732188800808403,0.0008564280307225003,-0.00010799137682315774,True,0.0,0.0,512,10000,perplexity_bf16=1.0003053327340756; perplexity_static=1.0001973413572525; perplexity_method=1.0008567948699247
01_static_top1_static_union,Granite,grid_dense,static_1pct,15,opencompass_AIME2025_II_0,AIME-2025,,0.04033011492356309,0.031950489657901926,0.08182959390251199,-0.008688031803742113,True,0.0,0.0,512,10000,perplexity_bf16=1.0411544180794214; perplexity_static=1.0324663862756793; perplexity_method=1.0852708572999672
01_static_top1_static_union,Granite,grid_sparse,static_1pct,15,opencompass_AIME2025_II_0,AIME-2025,,0.04033011492356309,0.031950489657901926,0.09426280985644553,-0.008688031803742113,True,0.0,0.0,512,10000,perplexity_bf16=1.0411544180794214; perplexity_static=1.0324663862756793; perplexity_method=1.0988484961878418
01_static_top1_static_union,Granite,magnitude_average,static_1pct,15,opencompass_AIME2025_II_0,AIME-2025,,0.04033011492356309,0.031950489657901926,0.024912056363973534,-0.008688031803742113,True,0.0,0.0,512,10000,perplexity_bf16=1.0411544180794214; perplexity_static=1.0324663862756793; perplexity_method=1.025224954549477
01_static_top1_static_union,Granite,static_2pct,static_1pct,15,opencompass_AIME2025_II_0,AIME-2025,,0.04033011492356309,0.031950489657901926,0.07933486893307418,-0.008688031803742113,True,0.0,0.0,512,10000,perplexity_bf16=1.0411544180794214; perplexity_static=1.0324663862756793; perplexity_method=1.0825667793614708
01_static_top1_static_union,Granite,union_primary,static_1pct,15,opencompass_AIME2025_II_0,AIME-2025,,0.04033011492356309,0.031950489657901926,0.09929318018839695,-0.008688031803742113,True,0.0,0.0,512,10000,perplexity_bf16=1.0411544180794214; perplexity_static=1.0324663862756793; perplexity_method=1.1043900373790279
01_static_top1_static_union,Granite,grid_dense,static_1pct,16,opencompass_AIME2025_II_1,AIME-2025,,0.0018552507227533876,0.00461584780156965,0.003544318716902417,0.0027695444717290574,False,0.3884790463050706,0.3884790463050706,512,10000,perplexity_bf16=1.001856972765151; perplexity_static=1.00462651723688; perplexity_method=1.0035506072418032
01_static_top1_static_union,Granite,grid_sparse,static_1pct,16,opencompass_AIME2025_II_1,AIME-2025,,0.0018552507227533876,0.00461584780156965,0.0029825634179205807,0.0027695444717290574,False,0.5919751670841538,0.5919751670841538,512,10000,perplexity_bf16=1.001856972765151; perplexity_static=1.00462651723688; perplexity_method=1.0029870156854812
01_static_top1_static_union,Granite,magnitude_average,static_1pct,16,opencompass_AIME2025_II_1,AIME-2025,,0.0018552507227533876,0.00461584780156965,0.001744493964604521,0.0027695444717290574,False,1.0400630092320804,1.0,512,10000,perplexity_bf16=1.001856972765151; perplexity_static=1.00462651723688; perplexity_method=1.0017460164794114
01_static_top1_static_union,Granite,static_2pct,static_1pct,16,opencompass_AIME2025_II_1,AIME-2025,,0.0018552507227533876,0.00461584780156965,0.003210420137209624,0.0027695444717290574,False,0.5094477435032524,0.5094477435032524,512,10000,perplexity_bf16=1.001856972765151; perplexity_static=1.00462651723688; perplexity_method=1.0032155790552257
01_static_top1_static_union,Granite,union_primary,static_1pct,16,opencompass_AIME2025_II_1,AIME-2025,,0.0018552507227533876,0.00461584780156965,0.003467531100825205,0.0027695444717290574,False,0.41630214175221814,0.41630214175221814,512,10000,perplexity_bf16=1.001856972765151; perplexity_static=1.00462651723688; perplexity_method=1.0034735499416212
01_static_top1_static_union,Granite,grid_dense,static_1pct,17,opencompass_AIME2025_II_2,AIME-2025,,0.00019164297790763563,8.150658758977747e-05,0.00044488561937348903,-0.0001101514332544351,True,0.0,0.0,512,10000,perplexity_bf16=1.0001916613425963; perplexity_static=1.0000815099093419; perplexity_method=1.0004449845956578
01_static_top1_static_union,Granite,grid_sparse,static_1pct,17,opencompass_AIME2025_II_2,AIME-2025,,0.00019164297790763563,8.150658758977747e-05,0.0002253797658391954,-0.0001101514332544351,True,0.0,0.0,512,10000,perplexity_bf16=1.0001916613425963; perplexity_static=1.0000815099093419; perplexity_method=1.0002254051657669
01_static_top1_static_union,Granite,magnitude_average,static_1pct,17,opencompass_AIME2025_II_2,AIME-2025,,0.00019164297790763563,8.150658758977747e-05,0.00011208876255942857,-0.0001101514332544351,True,0.0,0.0,512,10000,perplexity_bf16=1.0001916613425963; perplexity_static=1.0000815099093419; perplexity_method=1.0001120950447395
01_static_top1_static_union,Granite,static_2pct,static_1pct,17,opencompass_AIME2025_II_2,AIME-2025,,0.00019164297790763563,8.150658758977747e-05,0.0001491886759182881,-0.0001101514332544351,True,0.0,0.0,512,10000,perplexity_bf16=1.0001916613425963; perplexity_static=1.0000815099093419; perplexity_method=1.0001491998051022
01_static_top1_static_union,Granite,union_primary,static_1pct,17,opencompass_AIME2025_II_2,AIME-2025,,0.00019164297790763563,8.150658758977747e-05,0.00020569114210339245,-0.0001101514332544351,True,0.0,0.0,512,10000,perplexity_bf16=1.0001916613425963; perplexity_static=1.0000815099093419; perplexity_method=1.0002057122979768
01_static_top1_static_union,Granite,grid_dense,static_1pct,18,opencompass_AIME2025_II_3,AIME-2025,,6.110208508425252e-05,8.315165192357421e-05,8.84485665040291e-05,2.2051157263280885e-05,False,-0.24023088732225983,0.0,512,10000,perplexity_bf16=1.0000611039518548; perplexity_static=1.000083155109118; perplexity_method=1.000088452478194
01_static_top1_static_union,Granite,grid_sparse,static_1pct,18,opencompass_AIME2025_II_3,AIME-2025,,6.110208508425252e-05,8.315165192357421e-05,7.605180712821902e-05,2.2051157263280885e-05,False,0.32199715837950704,0.32199715837950704,512,10000,perplexity_bf16=1.0000611039518548; perplexity_static=1.000083155109118; perplexity_method=1.0000760546991403
01_static_top1_static_union,Granite,magnitude_average,static_1pct,18,opencompass_AIME2025_II_3,AIME-2025,,6.110208508425252e-05,8.315165192357421e-05,0.00019188861955697634,2.2051157263280885e-05,False,-4.931801126777847,0.0,512,10000,perplexity_bf16=1.0000611039518548; perplexity_static=1.000083155109118; perplexity_method=1.0001919070313559
01_static_top1_static_union,Granite,static_2pct,static_1pct,18,opencompass_AIME2025_II_3,AIME-2025,,6.110208508425252e-05,8.315165192357421e-05,0.00019421911953970694,2.2051157263280885e-05,False,-5.037507594259258,0.0,512,10000,perplexity_bf16=1.0000611039518548; perplexity_static=1.000083155109118; perplexity_method=1.000194237981294
01_static_top1_static_union,Granite,union_primary,static_1pct,18,opencompass_AIME2025_II_3,AIME-2025,,6.110208508425252e-05,8.315165192357421e-05,0.00011807421328979828,2.2051157263280885e-05,False,-1.583865861956434,0.0,512,10000,perplexity_bf16=1.0000611039518548; perplexity_static=1.000083155109118; perplexity_method=1.000118081184324
01_static_top1_static_union,Granite,grid_dense,static_1pct,19,opencompass_AIME2025_II_4,AIME-2025,,0.18275676943335506,0.4229103431320159,0.39746311103035525,0.3258750689880443,False,0.11769092194061492,0.11769092194061492,512,10000,perplexity_bf16=1.200522368829794; perplexity_static=1.5263974378178382; perplexity_method=1.4880449005111738
01_static_top1_static_union,Granite,grid_sparse,static_1pct,19,opencompass_AIME2025_II_4,AIME-2025,,0.18275676943335506,0.4229103431320159,0.4196363097386544,0.3258750689880443,False,0.015310481306321733,0.015310481306321733,512,10000,perplexity_bf16=1.200522368829794; perplexity_static=1.5263974378178382; perplexity_method=1.5214081336659004
01_static_top1_static_union,Granite,magnitude_average,static_1pct,19,opencompass_AIME2025_II_4,AIME-2025,,0.18275676943335506,0.4229103431320159,0.41663009973519877,0.3258750689880443,False,0.02932445463335842,0.02932445463335842,512,10000,perplexity_bf16=1.200522368829794; perplexity_static=1.5263974378178382; perplexity_method=1.5168413291411558
01_static_top1_static_union,Granite,static_2pct,static_1pct,19,opencompass_AIME2025_II_4,AIME-2025,,0.18275676943335506,0.4229103431320159,0.406705450327589,0.3258750689880443,False,0.07529195237634734,0.07529195237634734,512,10000,perplexity_bf16=1.200522368829794; perplexity_static=1.5263974378178382; perplexity_method=1.5018616676429515
01_static_top1_static_union,Granite,union_primary,static_1pct,19,opencompass_AIME2025_II_4,AIME-2025,,0.18275676943335506,0.4229103431320159,0.4092184694238215,0.3258750689880443,False,0.063695626935945,0.063695626935945,512,10000,perplexity_bf16=1.200522368829794; perplexity_static=1.5263974378178382; perplexity_method=1.5056406209958504
01_static_top1_static_union,Granite,grid_dense,static_1pct,20,opencompass_AIME2025_II_5,AIME-2025,,5.5523032320592414e-05,0.00017673063812480294,5.328596000629682e-05,0.00012122168215156215,False,1.018455394980083,1.0,512,10000,perplexity_bf16=1.0000555245737526; perplexity_static=1.0001767462559041; perplexity_method=1.0000532873797283
01_static_top1_static_union,Granite,grid_sparse,static_1pct,20,opencompass_AIME2025_II_5,AIME-2025,,5.5523032320592414e-05,0.00017673063812480294,4.227710402501805e-05,0.00012122168215156215,False,1.1092756328998379,1.0,512,10000,perplexity_bf16=1.0000555245737526; perplexity_static=1.0001767462559041; perplexity_method=1.0000422779977143
01_static_top1_static_union,Granite,magnitude_average,static_1pct,20,opencompass_AIME2025_II_5,AIME-2025,,5.5523032320592414e-05,0.00017673063812480294,4.587735441778651e-05,0.00012122168215156215,False,1.0795746006966045,1.0,512,10000,perplexity_bf16=1.0000555245737526; perplexity_static=1.0001767462559041; perplexity_method=1.0000458784067996
01_static_top1_static_union,Granite,static_2pct,static_1pct,20,opencompass_AIME2025_II_5,AIME-2025,,5.5523032320592414e-05,0.00017673063812480294,0.00010721239701964869,0.00012122168215156215,False,0.5735616780427697,0.5735616780427697,512,10000,perplexity_bf16=1.0000555245737526; perplexity_static=1.0001767462559041; perplexity_method=1.0001072181444741
01_static_top1_static_union,Granite,union_primary,static_1pct,20,opencompass_AIME2025_II_5,AIME-2025,,5.5523032320592414e-05,0.00017673063812480294,5.501295384335858e-05,0.00012122168215156215,False,1.0042080480970992,1.0,512,10000,perplexity_bf16=1.0000555245737526; perplexity_static=1.0001767462559041; perplexity_method=1.0000550144670837
01_static_top1_static_union,Granite,grid_dense,static_1pct,21,opencompass_AIME2025_II_6,AIME-2025,,0.0014358711681747294,0.013341438020257251,0.02893405368343384,0.011993929585918606,False,-1.3278281924683135,0.0,512,10000,perplexity_bf16=1.0014369025247531; perplexity_static=1.0134308321106718; perplexity_method=1.0293567099533343
01_static_top1_static_union,Granite,grid_sparse,static_1pct,21,opencompass_AIME2025_II_6,AIME-2025,,0.0014358711681747294,0.013341438020257251,0.022096764896048116,0.011993929585918606,False,-0.7430320809775115,0.0,512,10000,perplexity_bf16=1.0014369025247531; perplexity_static=1.0134308321106718; perplexity_method=1.0223427065699946
01_static_top1_static_union,Granite,magnitude_average,static_1pct,21,opencompass_AIME2025_II_6,AIME-2025,,0.0014358711681747294,0.013341438020257251,0.015909137502705256,0.011993929585918606,False,-0.21723735171848735,0.0,512,10000,perplexity_bf16=1.0014369025247531; perplexity_static=1.0134308321106718; perplexity_method=1.0160363616106147
01_static_top1_static_union,Granite,static_2pct,static_1pct,21,opencompass_AIME2025_II_6,AIME-2025,,0.0014358711681747294,0.013341438020257251,0.020217681482462516,0.011993929585918606,False,-0.5830125130458856,0.0,512,10000,perplexity_bf16=1.0014369025247531; perplexity_static=1.0134308321106718; perplexity_method=1.0204234431398536
01_static_top1_static_union,Granite,union_primary,static_1pct,21,opencompass_AIME2025_II_6,AIME-2025,,0.0014358711681747294,0.013341438020257251,0.02101821152413294,0.011993929585918606,False,-0.6511475367851605,0.0,512,10000,perplexity_bf16=1.0014369025247531; perplexity_static=1.0134308321106718; perplexity_method=1.0212406498169173
01_static_top1_static_union,Granite,grid_dense,static_1pct,22,opencompass_AIME2025_II_7,AIME-2025,,0.0010008913125085783,0.0001952637544209851,0.0010576511775761688,-0.0008061095517439831,True,0.0,0.0,512,10000,perplexity_bf16=1.0010013923713728; perplexity_static=1.0001952828196288; perplexity_method=1.001058210687821
01_static_top1_static_union,Granite,grid_sparse,static_1pct,22,opencompass_AIME2025_II_7,AIME-2025,,0.0010008913125085783,0.0001952637544209851,0.0006316517978537384,-0.0008061095517439831,True,0.0,0.0,512,10000,perplexity_bf16=1.0010013923713728; perplexity_static=1.0001952828196288; perplexity_method=1.0006318513318604
01_static_top1_static_union,Granite,magnitude_average,static_1pct,22,opencompass_AIME2025_II_7,AIME-2025,,0.0010008913125085783,0.0001952637544209851,0.00036503303165213996,-0.0008061095517439831,True,0.0,0.0,512,10000,perplexity_bf16=1.0010013923713728; perplexity_static=1.0001952828196288; perplexity_method=1.0003650996643167
01_static_top1_static_union,Granite,static_2pct,static_1pct,22,opencompass_AIME2025_II_7,AIME-2025,,0.0010008913125085783,0.0001952637544209851,0.001229996398159905,-0.0008061095517439831,True,0.0,0.0,512,10000,perplexity_bf16=1.0010013923713728; perplexity_static=1.0001952828196288; perplexity_method=1.0012307531539668
01_static_top1_static_union,Granite,union_primary,static_1pct,22,opencompass_AIME2025_II_7,AIME-2025,,0.0010008913125085783,0.0001952637544209851,0.0015052061501581449,-0.0008061095517439831,True,0.0,0.0,512,10000,perplexity_bf16=1.0010013923713728; perplexity_static=1.0001952828196288; perplexity_method=1.0015063395415267
01_static_top1_static_union,Granite,grid_dense,static_1pct,23,opencompass_AIME2025_II_8,AIME-2025,,3.678116337391124e-05,5.805730530306086e-05,5.0045376721458146e-06,2.127715085187276e-05,False,2.4934936465681052,1.0,512,10000,perplexity_bf16=1.0000367818398093; perplexity_static=1.0000580589906611; perplexity_method=1.000005004550195
01_static_top1_static_union,Granite,grid_sparse,static_1pct,23,opencompass_AIME2025_II_8,AIME-2025,,3.678116337391124e-05,5.805730530306086e-05,3.0091561552397783e-06,2.127715085187276e-05,False,2.5872745068890017,1.0,512,10000,perplexity_bf16=1.0000367818398093; perplexity_static=1.0000580589906611; perplexity_method=1.0000030091606829
01_static_top1_static_union,Granite,magnitude_average,static_1pct,23,opencompass_AIME2025_II_8,AIME-2025,,3.678116337391124e-05,5.805730530306086e-05,2.5648273279596512e-05,2.127715085187276e-05,False,1.5232485160877305,1.0,512,10000,perplexity_bf16=1.0000367818398093; perplexity_static=1.0000580589906611; perplexity_method=1.0000256486021994
01_static_top1_static_union,Granite,static_2pct,static_1pct,23,opencompass_AIME2025_II_8,AIME-2025,,3.678116337391124e-05,5.805730530306086e-05,0.00011082741674961483,2.127715085187276e-05,False,-2.480339968490278,0.0,512,10000,perplexity_bf16=1.0000367818398093; perplexity_static=1.0000580589906611; perplexity_method=1.0001108335583346
01_static_top1_static_union,Granite,union_primary,static_1pct,23,opencompass_AIME2025_II_8,AIME-2025,,3.678116337391124e-05,5.805730530306086e-05,3.766553751477497e-06,2.127715085187276e-05,False,2.5516776279921793,1.0,512,10000,perplexity_bf16=1.0000367818398093; perplexity_static=1.0000580589906611; perplexity_method=1.000003766560845
02_m2_position_switching,Granite,m2_position_conditional,static_1pct,0,opencompass_AIME2025_I_0,AIME-2025,,0.0018152593644025217,0.0006273773848011199,0.0005688496668091458,-0.0011893337179100794,True,,,512,10000,perplexity_bf16=1.0018169079450654; perplexity_static=1.0006275742271553; perplexity_method=1.0005690114924641
02_m2_position_switching,Granite,random_bin_assignment,static_1pct,0,opencompass_AIME2025_I_0,AIME-2025,,0.0018152593644025217,0.0006273773848011199,0.0007960047849026042,-0.0011893337179100794,True,,,512,10000,perplexity_bf16=1.0018169079450654; perplexity_static=1.0006275742271553; perplexity_method=1.0007963216807894
02_m2_position_switching,Granite,static_3pct,static_1pct,0,opencompass_AIME2025_I_0,AIME-2025,,0.0018152593644025217,0.0006273773848011199,0.00146511683746553,-0.0011893337179100794,True,,,512,10000,perplexity_bf16=1.0018169079450654; perplexity_static=1.0006275742271553; perplexity_method=1.0014661906454934
02_m2_position_switching,Granite,m2_position_conditional,static_1pct,1,opencompass_AIME2025_I_1,AIME-2025,,0.02558990120633098,0.053008247101388406,0.16170386386511382,0.02851820756108725,False,-4.245489018396695,0.0,512,10000,perplexity_bf16=1.0259201335823174; perplexity_static=1.0544383411434046; perplexity_method=1.1755120781683581
02_m2_position_switching,Granite,random_bin_assignment,static_1pct,1,opencompass_AIME2025_I_1,AIME-2025,,0.02558990120633098,0.053008247101388406,0.10687689589394722,0.02851820756108725,False,-2.046373877710331,0.0,512,10000,perplexity_bf16=1.0259201335823174; perplexity_static=1.0544383411434046; perplexity_method=1.1127972561355348
02_m2_position_switching,Granite,static_3pct,static_1pct,1,opencompass_AIME2025_I_1,AIME-2025,,0.02558990120633098,0.053008247101388406,0.5454230349278077,0.02851820756108725,False,-23.5253132132144,0.0,512,10000,perplexity_bf16=1.0259201335823174; perplexity_static=1.0544383411434046; perplexity_method=1.7253381062974413
02_m2_position_switching,Granite,m2_position_conditional,static_1pct,2,opencompass_AIME2025_I_2,AIME-2025,,0.012802009405277204,0.054472745359817054,0.1562542800384108,0.04309938962615045,False,-2.6250894842734103,0.0,512,10000,perplexity_bf16=1.0128843059397086; perplexity_static=1.055983695565859; perplexity_method=1.169123450052069
02_m2_position_switching,Granite,random_bin_assignment,static_1pct,2,opencompass_AIME2025_I_2,AIME-2025,,0.012802009405277204,0.054472745359817054,0.04594188209011918,0.04309938962615045,False,0.20812676686773568,0.20812676686773568,512,10000,perplexity_bf16=1.0128843059397086; perplexity_static=1.055983695565859; perplexity_method=1.0470135589489955
02_m2_position_switching,Granite,static_3pct,static_1pct,2,opencompass_AIME2025_I_2,AIME-2025,,0.012802009405277204,0.054472745359817054,0.2972458767471835,0.04309938962615045,False,-6.732405070501039,0.0,512,10000,perplexity_bf16=1.0128843059397086; perplexity_static=1.055983695565859; perplexity_method=1.3461462448204542
02_m2_position_switching,Granite,m2_position_conditional,static_1pct,3,opencompass_AIME2025_I_3,AIME-2025,,0.00040124266054952784,0.0003411410087684752,0.000805543490123739,-6.012396517340868e-05,True,,,512,10000,perplexity_bf16=1.0004013231691533; perplexity_static=1.00034119920398; perplexity_method=1.000805868027418
02_m2_position_switching,Granite,random_bin_assignment,static_1pct,3,opencompass_AIME2025_I_3,AIME-2025,,0.00040124266054952784,0.0003411410087684752,0.0025495648938989035,-6.012396517340868e-05,True,,,512,10000,perplexity_bf16=1.0004013231691533; perplexity_static=1.00034119920398; perplexity_method=1.0025528177983827
02_m2_position_switching,Granite,static_3pct,static_1pct,3,opencompass_AIME2025_I_3,AIME-2025,,0.00040124266054952784,0.0003411410087684752,0.0014572464633948456,-6.012396517340868e-05,True,,,512,10000,perplexity_bf16=1.0004013231691533; perplexity_static=1.00034119920398; perplexity_method=1.0014583087629705
02_m2_position_switching,Granite,m2_position_conditional,static_1pct,4,opencompass_AIME2025_I_4,AIME-2025,,0.03609823703300208,0.03684285231429385,0.14149352857202757,0.0007722731060850752,False,-148.21581342252074,0.0,512,10000,perplexity_bf16=1.0367576894878223; perplexity_static=1.0375299625939074; perplexity_method=1.1519930491966435
02_m2_position_switching,Granite,random_bin_assignment,static_1pct,4,opencompass_AIME2025_I_4,AIME-2025,,0.03609823703300208,0.03684285231429385,0.09296239701507147,0.0007722731060850752,False,-77.55094038762651,0.0,512,10000,perplexity_bf16=1.0367576894878223; perplexity_static=1.0375299625939074; perplexity_method=1.0974204682068782
02_m2_position_switching,Granite,static_3pct,static_1pct,4,opencompass_AIME2025_I_4,AIME-2025,,0.03609823703300208,0.03684285231429385,0.33957720338366926,0.0007722731060850752,False,-474.992257980122,0.0,512,10000,perplexity_bf16=1.0367576894878223; perplexity_static=1.0375299625939074; perplexity_method=1.4043537090305795
02_m2_position_switching,Granite,m2_position_conditional,static_1pct,5,opencompass_AIME2025_I_5,AIME-2025,,4.493739586708401e-05,0.04951611763096586,0.00010544316384270003,0.05071758947543281,False,0.9988069165307872,0.9988069165307872,512,10000,perplexity_bf16=1.000044938405567; perplexity_static=1.0507625278809998; perplexity_method=1.0001054487231684
02_m2_position_switching,Granite,random_bin_assignment,static_1pct,5,opencompass_AIME2025_I_5,AIME-2025,,4.493739586708401e-05,0.04951611763096586,0.0012107011101632342,0.05071758947543281,False,0.9770001707274799,0.9770001707274799,512,10000,perplexity_bf16=1.000044938405567; perplexity_static=1.0507625278809998; perplexity_method=1.0012114343046157
02_m2_position_switching,Granite,static_3pct,static_1pct,5,opencompass_AIME2025_I_5,AIME-2025,,4.493739586708401e-05,0.04951611763096586,0.003040292380109458,0.05071758947543281,False,0.9408493112197703,0.9408493112197703,512,10000,perplexity_bf16=1.000044938405567; perplexity_static=1.0507625278809998; perplexity_method=1.0030449187563117
02_m2_position_switching,Granite,m2_position_conditional,static_1pct,6,opencompass_AIME2025_I_6,AIME-2025,,3.24848918841214e-05,1.4442438338146957e-05,2.7006833105094885e-05,-1.8042876893220594e-05,True,,,512,10000,perplexity_bf16=1.000032485419524; perplexity_static=1.0000144425426307; perplexity_method=1.0000270071977928
02_m2_position_switching,Granite,random_bin_assignment,static_1pct,6,opencompass_AIME2025_I_6,AIME-2025,,3.24848918841214e-05,1.4442438338146957e-05,2.778300693845326e-05,-1.8042876893220594e-05,True,,,512,10000,perplexity_bf16=1.000032485419524; perplexity_static=1.0000144425426307; perplexity_method=1.0000277833928897
02_m2_position_switching,Granite,static_3pct,static_1pct,6,opencompass_AIME2025_I_6,AIME-2025,,3.24848918841214e-05,1.4442438338146957e-05,2.0414414200198294e-05,-1.8042876893220594e-05,True,,,512,10000,perplexity_bf16=1.000032485419524; perplexity_static=1.0000144425426307; perplexity_method=1.0000204146225757
02_m2_position_switching,Granite,m2_position_conditional,static_1pct,7,opencompass_AIME2025_I_7,AIME-2025,,0.0009341512697222942,0.011591499201476396,0.030297900758292418,0.010724353235221251,False,-1.7812367319278533,0.0,512,10000,perplexity_bf16=1.000934587724914; perplexity_static=1.0116589409601353; perplexity_method=1.0307615528688807
02_m2_position_switching,Granite,random_bin_assignment,static_1pct,7,opencompass_AIME2025_I_7,AIME-2025,,0.0009341512697222942,0.011591499201476396,0.09974189848288795,0.010724353235221251,False,-8.692996732594942,0.0,512,10000,perplexity_bf16=1.000934587724914; perplexity_static=1.0116589409601353; perplexity_method=1.1048857085931076
02_m2_position_switching,Granite,static_3pct,static_1pct,7,opencompass_AIME2025_I_7,AIME-2025,,0.0009341512697222942,0.011591499201476396,0.018478799721195482,0.010724353235221251,False,-0.6519412547007519,0.0,512,10000,perplexity_bf16=1.000934587724914; perplexity_static=1.0116589409601353; perplexity_method=1.0186505892641595
02_m2_position_switching,Granite,m2_position_conditional,static_1pct,8,opencompass_AIME2025_I_8,AIME-2025,,0.0751182941668036,0.21070662349732472,0.20465758653415067,0.15653844809851214,False,0.047562105145748323,0.047562105145748323,512,10000,perplexity_bf16=1.0780116658341599; perplexity_static=1.234550113932672; perplexity_method=1.2271048158048583
02_m2_position_switching,Granite,random_bin_assignment,static_1pct,8,opencompass_AIME2025_I_8,AIME-2025,,0.0751182941668036,0.21070662349732472,0.20402544889980806,0.15653844809851214,False,0.05251586584874368,0.05251586584874368,512,10000,perplexity_bf16=1.0780116658341599; perplexity_static=1.234550113932672; perplexity_method=1.22632936179216
02_m2_position_switching,Granite,static_3pct,static_1pct,8,opencompass_AIME2025_I_8,AIME-2025,,0.0751182941668036,0.21070662349732472,0.18407003413696887,0.15653844809851214,False,0.20729799063342635,0.20729799063342635,512,10000,perplexity_bf16=1.0780116658341599; perplexity_static=1.234550113932672; perplexity_method=1.2021000081849755
02_m2_position_switching,Granite,m2_position_conditional,static_1pct,9,opencompass_AIME2025_I_9,AIME-2025,,0.00010308439202888486,0.0008578192632036075,0.0004086405084926248,0.0007550975899679457,False,0.5952386657662287,0.5952386657662287,512,10000,perplexity_bf16=1.0001030897054073; perplexity_static=1.0008581872953752; perplexity_method=1.0004087240133994
02_m2_position_switching,Granite,random_bin_assignment,static_1pct,9,opencompass_AIME2025_I_9,AIME-2025,,0.00010308439202888486,0.0008578192632036075,0.001198089225790011,0.0007550975899679457,False,-0.4510939122956181,0.0,512,10000,perplexity_bf16=1.0001030897054073; perplexity_static=1.0008581872953752; perplexity_method=1.0011988072213989
02_m2_position_switching,Granite,static_3pct,static_1pct,9,opencompass_AIME2025_I_9,AIME-2025,,0.00010308439202888486,0.0008578192632036075,0.0013103220814354444,0.0007550975899679457,False,-0.5999140232180218,0.0,512,10000,perplexity_bf16=1.0001030897054073; perplexity_static=1.0008581872953752; perplexity_method=1.0013111809284951
02_m2_position_switching,Granite,m2_position_conditional,static_1pct,10,opencompass_AIME2025_I_10,AIME-2025,,0.020703398236064152,0.14321868602370302,0.12950775922342156,0.13306293354753373,False,0.11809592585825401,0.11809592585825401,512,10000,perplexity_bf16=1.0209192002909848; perplexity_static=1.1539821338385186; perplexity_method=1.1382679435038072
02_m2_position_switching,Granite,random_bin_assignment,static_1pct,10,opencompass_AIME2025_I_10,AIME-2025,,0.020703398236064152,0.14321868602370302,0.12196514719861462,0.13306293354753373,False,0.1823754055346779,0.1823754055346779,512,10000,perplexity_bf16=1.0209192002909848; perplexity_static=1.1539821338385186; perplexity_method=1.1297147273711532
02_m2_position_switching,Granite,static_3pct,static_1pct,10,opencompass_AIME2025_I_10,AIME-2025,,0.020703398236064152,0.14321868602370302,0.12839081466710586,0.13306293354753373,False,0.12764533516275323,0.12764533516275323,512,10000,perplexity_bf16=1.0209192002909848; perplexity_static=1.1539821338385186; perplexity_method=1.1369972710881044
02_m2_position_switching,Granite,m2_position_conditional,static_1pct,11,opencompass_AIME2025_I_11,AIME-2025,,0.0013811333269134751,0.000189867078984704,0.0008323910385650279,-0.0011922024259112263,True,,,512,10000,perplexity_bf16=1.0013820875307906; perplexity_static=1.0001898851048794; perplexity_method=1.0008327375721293
02_m2_position_switching,Granite,random_bin_assignment,static_1pct,11,opencompass_AIME2025_I_11,AIME-2025,,0.0013811333269134751,0.000189867078984704,0.0002038110167098539,-0.0011922024259112263,True,,,512,10000,perplexity_bf16=1.0013820875307906; perplexity_static=1.0001898851048794; perplexity_method=1.0002038317875863
02_m2_position_switching,Granite,static_3pct,static_1pct,11,opencompass_AIME2025_I_11,AIME-2025,,0.0013811333269134751,0.000189867078984704,7.572502858220476e-05,-0.0011922024259112263,True,,,512,10000,perplexity_bf16=1.0013820875307906; perplexity_static=1.0001898851048794; perplexity_method=1.0000757278957946
03_m10_position_bins,Granite,m10_position_binned,static_1pct,0,opencompass_AIME2025_I_0,AIME-2025,,0.0018152593644025217,,0.05509696065762881,0.002334863237452245,False,-22.481527179163283,0.0,512,10000,perplexity_bf16=1.0018169079450654; perplexity_static=None; perplexity_method=1.0566430625149295
03_m10_position_bins,Granite,midpoint_matched_cost,static_1pct,0,opencompass_AIME2025_I_0,AIME-2025,,0.0018152593644025217,,0.006775919791444096,0.002334863237452245,False,-1.133752525413879,0.0,512,10000,perplexity_bf16=1.0018169079450654; perplexity_static=None; perplexity_method=1.0067989282744751
03_m10_position_bins,Granite,random_bin_assignment,static_1pct,0,opencompass_AIME2025_I_0,AIME-2025,,0.0018152593644025217,,0.0007960047849026042,0.002334863237452245,False,1.4371075135816855,1.0,512,10000,perplexity_bf16=1.0018169079450654; perplexity_static=None; perplexity_method=1.0007963216807894
03_m10_position_bins,Granite,m10_position_binned,static_1pct,1,opencompass_AIME2025_I_1,AIME-2025,,0.02558990120633098,,4.283491839654744,129.71020732304393,False,0.44902398734328597,0.44902398734328597,512,10000,perplexity_bf16=1.0259201335823174; perplexity_static=None; perplexity_method=72.49313296530877
03_m10_position_bins,Granite,midpoint_matched_cost,static_1pct,1,opencompass_AIME2025_I_1,AIME-2025,,0.02558990120633098,,0.43370875861728564,129.71020732304393,False,0.9960138118409415,0.9960138118409415,512,10000,perplexity_bf16=1.0259201335823174; perplexity_static=None; perplexity_method=1.54296942612246
03_m10_position_bins,Granite,random_bin_assignment,static_1pct,1,opencompass_AIME2025_I_1,AIME-2025,,0.02558990120633098,,0.10687689589394722,129.71020732304393,False,0.9993302213885384,0.9993302213885384,512,10000,perplexity_bf16=1.0259201335823174; perplexity_static=None; perplexity_method=1.1127972561355348
03_m10_position_bins,Granite,m10_position_binned,static_1pct,2,opencompass_AIME2025_I_2,AIME-2025,,0.012802009405277204,,3.273251686245203,5.684463598932534,False,-3.4655313676763093,0.0,512,10000,perplexity_bf16=1.0128843059397086; perplexity_static=None; perplexity_method=26.397034815387098
03_m10_position_bins,Granite,midpoint_matched_cost,static_1pct,2,opencompass_AIME2025_I_2,AIME-2025,,0.012802009405277204,,1.0288281943649054,5.684463598932534,False,0.6860035928938277,0.6860035928938277,512,10000,perplexity_bf16=1.0128843059397086; perplexity_static=None; perplexity_method=2.797785452330346
03_m10_position_bins,Granite,random_bin_assignment,static_1pct,2,opencompass_AIME2025_I_2,AIME-2025,,0.012802009405277204,,0.04594188209011918,5.684463598932534,False,0.9939960468713889,0.9939960468713889,512,10000,perplexity_bf16=1.0128843059397086; perplexity_static=None; perplexity_method=1.0470135589489955
03_m10_position_bins,Granite,m10_position_binned,static_1pct,3,opencompass_AIME2025_I_3,AIME-2025,,0.00040124266054952784,,0.6428774706673739,2.132618479951455,False,0.5772593684593421,0.5772593684593421,512,10000,perplexity_bf16=1.0004013231691533; perplexity_static=None; perplexity_method=1.9019458062191092
03_m10_position_bins,Granite,midpoint_matched_cost,static_1pct,3,opencompass_AIME2025_I_3,AIME-2025,,0.00040124266054952784,,0.662926946174629,2.132618479951455,False,0.5591980708783987,0.5591980708783987,512,10000,perplexity_bf16=1.0004013231691533; perplexity_static=None; perplexity_method=1.9404636632121317
03_m10_position_bins,Granite,random_bin_assignment,static_1pct,3,opencompass_AIME2025_I_3,AIME-2025,,0.00040124266054952784,,0.0025495648938989035,2.132618479951455,False,0.9989911488391124,0.9989911488391124,512,10000,perplexity_bf16=1.0004013231691533; perplexity_static=None; perplexity_method=1.0025528177983827
03_m10_position_bins,Granite,m10_position_binned,static_1pct,4,opencompass_AIME2025_I_4,AIME-2025,,0.03609823703300208,,6.125198508612812,12.297135220601163,False,-36.09796660491199,0.0,512,10000,perplexity_bf16=1.0367576894878223; perplexity_static=None; perplexity_method=457.2354694394368
03_m10_position_bins,Granite,midpoint_matched_cost,static_1pct,4,opencompass_AIME2025_I_4,AIME-2025,,0.03609823703300208,,1.8505213833414018,12.297135220601163,False,0.5668602071868718,0.5668602071868718,512,10000,perplexity_bf16=1.0367576894878223; perplexity_static=None; perplexity_method=6.363136291134032
03_m10_position_bins,Granite,random_bin_assignment,static_1pct,4,opencompass_AIME2025_I_4,AIME-2025,,0.03609823703300208,,0.09296239701507147,12.297135220601163,False,0.995066917812091,0.995066917812091,512,10000,perplexity_bf16=1.0367576894878223; perplexity_static=None; perplexity_method=1.0974204682068782
03_m10_position_bins,Granite,m10_position_binned,static_1pct,5,opencompass_AIME2025_I_5,AIME-2025,,4.493739586708401e-05,,0.2513554411034621,0.3649697510175429,False,0.21713490401516478,0.21713490401516478,512,10000,perplexity_bf16=1.000044938405567; perplexity_static=None; perplexity_method=1.2857670175674771
03_m10_position_bins,Granite,midpoint_matched_cost,static_1pct,5,opencompass_AIME2025_I_5,AIME-2025,,4.493739586708401e-05,,0.5627046544389619,0.3649697510175429,False,-1.0696754537363327,0.0,512,10000,perplexity_bf16=1.000044938405567; perplexity_static=None; perplexity_method=1.7554138734428364
03_m10_position_bins,Granite,random_bin_assignment,static_1pct,5,opencompass_AIME2025_I_5,AIME-2025,,4.493739586708401e-05,,0.0012107011101632342,0.3649697510175429,False,0.9968038559475231,0.9968038559475231,512,10000,perplexity_bf16=1.000044938405567; perplexity_static=None; perplexity_method=1.0012114343046157
03_m10_position_bins,Granite,m10_position_binned,static_1pct,6,opencompass_AIME2025_I_6,AIME-2025,,3.24848918841214e-05,,0.6035708026654821,1.7502232142848164,False,0.5265721735950848,0.5265721735950848,512,10000,perplexity_bf16=1.000032485419524; perplexity_static=None; perplexity_method=1.8286368574818088
03_m10_position_bins,Granite,midpoint_matched_cost,static_1pct,6,opencompass_AIME2025_I_6,AIME-2025,,3.24848918841214e-05,,1.3039509596947267,1.7502232142848164,False,-0.5333987575433259,0.0,512,10000,perplexity_bf16=1.000032485419524; perplexity_static=None; perplexity_method=3.6838225876273474
03_m10_position_bins,Granite,random_bin_assignment,static_1pct,6,opencompass_AIME2025_I_6,AIME-2025,,3.24848918841214e-05,,2.778300693845326e-05,1.7502232142848164,False,1.000002686529693,1.0,512,10000,perplexity_bf16=1.000032485419524; perplexity_static=None; perplexity_method=1.0000277833928897
03_m10_position_bins,Granite,m10_position_binned,static_1pct,7,opencompass_AIME2025_I_7,AIME-2025,,0.0009341512697222942,,0.5947271561745735,1.6792907318923183,False,0.5166996786194837,0.5166996786194837,512,10000,perplexity_bf16=1.000934587724914; perplexity_static=None; perplexity_method=1.8125363381397939
03_m10_position_bins,Granite,midpoint_matched_cost,static_1pct,7,opencompass_AIME2025_I_7,AIME-2025,,0.0009341512697222942,,1.0344177987725445,1.6792907318923183,False,-0.07934447096011854,0.0,512,10000,perplexity_bf16=1.000934587724914; perplexity_static=None; perplexity_method=2.8134677543274584
03_m10_position_bins,Granite,random_bin_assignment,static_1pct,7,opencompass_AIME2025_I_7,AIME-2025,,0.0009341512697222942,,0.09974189848288795,1.6792907318923183,False,0.9380981989038577,0.9380981989038577,512,10000,perplexity_bf16=1.000934587724914; perplexity_static=None; perplexity_method=1.1048857085931076
03_m10_position_bins,Granite,m10_position_binned,static_1pct,8,opencompass_AIME2025_I_8,AIME-2025,,0.0751182941668036,,0.5692970916902802,0.9055951255645591,False,0.23916011330535802,0.23916011330535802,512,10000,perplexity_bf16=1.0780116658341599; perplexity_static=None; perplexity_method=1.7670245585599191
03_m10_position_bins,Granite,midpoint_matched_cost,static_1pct,8,opencompass_AIME2025_I_8,AIME-2025,,0.0751182941668036,,0.6049794713737868,0.9055951255645591,False,0.1682784844101014,0.1682784844101014,512,10000,perplexity_bf16=1.0780116658341599; perplexity_static=None; perplexity_method=1.8312146161795395
03_m10_position_bins,Granite,random_bin_assignment,static_1pct,8,opencompass_AIME2025_I_8,AIME-2025,,0.0751182941668036,,0.20402544889980806,0.9055951255645591,False,0.836220743938372,0.836220743938372,512,10000,perplexity_bf16=1.0780116658341599; perplexity_static=None; perplexity_method=1.22632936179216
03_m10_position_bins,Granite,m10_position_binned,static_1pct,9,opencompass_AIME2025_I_9,AIME-2025,,0.00010308439202888486,,0.17036424571313802,0.11047777109897394,False,-0.6802799388411072,0.0,512,10000,perplexity_bf16=1.0001030897054073; perplexity_static=None; perplexity_method=1.185736672170893
03_m10_position_bins,Granite,midpoint_matched_cost,static_1pct,9,opencompass_AIME2025_I_9,AIME-2025,,0.00010308439202888486,,0.17748107345548902,0.11047777109897394,False,-0.7569359326281155,0.0,512,10000,perplexity_bf16=1.0001030897054073; perplexity_static=None; perplexity_method=1.1942054555058585
03_m10_position_bins,Granite,random_bin_assignment,static_1pct,9,opencompass_AIME2025_I_9,AIME-2025,,0.00010308439202888486,,0.001198089225790011,0.11047777109897394,False,0.9900820092124237,0.9900820092124237,512,10000,perplexity_bf16=1.0001030897054073; perplexity_static=None; perplexity_method=1.0011988072213989
03_m10_position_bins,Granite,m10_position_binned,static_1pct,10,opencompass_AIME2025_I_10,AIME-2025,,0.020703398236064152,,0.31120223524272417,0.675250740798057,False,0.49034331028047784,0.49034331028047784,512,10000,perplexity_bf16=1.0209192002909848; perplexity_static=None; perplexity_method=1.3650652575767777
03_m10_position_bins,Granite,midpoint_matched_cost,static_1pct,10,opencompass_AIME2025_I_10,AIME-2025,,0.020703398236064152,,0.3767311917179563,0.675250740798057,False,0.3534353409530707,0.3534353409530707,512,10000,perplexity_bf16=1.0209192002909848; perplexity_static=None; perplexity_method=1.457512465286267
03_m10_position_bins,Granite,random_bin_assignment,static_1pct,10,opencompass_AIME2025_I_10,AIME-2025,,0.020703398236064152,,0.12196514719861462,0.675250740798057,False,0.8388812917826843,0.8388812917826843,512,10000,perplexity_bf16=1.0209192002909848; perplexity_static=None; perplexity_method=1.1297147273711532
03_m10_position_bins,Granite,m10_position_binned,static_1pct,11,opencompass_AIME2025_I_11,AIME-2025,,0.0013811333269134751,,0.6479316857528008,1.1816735445220679,False,0.22973574236273475,0.22973574236273475,512,10000,perplexity_bf16=1.0013820875307906; perplexity_static=None; perplexity_method=1.911582983071677
03_m10_position_bins,Granite,midpoint_matched_cost,static_1pct,11,opencompass_AIME2025_I_11,AIME-2025,,0.0013811333269134751,,0.8799186770757975,1.1816735445220679,False,-0.1926488258770891,0.0,512,10000,perplexity_bf16=1.0013820875307906; perplexity_static=None; perplexity_method=2.410703652975053
03_m10_position_bins,Granite,random_bin_assignment,static_1pct,11,opencompass_AIME2025_I_11,AIME-2025,,0.0013811333269134751,,0.0002038110167098539,1.1816735445220679,False,1.0009971076602895,1.0,512,10000,perplexity_bf16=1.0013820875307906; perplexity_static=None; perplexity_method=1.0002038317875863
04_m11_ema_top1,Granite,m11_alpha_0_1,static_1pct,0,opencompass_AIME2025_I_0,AIME-2025,,0.0018152593644025217,0.0006273773848011199,0.0005319706949562519,-0.0011893337179100794,True,,,512,10000,perplexity_bf16=1.0018169079450654; perplexity_static=1.0006275742271553; perplexity_method=1.0005321122164603
04_m11_ema_top1,Granite,m11_alpha_0_3,static_1pct,0,opencompass_AIME2025_I_0,AIME-2025,,0.0018152593644025217,0.0006273773848011199,0.0006708205388716859,-0.0011893337179100794,True,,,512,10000,perplexity_bf16=1.0018169079450654; perplexity_static=1.0006275742271553; perplexity_method=1.0006710455892893
04_m11_ema_top1,Granite,m11_alpha_0_5,static_1pct,0,opencompass_AIME2025_I_0,AIME-2025,,0.0018152593644025217,0.0006273773848011199,0.0006641731544252405,-0.0011893337179100794,True,,,512,10000,perplexity_bf16=1.0018169079450654; perplexity_static=1.0006275742271553; perplexity_method=1.0006643937662536
04_m11_ema_top1,Granite,random_walk_protection,static_1pct,0,opencompass_AIME2025_I_0,AIME-2025,,0.0018152593644025217,0.0006273773848011199,0.0025142913865714434,-0.0011893337179100794,True,,,512,10000,perplexity_bf16=1.0018169079450654; perplexity_static=1.0006275742271553; perplexity_method=1.0025174548679088
04_m11_ema_top1,Granite,m11_alpha_0_1,static_1pct,1,opencompass_AIME2025_I_1,AIME-2025,,0.02558990120633098,0.053008247101388406,0.14925318310270086,0.02851820756108725,False,-3.7354573505297353,0.0,512,10000,perplexity_bf16=1.0259201335823174; perplexity_static=1.0544383411434046; perplexity_method=1.1609668892014007
04_m11_ema_top1,Granite,m11_alpha_0_3,static_1pct,1,opencompass_AIME2025_I_1,AIME-2025,,0.02558990120633098,0.053008247101388406,0.1261350494751241,0.02851820756108725,False,-2.8051209573365323,0.0,512,10000,perplexity_bf16=1.0259201335823174; perplexity_static=1.0544383411434046; perplexity_method=1.1344353628386836
04_m11_ema_top1,Granite,m11_alpha_0_5,static_1pct,1,opencompass_AIME2025_I_1,AIME-2025,,0.02558990120633098,0.053008247101388406,0.07646962250873912,0.02851820756108725,False,-0.8777219630603719,0.0,512,10000,perplexity_bf16=1.0259201335823174; perplexity_static=1.0544383411434046; perplexity_method=1.0794693982668853
04_m11_ema_top1,Granite,random_walk_protection,static_1pct,1,opencompass_AIME2025_I_1,AIME-2025,,0.02558990120633098,0.053008247101388406,0.14988654603075702,0.02851820756108725,False,-3.761249514922784,0.0,512,10000,perplexity_bf16=1.0259201335823174; perplexity_static=1.0544383411434046; perplexity_method=1.1617024354990113
04_m11_ema_top1,Granite,m11_alpha_0_1,static_1pct,2,opencompass_AIME2025_I_2,AIME-2025,,0.012802009405277204,0.054472745359817054,0.14032851814408787,0.04309938962615045,False,-2.1965056118913786,0.0,512,10000,perplexity_bf16=1.0128843059397086; perplexity_static=1.055983695565859; perplexity_method=1.1506517467487916
04_m11_ema_top1,Granite,m11_alpha_0_3,static_1pct,2,opencompass_AIME2025_I_2,AIME-2025,,0.012802009405277204,0.054472745359817054,0.060353888671670575,0.04309938962615045,False,-0.14451920217606307,0.0,512,10000,perplexity_bf16=1.0128843059397086; perplexity_static=1.055983695565859; perplexity_method=1.0622123849689056
04_m11_ema_top1,Granite,m11_alpha_0_5,static_1pct,2,opencompass_AIME2025_I_2,AIME-2025,,0.012802009405277204,0.054472745359817054,0.046640235668746755,0.04309938962615045,False,0.19115573677624775,0.19115573677624775,512,10000,perplexity_bf16=1.0128843059397086; perplexity_static=1.055983695565859; perplexity_method=1.0477449999872657
04_m11_ema_top1,Granite,random_walk_protection,static_1pct,2,opencompass_AIME2025_I_2,AIME-2025,,0.012802009405277204,0.054472745359817054,0.027858331846800866,0.04309938962615045,False,0.643482239144803,0.643482239144803,512,10000,perplexity_bf16=1.0128843059397086; perplexity_static=1.055983695565859; perplexity_method=1.0282500038234494
04_m11_ema_top1,Granite,m11_alpha_0_1,static_1pct,3,opencompass_AIME2025_I_3,AIME-2025,,0.00040124266054952784,0.0003411410087684752,0.00044065574486262804,-6.012396517340868e-05,True,,,512,10000,perplexity_bf16=1.0004013231691533; perplexity_static=1.00034119920398; perplexity_method=1.0004407528478678
04_m11_ema_top1,Granite,m11_alpha_0_3,static_1pct,3,opencompass_AIME2025_I_3,AIME-2025,,0.00040124266054952784,0.0003411410087684752,0.0011186343874420857,-6.012396517340868e-05,True,,,512,10000,perplexity_bf16=1.0004013231691533; perplexity_static=1.00034119920398; perplexity_method=1.001119260292253
04_m11_ema_top1,Granite,m11_alpha_0_5,static_1pct,3,opencompass_AIME2025_I_3,AIME-2025,,0.00040124266054952784,0.0003411410087684752,0.0023543403533512475,-6.012396517340868e-05,True,,,512,10000,perplexity_bf16=1.0004013231691533; perplexity_static=1.00034119920398; perplexity_method=1.0023571139888678
04_m11_ema_top1,Granite,random_walk_protection,static_1pct,3,opencompass_AIME2025_I_3,AIME-2025,,0.00040124266054952784,0.0003411410087684752,0.006026535975982128,-6.012396517340868e-05,True,,,512,10000,perplexity_bf16=1.0004013231691533; perplexity_static=1.00034119920398; perplexity_method=1.0060447320787083
04_m11_ema_top1,Granite,m11_alpha_0_1,static_1pct,4,opencompass_AIME2025_I_4,AIME-2025,,0.03609823703300208,0.03684285231429385,0.311446794657968,0.0007722731060850752,False,-424.55081341787167,0.0,512,10000,perplexity_bf16=1.0367576894878223; perplexity_static=1.0375299625939074; perplexity_method=1.3653991379630723
04_m11_ema_top1,Granite,m11_alpha_0_3,static_1pct,4,opencompass_AIME2025_I_4,AIME-2025,,0.03609823703300208,0.03684285231429385,0.38729800726287067,0.0007722731060850752,False,-563.8749079458157,0.0,512,10000,perplexity_bf16=1.0367576894878223; perplexity_static=1.0375299625939074; perplexity_method=1.4729953891966583
04_m11_ema_top1,Granite,m11_alpha_0_5,static_1pct,4,opencompass_AIME2025_I_4,AIME-2025,,0.03609823703300208,0.03684285231429385,0.3510340381471906,0.0007722731060850752,False,-495.94594435568933,0.0,512,10000,perplexity_bf16=1.0367576894878223; perplexity_static=1.0375299625939074; perplexity_method=1.4205356774917715
04_m11_ema_top1,Granite,random_walk_protection,static_1pct,4,opencompass_AIME2025_I_4,AIME-2025,,0.03609823703300208,0.03684285231429385,0.02994647982995957,0.0007722731060850752,False,9.233232661200654,1.0,512,10000,perplexity_bf16=1.0367576894878223; perplexity_static=1.0375299625939074; perplexity_method=1.0303993853274358
04_m11_ema_top1,Granite,m11_alpha_0_1,static_1pct,5,opencompass_AIME2025_I_5,AIME-2025,,4.493739586708401e-05,0.04951611763096586,0.007626387631556791,0.05071758947543281,False,0.8499415238891577,0.8499415238891577,512,10000,perplexity_bf16=1.000044938405567; perplexity_static=1.0507625278809998; perplexity_method=1.0076555425942657
04_m11_ema_top1,Granite,m11_alpha_0_3,static_1pct,5,opencompass_AIME2025_I_5,AIME-2025,,4.493739586708401e-05,0.04951611763096586,0.0004233793943438785,0.05071758947543281,False,0.9925365020223235,0.9925365020223235,512,10000,perplexity_bf16=1.000044938405567; perplexity_static=1.0507625278809998; perplexity_method=1.0004234690320495
04_m11_ema_top1,Granite,m11_alpha_0_5,static_1pct,5,opencompass_AIME2025_I_5,AIME-2025,,4.493739586708401e-05,0.04951611763096586,0.0003337547076746883,0.05071758947543281,False,0.9943043033512684,0.9943043033512684,512,10000,perplexity_bf16=1.000044938405567; perplexity_static=1.0507625278809998; perplexity_method=1.000333810409974
04_m11_ema_top1,Granite,random_walk_protection,static_1pct,5,opencompass_AIME2025_I_5,AIME-2025,,4.493739586708401e-05,0.04951611763096586,0.09424332029119019,0.05071758947543281,False,-0.9476900013031087,0.0,512,10000,perplexity_bf16=1.000044938405567; perplexity_static=1.0507625278809998; perplexity_method=1.0988270803170632
04_m11_ema_top1,Granite,m11_alpha_0_1,static_1pct,6,opencompass_AIME2025_I_6,AIME-2025,,3.24848918841214e-05,1.4442438338146957e-05,2.7559853640488075e-05,-1.8042876893220594e-05,True,,,512,10000,perplexity_bf16=1.000032485419524; perplexity_static=1.0000144425426307; perplexity_method=1.0000275602334168
04_m11_ema_top1,Granite,m11_alpha_0_3,static_1pct,6,opencompass_AIME2025_I_6,AIME-2025,,3.24848918841214e-05,1.4442438338146957e-05,3.178114572041646e-05,-1.8042876893220594e-05,True,,,512,10000,perplexity_bf16=1.000032485419524; perplexity_static=1.0000144425426307; perplexity_method=1.0000317816507465
04_m11_ema_top1,Granite,m11_alpha_0_5,static_1pct,6,opencompass_AIME2025_I_6,AIME-2025,,3.24848918841214e-05,1.4442438338146957e-05,1.655551245421938e-05,-1.8042876893220594e-05,True,,,512,10000,perplexity_bf16=1.000032485419524; perplexity_static=1.0000144425426307; perplexity_method=1.0000165556494975
04_m11_ema_top1,Granite,random_walk_protection,static_1pct,6,opencompass_AIME2025_I_6,AIME-2025,,3.24848918841214e-05,1.4442438338146957e-05,0.12500890333267417,-1.8042876893220594e-05,True,,,512,10000,perplexity_bf16=1.000032485419524; perplexity_static=1.0000144425426307; perplexity_method=1.1331585419093853
04_m11_ema_top1,Granite,m11_alpha_0_1,static_1pct,7,opencompass_AIME2025_I_7,AIME-2025,,0.0009341512697222942,0.011591499201476396,0.09412106873950887,0.010724353235221251,False,-8.115530358174327,0.0,512,10000,perplexity_bf16=1.000934587724914; perplexity_static=1.0116589409601353; perplexity_method=1.0986927552123584
04_m11_ema_top1,Granite,m11_alpha_0_3,static_1pct,7,opencompass_AIME2025_I_7,AIME-2025,,0.0009341512697222942,0.011591499201476396,0.12405429936469692,0.010724353235221251,False,-11.228499920632984,0.0,512,10000,perplexity_bf16=1.000934587724914; perplexity_static=1.0116589409601353; perplexity_method=1.1320773404106572
04_m11_ema_top1,Granite,m11_alpha_0_5,static_1pct,7,opencompass_AIME2025_I_7,AIME-2025,,0.0009341512697222942,0.011591499201476396,0.102147712196895,0.010724353235221251,False,-8.94115615101423,0.0,512,10000,perplexity_bf16=1.000934587724914; perplexity_static=1.0116589409601353; perplexity_method=1.1075470578548832
04_m11_ema_top1,Granite,random_walk_protection,static_1pct,7,opencompass_AIME2025_I_7,AIME-2025,,0.0009341512697222942,0.011591499201476396,0.03653900947341526,0.010724353235221251,False,-2.3829710668506543,0.0,512,10000,perplexity_bf16=1.000934587724914; perplexity_static=1.0116589409601353; perplexity_method=1.0372147644303538
04_m11_ema_top1,Granite,m11_alpha_0_1,static_1pct,8,opencompass_AIME2025_I_8,AIME-2025,,0.0751182941668036,0.21070662349732472,0.20535120150825423,0.15653844809851214,False,0.042122971598912096,0.042122971598912096,512,10000,perplexity_bf16=1.0780116658341599; perplexity_static=1.234550113932672; perplexity_method=1.2279562493292806
04_m11_ema_top1,Granite,m11_alpha_0_3,static_1pct,8,opencompass_AIME2025_I_8,AIME-2025,,0.0751182941668036,0.21070662349732472,0.2045769567990655,0.15653844809851214,False,0.04819413611788592,0.04819413611788592,512,10000,perplexity_bf16=1.0780116658341599; perplexity_static=1.234550113932672; perplexity_method=1.2270058786573297
04_m11_ema_top1,Granite,m11_alpha_0_5,static_1pct,8,opencompass_AIME2025_I_8,AIME-2025,,0.0751182941668036,0.21070662349732472,0.21064079731260693,0.15653844809851214,False,0.0005191251745666481,0.0005191251745666481,512,10000,perplexity_bf16=1.0780116658341599; perplexity_static=1.234550113932672; perplexity_method=1.2344688508834765
04_m11_ema_top1,Granite,random_walk_protection,static_1pct,8,opencompass_AIME2025_I_8,AIME-2025,,0.0751182941668036,0.21070662349732472,0.38103850863233335,0.15653844809851214,False,-1.4645210953954866,0.0,512,10000,perplexity_bf16=1.0780116658341599; perplexity_static=1.234550113932672; perplexity_method=1.4638039734134145
04_m11_ema_top1,Granite,m11_alpha_0_1,static_1pct,9,opencompass_AIME2025_I_9,AIME-2025,,0.00010308439202888486,0.0008578192632036075,0.0006206712630582312,0.0007550975899679457,False,0.314294972206246,0.314294972206246,512,10000,perplexity_bf16=1.0001030897054073; perplexity_static=1.0008581872953752; perplexity_method=1.0006208639193233
04_m11_ema_top1,Granite,m11_alpha_0_3,static_1pct,9,opencompass_AIME2025_I_9,AIME-2025,,0.00010308439202888486,0.0008578192632036075,0.0003885852239519927,0.0007550975899679457,False,0.62180911268009,0.62180911268009,512,10000,perplexity_bf16=1.0001030897054073; perplexity_static=1.0008581872953752; perplexity_method=1.0003886607329704
04_m11_ema_top1,Granite,m11_alpha_0_5,static_1pct,9,opencompass_AIME2025_I_9,AIME-2025,,0.00010308439202888486,0.0008578192632036075,0.0003260929212959285,0.0007550975899679457,False,0.7045992558730417,0.7045992558730417,512,10000,perplexity_bf16=1.0001030897054073; perplexity_static=1.0008581872953752; perplexity_method=1.0003261460953723
04_m11_ema_top1,Granite,random_walk_protection,static_1pct,9,opencompass_AIME2025_I_9,AIME-2025,,0.00010308439202888486,0.0008578192632036075,0.2347432572765058,0.0007550975899679457,False,-349.26063929335777,0.0,512,10000,perplexity_bf16=1.0001030897054073; perplexity_static=1.0008581872953752; perplexity_method=1.2645840542964537
04_m11_ema_top1,Granite,m11_alpha_0_1,static_1pct,10,opencompass_AIME2025_I_10,AIME-2025,,0.020703398236064152,0.14321868602370302,0.1226189159453611,0.13306293354753373,False,0.1768230428884976,0.1768230428884976,512,10000,perplexity_bf16=1.0209192002909848; perplexity_static=1.1539821338385186; perplexity_method=1.1304535410329737
04_m11_ema_top1,Granite,m11_alpha_0_3,static_1pct,10,opencompass_AIME2025_I_10,AIME-2025,,0.020703398236064152,0.14321868602370302,0.11972986902074421,0.13306293354753373,False,0.2013318979230111,0.2013318979230111,512,10000,perplexity_bf16=1.0209192002909848; perplexity_static=1.1539821338385186; perplexity_method=1.12719232088419
04_m11_ema_top1,Granite,m11_alpha_0_5,static_1pct,10,opencompass_AIME2025_I_10,AIME-2025,,0.020703398236064152,0.14321868602370302,0.1320781683305879,0.13306293354753373,False,0.0960794431007973,0.0960794431007973,512,10000,perplexity_bf16=1.0209192002909848; perplexity_static=1.1539821338385186; perplexity_method=1.1411975212859131
04_m11_ema_top1,Granite,random_walk_protection,static_1pct,10,opencompass_AIME2025_I_10,AIME-2025,,0.020703398236064152,0.14321868602370302,0.22751857944220427,0.13306293354753373,False,-0.7627866688733733,0.0,512,10000,perplexity_bf16=1.0209192002909848; perplexity_static=1.1539821338385186; perplexity_method=1.2554807656697609
04_m11_ema_top1,Granite,m11_alpha_0_1,static_1pct,11,opencompass_AIME2025_I_11,AIME-2025,,0.0013811333269134751,0.000189867078984704,0.0005470831925298292,-0.0011922024259112263,True,,,512,10000,perplexity_bf16=1.0013820875307906; perplexity_static=1.0001898851048794; perplexity_method=1.0005472328698337
04_m11_ema_top1,Granite,m11_alpha_0_3,static_1pct,11,opencompass_AIME2025_I_11,AIME-2025,,0.0013811333269134751,0.000189867078984704,0.0006113025992310755,-0.0011922024259112263,True,,,512,10000,perplexity_bf16=1.0013820875307906; perplexity_static=1.0001898851048794; perplexity_method=1.0006114894827438
04_m11_ema_top1,Granite,m11_alpha_0_5,static_1pct,11,opencompass_AIME2025_I_11,AIME-2025,,0.0013811333269134751,0.000189867078984704,0.000636162407144869,-0.0011922024259112263,True,,,512,10000,perplexity_bf16=1.0013820875307906; perplexity_static=1.0001898851048794; perplexity_method=1.0006363648013652
04_m11_ema_top1,Granite,random_walk_protection,static_1pct,11,opencompass_AIME2025_I_11,AIME-2025,,0.0013811333269134751,0.000189867078984704,0.23199689462338352,-0.0011922024259112263,True,,,512,10000,perplexity_bf16=1.0013820875307906; perplexity_static=1.0001898851048794; perplexity_method=1.2611158125826936
05_m11b_granite,Granite,m11b_top1,static_1pct,0,opencompass_AIME2025_I_0,AIME-2025,,0.0018152593644025217,0.0006273773848011199,0.0007367033216225671,-0.0011893337179100794,True,,,512,10000,perplexity_bf16=1.0018169079450654; perplexity_static=1.0006275742271553; perplexity_method=1.0007369747541657
05_m11b_granite,Granite,m11b_top10,static_1pct,0,opencompass_AIME2025_I_0,AIME-2025,,0.0018152593644025217,0.0006273773848011199,0.0008026155822562497,-0.0011893337179100794,True,,,512,10000,perplexity_bf16=1.0018169079450654; perplexity_static=1.0006275742271553; perplexity_method=1.000802937764333
05_m11b_granite,Granite,m11b_top5,static_1pct,0,opencompass_AIME2025_I_0,AIME-2025,,0.0018152593644025217,0.0006273773848011199,0.0008102262545932604,-0.0011893337179100794,True,,,512,10000,perplexity_bf16=1.0018169079450654; perplexity_static=1.0006275742271553; perplexity_method=1.0008105545765509
05_m11b_granite,Granite,static_top10,static_1pct,0,opencompass_AIME2025_I_0,AIME-2025,,0.0018152593644025217,0.0006273773848011199,0.001819146224052437,-0.0011893337179100794,True,,,512,10000,perplexity_bf16=1.0018169079450654; perplexity_static=1.0006275742271553; perplexity_method=1.001820801874349
05_m11b_granite,Granite,m11b_top1,static_1pct,1,opencompass_AIME2025_I_1,AIME-2025,,0.02558990120633098,0.053008247101388406,0.11142440975527279,0.02851820756108725,False,-2.2242246299316113,0.0,512,10000,perplexity_bf16=1.0259201335823174; perplexity_static=1.0544383411434046; perplexity_method=1.1178692408022768
05_m11b_granite,Granite,m11b_top10,static_1pct,1,opencompass_AIME2025_I_1,AIME-2025,,0.02558990120633098,0.053008247101388406,0.054663657283526845,0.02851820756108725,False,-0.0612581819027076,0.0,512,10000,perplexity_bf16=1.0259201335823174; perplexity_static=1.0544383411434046; perplexity_method=1.0561853146897209
05_m11b_granite,Granite,m11b_top5,static_1pct,1,opencompass_AIME2025_I_1,AIME-2025,,0.02558990120633098,0.053008247101388406,0.015289054608729202,0.02851820756108725,False,1.3686628418925668,1.0,512,10000,perplexity_bf16=1.0259201335823174; perplexity_static=1.0544383411434046; perplexity_method=1.0154065301371649
05_m11b_granite,Granite,static_top10,static_1pct,1,opencompass_AIME2025_I_1,AIME-2025,,0.02558990120633098,0.053008247101388406,0.9465080787194893,0.02851820756108725,False,-53.37845888236424,0.0,512,10000,perplexity_bf16=1.0259201335823174; perplexity_static=1.0544383411434046; perplexity_method=2.5766963108416294
05_m11b_granite,Granite,m11b_top1,static_1pct,2,opencompass_AIME2025_I_2,AIME-2025,,0.012802009405277204,0.054472745359817054,0.07950014654488768,0.04309938962615045,False,-0.6209373930015021,0.0,512,10000,perplexity_bf16=1.0128843059397086; perplexity_static=1.055983695565859; perplexity_method=1.0827457182002769
05_m11b_granite,Granite,m11b_top10,static_1pct,2,opencompass_AIME2025_I_2,AIME-2025,,0.012802009405277204,0.054472745359817054,0.04459655378741445,0.04309938962615045,False,0.2407868558365348,0.2407868558365348,512,10000,perplexity_bf16=1.0128843059397086; perplexity_static=1.055983695565859; perplexity_method=1.0456059290493045
05_m11b_granite,Granite,m11b_top5,static_1pct,2,opencompass_AIME2025_I_2,AIME-2025,,0.012802009405277204,0.054472745359817054,0.012768366772434092,0.04309938962615045,False,1.00079062654749,1.0,512,10000,perplexity_bf16=1.0128843059397086; perplexity_static=1.055983695565859; perplexity_method=1.0128502304180895
05_m11b_granite,Granite,static_top10,static_1pct,2,opencompass_AIME2025_I_2,AIME-2025,,0.012802009405277204,0.054472745359817054,0.07734136843646411,0.04309938962615045,False,-0.5667629228783271,0.0,512,10000,perplexity_bf16=1.0128843059397086; perplexity_static=1.055983695565859; perplexity_method=1.080410831604648
05_m11b_granite,Granite,m11b_top1,static_1pct,3,opencompass_AIME2025_I_3,AIME-2025,,0.00040124266054952784,0.0003411410087684752,0.0005069171349156854,-6.012396517340868e-05,True,,,512,10000,perplexity_bf16=1.0004013231691533; perplexity_static=1.00034119920398; perplexity_method=1.0005070456391192
05_m11b_granite,Granite,m11b_top10,static_1pct,3,opencompass_AIME2025_I_3,AIME-2025,,0.00040124266054952784,0.0003411410087684752,0.00105266998989606,-6.012396517340868e-05,True,,,512,10000,perplexity_bf16=1.0004013231691533; perplexity_static=1.00034119920398; perplexity_method=1.001053224241414
05_m11b_granite,Granite,m11b_top5,static_1pct,3,opencompass_AIME2025_I_3,AIME-2025,,0.00040124266054952784,0.0003411410087684752,0.0016604539222688786,-6.012396517340868e-05,True,,,512,10000,perplexity_bf16=1.0004013231691533; perplexity_static=1.00034119920398; perplexity_method=1.001661833239208
05_m11b_granite,Granite,static_top10,static_1pct,3,opencompass_AIME2025_I_3,AIME-2025,,0.00040124266054952784,0.0003411410087684752,0.0022835898482425065,-6.012396517340868e-05,True,,,512,10000,perplexity_bf16=1.0004013231691533; perplexity_static=1.00034119920398; perplexity_method=1.002286199225411
05_m11b_granite,Granite,m11b_top1,static_1pct,4,opencompass_AIME2025_I_4,AIME-2025,,0.03609823703300208,0.03684285231429385,0.3994013157207519,0.0007722731060850752,False,-587.1004270116848,0.0,512,10000,perplexity_bf16=1.0367576894878223; perplexity_static=1.0375299625939074; perplexity_method=1.4909318329460952
05_m11b_granite,Granite,m11b_top10,static_1pct,4,opencompass_AIME2025_I_4,AIME-2025,,0.03609823703300208,0.03684285231429385,0.04461688360970584,0.0007722731060850752,False,-10.484922484541741,0.0,512,10000,perplexity_bf16=1.0367576894878223; perplexity_static=1.0375299625939074; perplexity_method=1.0456271862481057
05_m11b_granite,Granite,m11b_top5,static_1pct,4,opencompass_AIME2025_I_4,AIME-2025,,0.03609823703300208,0.03684285231429385,0.038867058836331125,0.0007722731060850752,False,-2.722226022567281,0.0,512,10000,perplexity_bf16=1.0367576894878223; perplexity_static=1.0375299625939074; perplexity_method=1.039632264539821
05_m11b_granite,Granite,static_top10,static_1pct,4,opencompass_AIME2025_I_4,AIME-2025,,0.03609823703300208,0.03684285231429385,0.43205984064843506,0.0007722731060850752,False,-651.1910437055519,0.0,512,10000,perplexity_bf16=1.0367576894878223; perplexity_static=1.0375299625939074; perplexity_method=1.540427292571176
05_m11b_granite,Granite,m11b_top1,static_1pct,5,opencompass_AIME2025_I_5,AIME-2025,,4.493739586708401e-05,0.04951611763096586,0.00021661037876333222,0.05071758947543281,False,0.9966146767483571,0.9966146767483571,512,10000,perplexity_bf16=1.000044938405567; perplexity_static=1.0507625278809998; perplexity_method=1.0002166338404854
05_m11b_granite,Granite,m11b_top10,static_1pct,5,opencompass_AIME2025_I_5,AIME-2025,,4.493739586708401e-05,0.04951611763096586,3.5998959438857114e-05,0.05071758947543281,False,1.0001762465103397,1.0,512,10000,perplexity_bf16=1.000044938405567; perplexity_static=1.0507625278809998; perplexity_method=1.000035999607409
05_m11b_granite,Granite,m11b_top5,static_1pct,5,opencompass_AIME2025_I_5,AIME-2025,,4.493739586708401e-05,0.04951611763096586,2.6449748346188406e-05,0.05071758947543281,False,1.000364534427094,1.0,512,10000,perplexity_bf16=1.000044938405567; perplexity_static=1.0507625278809998; perplexity_method=1.000026450098144
05_m11b_granite,Granite,static_top10,static_1pct,5,opencompass_AIME2025_I_5,AIME-2025,,4.493739586708401e-05,0.04951611763096586,2.8265027363125195e-05,0.05071758947543281,False,1.000328741545419,1.0,512,10000,perplexity_bf16=1.000044938405567; perplexity_static=1.0507625278809998; perplexity_method=1.0000282654268229
05_m11b_granite,Granite,m11b_top1,static_1pct,6,opencompass_AIME2025_I_6,AIME-2025,,3.24848918841214e-05,1.4442438338146957e-05,3.6303000459481094e-05,-1.8042876893220594e-05,True,,,512,10000,perplexity_bf16=1.000032485419524; perplexity_static=1.0000144425426307; perplexity_method=1.0000363036594213
05_m11b_granite,Granite,m11b_top10,static_1pct,6,opencompass_AIME2025_I_6,AIME-2025,,3.24848918841214e-05,1.4442438338146957e-05,3.147055488086914e-05,-1.8042876893220594e-05,True,,,512,10000,perplexity_bf16=1.000032485419524; perplexity_static=1.0000144425426307; perplexity_method=1.000031471050084
05_m11b_granite,Granite,m11b_top5,static_1pct,6,opencompass_AIME2025_I_6,AIME-2025,,3.24848918841214e-05,1.4442438338146957e-05,1.920215917163015e-05,-1.8042876893220594e-05,True,,,512,10000,perplexity_bf16=1.000032485419524; perplexity_static=1.0000144425426307; perplexity_method=1.0000192023435344
05_m11b_granite,Granite,static_top10,static_1pct,6,opencompass_AIME2025_I_6,AIME-2025,,3.24848918841214e-05,1.4442438338146957e-05,2.3796004705853302e-05,-1.8042876893220594e-05,True,,,512,10000,perplexity_bf16=1.000032485419524; perplexity_static=1.0000144425426307; perplexity_method=1.0000237962878331
05_m11b_granite,Granite,m11b_top1,static_1pct,7,opencompass_AIME2025_I_7,AIME-2025,,0.0009341512697222942,0.011591499201476396,0.09113856108304952,0.010724353235221251,False,-7.810432446168553,0.0,512,10000,perplexity_bf16=1.000934587724914; perplexity_static=1.0116589409601353; perplexity_method=1.09542077743268
05_m11b_granite,Granite,m11b_top10,static_1pct,7,opencompass_AIME2025_I_7,AIME-2025,,0.0009341512697222942,0.011591499201476396,0.019272462401974444,0.010724353235221251,False,-0.7273570722179588,0.0,512,10000,perplexity_bf16=1.000934587724914; perplexity_static=1.0116589409601353; perplexity_method=1.019459375130737
05_m11b_granite,Granite,m11b_top5,static_1pct,7,opencompass_AIME2025_I_7,AIME-2025,,0.0009341512697222942,0.011591499201476396,0.035455645944187486,0.010724353235221251,False,-2.2782493959434995,0.0,512,10000,perplexity_bf16=1.000934587724914; perplexity_static=1.0116589409601353; perplexity_method=1.0360916922401628
05_m11b_granite,Granite,static_top10,static_1pct,7,opencompass_AIME2025_I_7,AIME-2025,,0.0009341512697222942,0.011591499201476396,0.015057208200130345,0.010724353235221251,False,-0.32749742861470765,0.0,512,10000,perplexity_bf16=1.000934587724914; perplexity_static=1.0116589409601353; perplexity_method=1.015171139068226
05_m11b_granite,Granite,m11b_top1,static_1pct,8,opencompass_AIME2025_I_8,AIME-2025,,0.0751182941668036,0.21070662349732472,0.20656747236297673,0.15653844809851214,False,0.03257620497158642,0.03257620497158642,512,10000,perplexity_bf16=1.0780116658341599; perplexity_static=1.234550113932672; perplexity_method=1.2294506853614808
05_m11b_granite,Granite,m11b_top10,static_1pct,8,opencompass_AIME2025_I_8,AIME-2025,,0.0751182941668036,0.21070662349732472,0.1797075155621144,0.15653844809851214,False,0.24072595270878616,0.24072595270878616,512,10000,perplexity_bf16=1.0780116658341599; perplexity_static=1.234550113932672; perplexity_method=1.1968672468786028
05_m11b_granite,Granite,m11b_top5,static_1pct,8,opencompass_AIME2025_I_8,AIME-2025,,0.0751182941668036,0.21070662349732472,0.19531906958601547,0.15653844809851214,False,0.12042598498579371,0.12042598498579371,512,10000,perplexity_bf16=1.0780116658341599; perplexity_static=1.234550113932672; perplexity_method=1.2156988171322611
05_m11b_granite,Granite,static_top10,static_1pct,8,opencompass_AIME2025_I_8,AIME-2025,,0.0751182941668036,0.21070662349732472,0.18189753496105054,0.15653844809851214,False,0.2239630755035379,0.2239630755035379,512,10000,perplexity_bf16=1.0780116658341599; perplexity_static=1.234550113932672; perplexity_method=1.1994912816619783
05_m11b_granite,Granite,m11b_top1,static_1pct,9,opencompass_AIME2025_I_9,AIME-2025,,0.00010308439202888486,0.0008578192632036075,0.0003103878180128472,0.0007550975899679457,False,0.7254046488249863,0.7254046488249863,512,10000,perplexity_bf16=1.0001030897054073; perplexity_static=1.0008581872953752; perplexity_method=1.000310435993296
05_m11b_granite,Granite,m11b_top10,static_1pct,9,opencompass_AIME2025_I_9,AIME-2025,,0.00010308439202888486,0.0008578192632036075,0.00048437916094787314,0.0007550975899679457,False,0.49489073844630693,0.49489073844630693,512,10000,perplexity_bf16=1.0001030897054073; perplexity_static=1.0008581872953752; perplexity_method=1.000484496491477
05_m11b_granite,Granite,m11b_top5,static_1pct,9,opencompass_AIME2025_I_9,AIME-2025,,0.00010308439202888486,0.0008578192632036075,0.0003265108572931552,0.0007550975899679457,False,0.7040455891702454,0.7040455891702454,512,10000,perplexity_bf16=1.0001030897054073; perplexity_static=1.0008581872953752; perplexity_method=1.0003265641677652
05_m11b_granite,Granite,static_top10,static_1pct,9,opencompass_AIME2025_I_9,AIME-2025,,0.00010308439202888486,0.0008578192632036075,0.0004229611557815538,0.0007550975899679457,False,0.5762654850086053,0.5762654850086053,512,10000,perplexity_bf16=1.0001030897054073; perplexity_static=1.0008581872953752; perplexity_method=1.0004230506164635
05_m11b_granite,Granite,m11b_top1,static_1pct,10,opencompass_AIME2025_I_10,AIME-2025,,0.020703398236064152,0.14321868602370302,0.1294591014524327,0.13306293354753373,False,0.11851215171465768,0.11851215171465768,512,10000,perplexity_bf16=1.0209192002909848; perplexity_static=1.1539821338385186; perplexity_method=1.1382125592703358
05_m11b_granite,Granite,m11b_top10,static_1pct,10,opencompass_AIME2025_I_10,AIME-2025,,0.020703398236064152,0.14321868602370302,0.09884632984759874,0.13306293354753373,False,0.3764044722712442,0.3764044722712442,512,10000,perplexity_bf16=1.0209192002909848; perplexity_static=1.1539821338385186; perplexity_method=1.1038966505576955
05_m11b_granite,Granite,m11b_top5,static_1pct,10,opencompass_AIME2025_I_10,AIME-2025,,0.020703398236064152,0.14321868602370302,0.1205333717563924,0.13306293354753373,False,0.19452259307894781,0.19452259307894781,512,10000,perplexity_bf16=1.0209192002909848; perplexity_static=1.1539821338385186; perplexity_method=1.1280983869621606
05_m11b_granite,Granite,static_top10,static_1pct,10,opencompass_AIME2025_I_10,AIME-2025,,0.020703398236064152,0.14321868602370302,0.10955157994751767,0.13306293354753373,False,0.28711611579503327,0.28711611579503327,512,10000,perplexity_bf16=1.0209192002909848; perplexity_static=1.1539821338385186; perplexity_method=1.115777621202058
05_m11b_granite,Granite,m11b_top1,static_1pct,11,opencompass_AIME2025_I_11,AIME-2025,,0.0013811333269134751,0.000189867078984704,0.0010130693965242077,-0.0011922024259112263,True,,,512,10000,perplexity_bf16=1.0013820875307906; perplexity_static=1.0001898851048794; perplexity_method=1.0010135827246562
05_m11b_granite,Granite,m11b_top10,static_1pct,11,opencompass_AIME2025_I_11,AIME-2025,,0.0013811333269134751,0.000189867078984704,0.00041700434936575714,-0.0011922024259112263,True,,,512,10000,perplexity_bf16=1.0013820875307906; perplexity_static=1.0001898851048794; perplexity_method=1.0004170913077663
05_m11b_granite,Granite,m11b_top5,static_1pct,11,opencompass_AIME2025_I_11,AIME-2025,,0.0013811333269134751,0.000189867078984704,0.0005775301107231318,-0.0011922024259112263,True,,,512,10000,perplexity_bf16=1.0013820875307906; perplexity_static=1.0001898851048794; perplexity_method=1.000577696913347
05_m11b_granite,Granite,static_top10,static_1pct,11,opencompass_AIME2025_I_11,AIME-2025,,0.0013811333269134751,0.000189867078984704,0.0002521223530744243,-0.0011922024259112263,True,,,512,10000,perplexity_bf16=1.0013820875307906; perplexity_static=1.0001898851048794; perplexity_method=1.000252154138586
06_m11b_nemotron,Nemotron,m11b_top1,static_1pct,0,opencompass_AIME2025_I_0,AIME-2025,,0.00011336160969221964,0.0010138852532008968,0.00074888294483344,0.000901031373242267,False,0.29436930699994734,0.29436930699994734,512,10000,perplexity_bf16=1.0001133680353622; perplexity_static=1.0010143994086045; perplexity_method=1.000749163427678
06_m11b_nemotron,Nemotron,m11b_top10,static_1pct,0,opencompass_AIME2025_I_0,AIME-2025,,0.00011336160969221964,0.0010138852532008968,0.0007848335649214278,0.000901031373242267,False,0.2544392881776635,0.2544392881776635,512,10000,perplexity_bf16=1.0001133680353622; perplexity_static=1.0010143994086045; perplexity_method=1.000785141627371
06_m11b_nemotron,Nemotron,m11b_top5,static_1pct,0,opencompass_AIME2025_I_0,AIME-2025,,0.00011336160969221964,0.0010138852532008968,0.00039083130025119317,0.000901031373242267,False,0.6919755985924562,0.6919755985924562,512,10000,perplexity_bf16=1.0001133680353622; perplexity_static=1.0010143994086045; perplexity_method=1.0003909076847546
06_m11b_nemotron,Nemotron,static_top10,static_1pct,0,opencompass_AIME2025_I_0,AIME-2025,,0.00011336160969221964,0.0010138852532008968,0.00028050154554648543,0.000901031373242267,False,0.8144650015682393,0.8144650015682393,512,10000,perplexity_bf16=1.0001133680353622; perplexity_static=1.0010143994086045; perplexity_method=1.0002805408897837
06_m11b_nemotron,Nemotron,m11b_top1,static_1pct,1,opencompass_AIME2025_I_1,AIME-2025,,0.00039569655200466514,0.000782007183602218,0.00033109130191633085,0.00038653818072731383,False,1.1671988298794922,1.0,512,10000,perplexity_bf16=1.0003957748502124; perplexity_static=1.0007823130309397; perplexity_method=1.000331146118691
06_m11b_nemotron,Nemotron,m11b_top10,static_1pct,1,opencompass_AIME2025_I_1,AIME-2025,,0.00039569655200466514,0.000782007183602218,0.0002930127365630142,0.00038653818072731383,False,1.2657413584115296,1.0,512,10000,perplexity_bf16=1.0003957748502124; perplexity_static=1.0007823130309397; perplexity_method=1.000293055668988
06_m11b_nemotron,Nemotron,m11b_top5,static_1pct,1,opencompass_AIME2025_I_1,AIME-2025,,0.00039569655200466514,0.000782007183602218,0.00038851611213885917,0.00038653818072731383,False,1.0185835611383882,1.0,512,10000,perplexity_bf16=1.0003957748502124; perplexity_static=1.0007823130309397; perplexity_method=1.0003885915942985
06_m11b_nemotron,Nemotron,static_top10,static_1pct,1,opencompass_AIME2025_I_1,AIME-2025,,0.00039569655200466514,0.000782007183602218,0.0003860831870383663,0.00038653818072731383,False,1.0248801384890702,1.0,512,10000,perplexity_bf16=1.0003957748502124; perplexity_static=1.0007823130309397; perplexity_method=1.0003861577267446
06_m11b_nemotron,Nemotron,m11b_top1,static_1pct,2,opencompass_AIME2025_I_2,AIME-2025,,0.4510153484025068,2.5720502401527483,2.4800987307098694,11.522734621157499,False,0.09981975554045164,0.09981975554045164,512,10000,perplexity_bf16=1.56990537744792; perplexity_static=13.092639998605419; perplexity_method=11.94244344556398
06_m11b_nemotron,Nemotron,m11b_top10,static_1pct,2,opencompass_AIME2025_I_2,AIME-2025,,0.4510153484025068,2.5720502401527483,1.4738604774611304,11.522734621157499,False,0.7573360464790251,0.7573360464790251,512,10000,perplexity_bf16=1.56990537744792; perplexity_static=13.092639998605419; perplexity_method=4.366057715991012
06_m11b_nemotron,Nemotron,m11b_top5,static_1pct,2,opencompass_AIME2025_I_2,AIME-2025,,0.4510153484025068,2.5720502401527483,2.064092979999259,11.522734621157499,False,0.45253936263550354,0.45253936263550354,512,10000,perplexity_bf16=1.56990537744792; perplexity_static=13.092639998605419; perplexity_method=7.878149017328754
06_m11b_nemotron,Nemotron,static_top10,static_1pct,2,opencompass_AIME2025_I_2,AIME-2025,,0.4510153484025068,2.5720502401527483,1.670807536371285,11.522734621157499,False,0.6748554883752114,0.6748554883752114,512,10000,perplexity_bf16=1.56990537744792; perplexity_static=13.092639998605419; perplexity_method=5.316459298426219
06_m11b_nemotron,Nemotron,m11b_top1,static_1pct,3,opencompass_AIME2025_I_3,AIME-2025,,0.16308939456939697,0.11104943718237337,0.06283869592152769,-0.0596917660039753,True,,,512,10000,perplexity_bf16=1.1771419150797253; perplexity_static=1.11745014907575; perplexity_method=1.0648550599131796
06_m11b_nemotron,Nemotron,m11b_top10,static_1pct,3,opencompass_AIME2025_I_3,AIME-2025,,0.16308939456939697,0.11104943718237337,0.08375296758458717,-0.0596917660039753,True,,,512,10000,perplexity_bf16=1.1771419150797253; perplexity_static=1.11745014907575; perplexity_method=1.0873602473996675
06_m11b_nemotron,Nemotron,m11b_top5,static_1pct,3,opencompass_AIME2025_I_3,AIME-2025,,0.16308939456939697,0.11104943718237337,0.06543505367153557,-0.0596917660039753,True,,,512,10000,perplexity_bf16=1.1771419150797253; perplexity_static=1.11745014907575; perplexity_method=1.0676233968420104
06_m11b_nemotron,Nemotron,static_top10,static_1pct,3,opencompass_AIME2025_I_3,AIME-2025,,0.16308939456939697,0.11104943718237337,0.06032048636552645,-0.0596917660039753,True,,,512,10000,perplexity_bf16=1.1771419150797253; perplexity_static=1.11745014907575; perplexity_method=1.0621769052181889
06_m11b_nemotron,Nemotron,m11b_top1,static_1pct,4,opencompass_AIME2025_I_4,AIME-2025,,8.451581379631534e-05,5.652894876106984e-05,0.00011084262587246485,-2.7988838805947935e-05,True,,,512,10000,perplexity_bf16=1.0000845193853583; perplexity_static=1.0000565305465523; perplexity_method=1.0001108487691432
06_m11b_nemotron,Nemotron,m11b_top10,static_1pct,4,opencompass_AIME2025_I_4,AIME-2025,,8.451581379631534e-05,5.652894876106984e-05,0.0002514669833146854,-2.7988838805947935e-05,True,,,512,10000,perplexity_bf16=1.0000845193853583; perplexity_static=1.0000565305465523; perplexity_method=1.000251498603787
06_m11b_nemotron,Nemotron,m11b_top5,static_1pct,4,opencompass_AIME2025_I_4,AIME-2025,,8.451581379631534e-05,5.652894876106984e-05,0.0002845215154820835,-2.7988838805947935e-05,True,,,512,10000,perplexity_bf16=1.0000845193853583; perplexity_static=1.0000565305465523; perplexity_method=1.0002845619955676
06_m11b_nemotron,Nemotron,static_top10,static_1pct,4,opencompass_AIME2025_I_4,AIME-2025,,8.451581379631534e-05,5.652894876106984e-05,0.0007331559938847931,-2.7988838805947935e-05,True,,,512,10000,perplexity_bf16=1.0000845193853583; perplexity_static=1.0000565305465523; perplexity_method=1.0007334248184332
06_m11b_nemotron,Nemotron,m11b_top1,static_1pct,5,opencompass_AIME2025_I_5,AIME-2025,,0.4094743040332105,1.6809864028473385,2.005408760625869,3.8648253167323223,False,-0.5325671049426282,0.0,512,10000,perplexity_bf16=1.5060258652533087; perplexity_static=5.370851181985631; perplexity_method=7.42913001202674
06_m11b_nemotron,Nemotron,m11b_top10,static_1pct,5,opencompass_AIME2025_I_5,AIME-2025,,0.4094743040332105,1.6809864028473385,0.6248804861970711,3.8648253167323223,False,0.9063355275658721,0.9063355275658721,512,10000,perplexity_bf16=1.5060258652533087; perplexity_static=5.370851181985631; perplexity_method=1.868022689595103
06_m11b_nemotron,Nemotron,m11b_top5,static_1pct,5,opencompass_AIME2025_I_5,AIME-2025,,0.4094743040332105,1.6809864028473385,0.6419834513799287,3.8648253167323223,False,0.8979978932339456,0.8979978932339456,512,10000,perplexity_bf16=1.5060258652533087; perplexity_static=5.370851181985631; perplexity_method=1.9002461898427891
06_m11b_nemotron,Nemotron,static_top10,static_1pct,5,opencompass_AIME2025_I_5,AIME-2025,,0.4094743040332105,1.6809864028473385,0.7243915321887471,3.8648253167323223,False,0.8557633919378177,0.8557633919378177,512,10000,perplexity_bf16=1.5060258652533087; perplexity_static=5.370851181985631; perplexity_method=2.0634751596916283
06_m11b_nemotron,Nemotron,m11b_top1,static_1pct,6,opencompass_AIME2025_I_6,AIME-2025,,0.0002134810492862016,0.0011205829721347982,0.0014908679606833175,0.0009077072218326432,False,-0.40846738692671747,0.0,512,10000,perplexity_bf16=1.0002135038379871; perplexity_static=1.0011212110598198; perplexity_method=1.0014919798568163
06_m11b_nemotron,Nemotron,m11b_top10,static_1pct,6,opencompass_AIME2025_I_6,AIME-2025,,0.0002134810492862016,0.0011205829721347982,0.0012773487567301345,0.0009077072218326432,False,-0.17291242211953595,0.0,512,10000,perplexity_bf16=1.0002135038379871; perplexity_static=1.0011212110598198; perplexity_method=1.0012781649141222
06_m11b_nemotron,Nemotron,m11b_top5,static_1pct,6,opencompass_AIME2025_I_6,AIME-2025,,0.0002134810492862016,0.0011205829721347982,0.0007025719818898324,0.0009077072218326432,False,0.46093300390525227,0.46093300390525227,512,10000,perplexity_bf16=1.0002135038379871; perplexity_static=1.0011212110598198; perplexity_method=1.000702818843394
06_m11b_nemotron,Nemotron,static_top10,static_1pct,6,opencompass_AIME2025_I_6,AIME-2025,,0.0002134810492862016,0.0011205829721347982,0.0009606532971702109,0.0009077072218326432,False,0.17637425772035997,0.17637425772035997,512,10000,perplexity_bf16=1.0002135038379871; perplexity_static=1.0011212110598198; perplexity_method=1.0009611148723416
06_m11b_nemotron,Nemotron,m11b_top1,static_1pct,7,opencompass_AIME2025_I_7,AIME-2025,,0.002537485444918275,0.015444909387952066,0.02447195173954242,0.01302409084494327,False,-0.7070780800819352,0.0,512,10000,perplexity_bf16=1.002540707585912; perplexity_static=1.0155647984308553; perplexity_method=1.0247738475803105
06_m11b_nemotron,Nemotron,m11b_top10,static_1pct,7,opencompass_AIME2025_I_7,AIME-2025,,0.002537485444918275,0.015444909387952066,0.004197101422960259,0.01302409084494327,False,0.8721435513278354,0.8721435513278354,512,10000,perplexity_bf16=1.002540707585912; perplexity_static=1.0155647984308553; perplexity_method=1.0042059215885302
06_m11b_nemotron,Nemotron,m11b_top5,static_1pct,7,opencompass_AIME2025_I_7,AIME-2025,,0.002537485444918275,0.015444909387952066,0.0056494495111110155,0.01302409084494327,False,0.7600807460306077,0.7600807460306077,512,10000,perplexity_bf16=1.002540707585912; perplexity_static=1.0155647984308553; perplexity_method=1.0056654377450605
06_m11b_nemotron,Nemotron,static_top10,static_1pct,7,opencompass_AIME2025_I_7,AIME-2025,,0.002537485444918275,0.015444909387952066,0.009225030791640165,0.01302409084494327,False,0.4834952375404383,0.4834952375404383,512,10000,perplexity_bf16=1.002540707585912; perplexity_static=1.0155647984308553; perplexity_method=1.0092677125340312
06_m11b_nemotron,Nemotron,m11b_top1,static_1pct,8,opencompass_AIME2025_I_8,AIME-2025,,0.3042956286735716,1.3536766577744856,1.686244275944773,2.515964296511547,False,-0.607135299698778,0.0,512,10000,perplexity_bf16=1.3556697717116517; perplexity_static=3.871634068223199; perplexity_method=5.399164805417162
06_m11b_nemotron,Nemotron,m11b_top10,static_1pct,8,opencompass_AIME2025_I_8,AIME-2025,,0.3042956286735716,1.3536766577744856,0.4894661303551402,2.515964296511547,False,0.8903898449104262,0.8903898449104262,512,10000,perplexity_bf16=1.3556697717116517; perplexity_static=3.871634068223199; perplexity_method=1.6314450084521128
06_m11b_nemotron,Nemotron,m11b_top5,static_1pct,8,opencompass_AIME2025_I_8,AIME-2025,,0.3042956286735716,1.3536766577744856,1.1616185326420236,2.515964296511547,False,0.2688963438017088,0.2688963438017088,512,10000,perplexity_bf16=1.3556697717116517; perplexity_static=3.871634068223199; perplexity_method=3.1951004677556054
06_m11b_nemotron,Nemotron,static_top10,static_1pct,8,opencompass_AIME2025_I_8,AIME-2025,,0.3042956286735716,1.3536766577744856,1.1233361549093388,2.515964296511547,False,0.3165935076461148,0.3165935076461148,512,10000,perplexity_bf16=1.3556697717116517; perplexity_static=3.871634068223199; perplexity_method=3.0750961064782185
06_m11b_nemotron,Nemotron,m11b_top1,static_1pct,9,opencompass_AIME2025_I_9,AIME-2025,,0.0003904534096363932,0.0006936185825452412,0.0006839232318043287,0.0003033295450503015,False,0.03198511676483584,0.03198511676483584,512,10000,perplexity_bf16=1.000390529646491; perplexity_static=1.0006938591915413; perplexity_method=1.0006841571606246
06_m11b_nemotron,Nemotron,m11b_top10,static_1pct,9,opencompass_AIME2025_I_9,AIME-2025,,0.0003904534096363932,0.0006936185825452412,0.0005766657992580804,0.0003033295450503015,False,0.38580840707786923,0.38580840707786923,512,10000,perplexity_bf16=1.000390529646491; perplexity_static=1.0006938591915413; perplexity_method=1.0005768321029458
06_m11b_nemotron,Nemotron,m11b_top5,static_1pct,9,opencompass_AIME2025_I_9,AIME-2025,,0.0003904534096363932,0.0006936185825452412,0.0007013445562051857,0.0003033295450503015,False,-0.025488332376674805,0.0,512,10000,perplexity_bf16=1.000390529646491; perplexity_static=1.0006938591915413; perplexity_method=1.0007015905558052
06_m11b_nemotron,Nemotron,static_top10,static_1pct,9,opencompass_AIME2025_I_9,AIME-2025,,0.0003904534096363932,0.0006936185825452412,0.0007737971435517466,0.0003033295450503015,False,-0.2645222384841701,0.0,512,10000,perplexity_bf16=1.000390529646491; perplexity_static=1.0006938591915413; perplexity_method=1.0007740966017964
06_m11b_nemotron,Nemotron,m11b_top1,static_1pct,10,opencompass_AIME2025_I_10,AIME-2025,,0.3626428705028957,1.2728710511582904,1.4060526912217028,2.1339681134840838,False,-0.23839560957508987,0.0,512,10000,perplexity_bf16=1.4371225287379676; perplexity_static=3.5710906422220514; perplexity_method=4.079819271449894
06_m11b_nemotron,Nemotron,m11b_top10,static_1pct,10,opencompass_AIME2025_I_10,AIME-2025,,0.3626428705028957,1.2728710511582904,0.4277222026139498,2.1339681134840838,False,0.9547146848501968,0.9547146848501968,512,10000,perplexity_bf16=1.4371225287379676; perplexity_static=3.5710906422220514; perplexity_method=1.5337599472767254
06_m11b_nemotron,Nemotron,m11b_top5,static_1pct,10,opencompass_AIME2025_I_10,AIME-2025,,0.3626428705028957,1.2728710511582904,0.9815839029906783,2.1339681134840838,False,0.4228792409734431,0.4228792409734431,512,10000,perplexity_bf16=1.4371225287379676; perplexity_static=3.5710906422220514; perplexity_method=2.6686798261303717
06_m11b_nemotron,Nemotron,static_top10,static_1pct,10,opencompass_AIME2025_I_10,AIME-2025,,0.3626428705028957,1.2728710511582904,0.7356064314662945,2.1339681134840838,False,0.6955790739702656,0.6955790739702656,512,10000,perplexity_bf16=1.4371225287379676; perplexity_static=3.5710906422220514; perplexity_method=2.0867470779627175
06_m11b_nemotron,Nemotron,m11b_top1,static_1pct,11,opencompass_AIME2025_I_11,AIME-2025,,0.00018869050836656243,0.000800170417960544,0.0007353447052196316,0.0006117823281739376,False,0.10604343948230965,0.10604343948230965,512,10000,perplexity_bf16=1.0001887083115404; perplexity_static=1.0008004906397143; perplexity_method=1.0007356151374203
06_m11b_nemotron,Nemotron,m11b_top10,static_1pct,11,opencompass_AIME2025_I_11,AIME-2025,,0.00018869050836656243,0.000800170417960544,0.0007623504574212348,0.0006117823281739376,False,0.06186762445127969,0.06186762445127969,512,10000,perplexity_bf16=1.0001887083115404; perplexity_static=1.0008004906397143; perplexity_method=1.000762641120389
06_m11b_nemotron,Nemotron,m11b_top5,static_1pct,11,opencompass_AIME2025_I_11,AIME-2025,,0.00018869050836656243,0.000800170417960544,0.0005824617304597268,0.0006117823281739376,False,0.3561058164786124,0.3561058164786124,512,10000,perplexity_bf16=1.0001887083115404; perplexity_static=1.0008004906397143; perplexity_method=1.0005826313942328
06_m11b_nemotron,Nemotron,static_top10,static_1pct,11,opencompass_AIME2025_I_11,AIME-2025,,0.00018869050836656243,0.000800170417960544,0.00048597025789831605,0.0006117823281739376,False,0.5139119988606341,0.5139119988606341,512,10000,perplexity_bf16=1.0001887083115404; perplexity_static=1.0008004906397143; perplexity_method=1.0004860883605748
07_m11b_deepseek,DeepSeek,m11b_top1,static_1pct,0,opencompass_AIME2025_I_0,AIME-2025,,0.0068859821577071795,0.009913175766370852,0.011127147433078882,0.003052729014340505,False,-0.40187331663281833,0.0,512,10000,perplexity_bf16=1.0069097450451383; perplexity_static=1.0099624740594788; perplexity_method=1.011189284393253
07_m11b_deepseek,DeepSeek,m11b_top10,static_1pct,0,opencompass_AIME2025_I_0,AIME-2025,,0.0068859821577071795,0.009913175766370852,0.012029104439884239,0.003052729014340505,False,-0.7007733153813511,0.0,512,10000,perplexity_bf16=1.0069097450451383; perplexity_static=1.0099624740594788; perplexity_method=1.012101745091819
07_m11b_deepseek,DeepSeek,m11b_top5,static_1pct,0,opencompass_AIME2025_I_0,AIME-2025,,0.0068859821577071795,0.009913175766370852,0.012009401883279563,0.003052729014340505,False,-0.6942411943231641,0.0,512,10000,perplexity_bf16=1.0069097450451383; perplexity_static=1.0099624740594788; perplexity_method=1.0120818042963395
07_m11b_deepseek,DeepSeek,static_top10,static_1pct,0,opencompass_AIME2025_I_0,AIME-2025,,0.0068859821577071795,0.009913175766370852,0.01336039976981597,0.003052729014340505,False,-1.1424448873886348,0.0,512,10000,perplexity_bf16=1.0069097450451383; perplexity_static=1.0099624740594788; perplexity_method=1.013450048714495
07_m11b_deepseek,DeepSeek,m11b_top1,static_1pct,1,opencompass_AIME2025_I_1,AIME-2025,,0.001471357250347305,0.0008247978826223523,0.0009456347298730794,-0.0006473021055775074,True,,,512,10000,perplexity_bf16=1.00147244022751; perplexity_static=1.0008251381219324; perplexity_method=1.0009460819833627
07_m11b_deepseek,DeepSeek,m11b_top10,static_1pct,1,opencompass_AIME2025_I_1,AIME-2025,,0.001471357250347305,0.0008247978826223523,0.0009358757027029263,-0.0006473021055775074,True,,,512,10000,perplexity_bf16=1.00147244022751; perplexity_static=1.0008251381219324; perplexity_method=1.000936313771017
07_m11b_deepseek,DeepSeek,m11b_top5,static_1pct,1,opencompass_AIME2025_I_1,AIME-2025,,0.001471357250347305,0.0008247978826223523,0.0008604231987456856,-0.0006473021055775074,True,,,512,10000,perplexity_bf16=1.00147244022751; perplexity_static=1.0008251381219324; perplexity_method=1.0008607934689748
07_m11b_deepseek,DeepSeek,static_top10,static_1pct,1,opencompass_AIME2025_I_1,AIME-2025,,0.001471357250347305,0.0008247978826223523,0.0008637108865623411,-0.0006473021055775074,True,,,512,10000,perplexity_bf16=1.00147244022751; perplexity_static=1.0008251381219324; perplexity_method=1.000864083992221
07_m11b_deepseek,DeepSeek,m11b_top1,static_1pct,2,opencompass_AIME2025_I_2,AIME-2025,,0.0034212655805738734,0.01934067187551136,0.009752561408625127,0.016101789499869623,False,0.6041963024062332,0.6041963024062332,512,10000,perplexity_bf16=1.003427124789725; perplexity_static=1.0195289142895947; perplexity_method=1.00980027261165
07_m11b_deepseek,DeepSeek,m11b_top10,static_1pct,2,opencompass_AIME2025_I_2,AIME-2025,,0.0034212655805738734,0.01934067187551136,0.011259476919555311,0.016101789499869623,False,0.5096210507390277,0.5096210507390277,512,10000,perplexity_bf16=1.003427124789725; perplexity_static=1.0195289142895947; perplexity_method=1.0113231034058925
07_m11b_deepseek,DeepSeek,m11b_top5,static_1pct,2,opencompass_AIME2025_I_2,AIME-2025,,0.0034212655805738734,0.01934067187551136,0.013501455824396658,0.016101789499869623,False,0.3686486043725524,0.3686486043725524,512,10000,perplexity_bf16=1.003427124789725; perplexity_static=1.0195289142895947; perplexity_method=1.0135930120625671
07_m11b_deepseek,DeepSeek,static_top10,static_1pct,2,opencompass_AIME2025_I_2,AIME-2025,,0.0034212655805738734,0.01934067187551136,0.007766567557318638,0.016101789499869623,False,0.7286214190903342,0.7286214190903342,512,10000,perplexity_bf16=1.003427124789725; perplexity_static=1.0195289142895947; perplexity_method=1.0077968055743058
07_m11b_deepseek,DeepSeek,m11b_top1,static_1pct,3,opencompass_AIME2025_I_3,AIME-2025,,0.18958352534010076,0.24930759528126983,0.2492430120415517,0.07439057845508112,False,0.0011139373862903978,0.0011139373862903978,512,10000,perplexity_bf16=1.2087460807006385; perplexity_static=1.2831366591557196; perplexity_method=1.2830537927091907
07_m11b_deepseek,DeepSeek,m11b_top10,static_1pct,3,opencompass_AIME2025_I_3,AIME-2025,,0.18958352534010076,0.24930759528126983,0.2236684317458273,0.07439057845508112,False,0.43661962406318944,0.43661962406318944,512,10000,perplexity_bf16=1.2087460807006385; perplexity_static=1.2831366591557196; perplexity_method=1.250656272756819
07_m11b_deepseek,DeepSeek,m11b_top5,static_1pct,3,opencompass_AIME2025_I_3,AIME-2025,,0.18958352534010076,0.24930759528126983,0.22272121502481462,0.07439057845508112,False,0.45253671570143794,0.45253671570143794,512,10000,perplexity_bf16=1.2087460807006385; perplexity_static=1.2831366591557196; perplexity_method=1.249472191102527
07_m11b_deepseek,DeepSeek,static_top10,static_1pct,3,opencompass_AIME2025_I_3,AIME-2025,,0.18958352534010076,0.24930759528126983,0.2193788240491223,0.07439057845508112,False,0.5085821604900205,0.5085821604900205,512,10000,perplexity_bf16=1.2087460807006385; perplexity_static=1.2831366591557196; perplexity_method=1.245302938044932
07_m11b_deepseek,DeepSeek,m11b_top1,static_1pct,4,opencompass_AIME2025_I_4,AIME-2025,,0.00017705887418828503,0.0005030830698757871,0.00039451029077308686,0.0003261350873511315,False,0.33305682647347656,0.33305682647347656,512,10000,perplexity_bf16=1.000177074550036; perplexity_static=1.0005032096373871; perplexity_method=1.0003945881201923
07_m11b_deepseek,DeepSeek,m11b_top10,static_1pct,4,opencompass_AIME2025_I_4,AIME-2025,,0.00017705887418828503,0.0005030830698757871,0.001022197769209754,0.0003261350873511315,False,-1.5929311937606054,0.0,512,10000,perplexity_bf16=1.000177074550036; perplexity_static=1.0005032096373871; perplexity_method=1.0010227203914086
07_m11b_deepseek,DeepSeek,m11b_top5,static_1pct,4,opencompass_AIME2025_I_4,AIME-2025,,0.00017705887418828503,0.0005030830698757871,0.0009105402641940152,0.0003261350873511315,False,-1.250234366846517,0.0,512,10000,perplexity_bf16=1.000177074550036; perplexity_static=1.0005032096373871; perplexity_method=1.000910954931828
07_m11b_deepseek,DeepSeek,static_top10,static_1pct,4,opencompass_AIME2025_I_4,AIME-2025,,0.00017705887418828503,0.0005030830698757871,0.0010875194440522762,0.0003261350873511315,False,-1.793432822921977,0.0,512,10000,perplexity_bf16=1.000177074550036; perplexity_static=1.0005032096373871; perplexity_method=1.0010881110077492
07_m11b_deepseek,DeepSeek,m11b_top1,static_1pct,5,opencompass_AIME2025_I_5,AIME-2025,,0.0004029838309527467,0.0024913826445527865,0.0032796715232787377,0.002091423677384796,False,-0.37800414213708944,0.0,512,10000,perplexity_bf16=1.000403065039845; perplexity_static=1.0024944887172298; perplexity_method=1.0032850555302448
07_m11b_deepseek,DeepSeek,m11b_top10,static_1pct,5,opencompass_AIME2025_I_5,AIME-2025,,0.0004029838309527467,0.0024913826445527865,0.0009868293730131983,0.002091423677384796,False,0.7206441641648985,0.7206441641648985,512,10000,perplexity_bf16=1.000403065039845; perplexity_static=1.0024944887172298; perplexity_method=1.0009873164493261
07_m11b_deepseek,DeepSeek,m11b_top5,static_1pct,5,opencompass_AIME2025_I_5,AIME-2025,,0.0004029838309527467,0.0024913826445527865,0.001309739708570179,0.002091423677384796,False,0.5660693898745284,0.5660693898745284,512,10000,perplexity_bf16=1.000403065039845; perplexity_static=1.0024944887172298; perplexity_method=1.0013105977922034
07_m11b_deepseek,DeepSeek,static_top10,static_1pct,5,opencompass_AIME2025_I_5,AIME-2025,,0.0004029838309527467,0.0024913826445527865,0.0014742879786667773,0.002091423677384796,False,0.4872821575069517,0.4872821575069517,512,10000,perplexity_bf16=1.000403065039845; perplexity_static=1.0024944887172298; perplexity_method=1.0014753752754526
07_m11b_deepseek,DeepSeek,m11b_top1,static_1pct,6,opencompass_AIME2025_I_6,AIME-2025,,0.0056167178009764035,0.0069364109458056045,0.007730553127431705,0.001328002429473063,False,-0.6023990762971612,0.0,512,10000,perplexity_bf16=1.0056325211341712; perplexity_static=1.0069605235636443; perplexity_method=1.0077605110004793
07_m11b_deepseek,DeepSeek,m11b_top10,static_1pct,6,opencompass_AIME2025_I_6,AIME-2025,,0.0056167178009764035,0.0069364109458056045,0.0074757892795754705,0.001328002429473063,False,-0.40909502923795116,0.0,512,10000,perplexity_bf16=1.0056325211341712; perplexity_static=1.0069605235636443; perplexity_method=1.0075038027563576
07_m11b_deepseek,DeepSeek,m11b_top5,static_1pct,6,opencompass_AIME2025_I_6,AIME-2025,,0.0056167178009764035,0.0069364109458056045,0.008357850966521155,0.001328002429473063,False,-1.078576149834236,0.0,512,10000,perplexity_bf16=1.0056325211341712; perplexity_static=1.0069605235636443; perplexity_method=1.0083928753109959
07_m11b_deepseek,DeepSeek,static_top10,static_1pct,6,opencompass_AIME2025_I_6,AIME-2025,,0.0056167178009764035,0.0069364109458056045,0.005832793046911755,0.001328002429473063,False,0.8363589049721233,0.8363589049721233,512,10000,perplexity_bf16=1.0056325211341712; perplexity_static=1.0069605235636443; perplexity_method=1.0058498369059299
07_m11b_deepseek,DeepSeek,m11b_top1,static_1pct,7,opencompass_AIME2025_I_7,AIME-2025,,0.0021103488284735794,0.0063783493927503515,0.006742416611241531,0.0042861571992298675,False,-0.08549931220660567,0.0,512,10000,perplexity_bf16=1.0021125771818211; perplexity_static=1.006398734381051; perplexity_method=1.0067651978735945
07_m11b_deepseek,DeepSeek,m11b_top10,static_1pct,7,opencompass_AIME2025_I_7,AIME-2025,,0.0021103488284735794,0.0063783493927503515,0.0042731861449385455,0.0042861571992298675,False,0.4937768399763942,0.4937768399763942,512,10000,perplexity_bf16=1.0021125771818211; perplexity_static=1.006398734381051; perplexity_method=1.0042823292235732
07_m11b_deepseek,DeepSeek,m11b_top5,static_1pct,7,opencompass_AIME2025_I_7,AIME-2025,,0.0021103488284735794,0.0063783493927503515,0.006430067607658074,0.0042861571992298675,False,-0.012143859773632304,0.0,512,10000,perplexity_bf16=1.0021125771818211; perplexity_static=1.006398734381051; perplexity_method=1.0064507848730462
07_m11b_deepseek,DeepSeek,static_top10,static_1pct,7,opencompass_AIME2025_I_7,AIME-2025,,0.0021103488284735794,0.0063783493927503515,0.00408238455996579,0.0042861571992298675,False,0.5384789756798898,0.5384789756798898,512,10000,perplexity_bf16=1.0021125771818211; perplexity_static=1.006398734381051; perplexity_method=1.0040907288428067
07_m11b_deepseek,DeepSeek,m11b_top1,static_1pct,8,opencompass_AIME2025_I_8,AIME-2025,,0.11780112134129615,0.2001414910822794,0.19864603552740484,0.0965552414054549,False,0.018905723757300597,0.018905723757300597,512,10000,perplexity_bf16=1.1250203465795172; perplexity_static=1.2215755879849721; perplexity_method=1.2197501412636411
07_m11b_deepseek,DeepSeek,m11b_top10,static_1pct,8,opencompass_AIME2025_I_8,AIME-2025,,0.11780112134129615,0.2001414910822794,0.17327406772073628,0.0965552414054549,False,0.3353894408225412,0.3353894408225412,512,10000,perplexity_bf16=1.1250203465795172; perplexity_static=1.2215755879849721; perplexity_method=1.1891919795615111
07_m11b_deepseek,DeepSeek,m11b_top5,static_1pct,8,opencompass_AIME2025_I_8,AIME-2025,,0.11780112134129615,0.2001414910822794,0.17442428560891654,0.0965552414054549,False,0.32121499704977186,0.32121499704977186,512,10000,perplexity_bf16=1.1250203465795172; perplexity_static=1.2215755879849721; perplexity_method=1.190560596401779
07_m11b_deepseek,DeepSeek,static_top10,static_1pct,8,opencompass_AIME2025_I_8,AIME-2025,,0.11780112134129615,0.2001414910822794,0.1699099743912747,0.0965552414054549,False,0.376752614594403,0.376752614594403,512,10000,perplexity_bf16=1.1250203465795172; perplexity_static=1.2215755879849721; perplexity_method=1.1851981483326732
07_m11b_deepseek,DeepSeek,m11b_top1,static_1pct,9,opencompass_AIME2025_I_9,AIME-2025,,0.006630026921578894,0.012215425120701826,0.011117400390643684,0.0056382839432163046,False,0.1970297738877651,0.1970297738877651,512,10000,perplexity_bf16=1.0066520542036523; perplexity_static=1.0122903381468686; perplexity_method=1.0111794283364217
07_m11b_deepseek,DeepSeek,m11b_top10,static_1pct,9,opencompass_AIME2025_I_9,AIME-2025,,0.006630026921578894,0.012215425120701826,0.01330068295310366,0.0056382839432163046,False,-0.19495158010585767,0.0,512,10000,perplexity_bf16=1.0066520542036523; perplexity_static=1.0122903381468686; perplexity_method=1.0133895305106841
07_m11b_deepseek,DeepSeek,m11b_top5,static_1pct,9,opencompass_AIME2025_I_9,AIME-2025,,0.006630026921578894,0.012215425120701826,0.014636132994738774,0.0056382839432163046,False,-0.4351372748629745,0.0,512,10000,perplexity_bf16=1.0066520542036523; perplexity_static=1.0122903381468686; perplexity_method=1.0147437656568234
07_m11b_deepseek,DeepSeek,static_top10,static_1pct,9,opencompass_AIME2025_I_9,AIME-2025,,0.006630026921578894,0.012215425120701826,0.015844563392930097,0.0056382839432163046,False,-0.6527546281028918,0.0,512,10000,perplexity_bf16=1.0066520542036523; perplexity_static=1.0122903381468686; perplexity_method=1.0159707540853613
07_m11b_deepseek,DeepSeek,m11b_top1,static_1pct,10,opencompass_AIME2025_I_10,AIME-2025,,3.198892229860917e-05,7.624283658813624e-05,5.919964898737362e-05,4.4256309197576726e-05,False,0.3851279542952891,0.3851279542952891,512,10000,perplexity_bf16=1.0000319894339496; perplexity_static=1.0000762457431471; perplexity_method=1.0000592014013212
07_m11b_deepseek,DeepSeek,m11b_top10,static_1pct,10,opencompass_AIME2025_I_10,AIME-2025,,3.198892229860917e-05,7.624283658813624e-05,5.7452734928631344e-05,4.4256309197576726e-05,False,0.4246029124254318,0.4246029124254318,512,10000,perplexity_bf16=1.0000319894339496; perplexity_static=1.0000762457431471; perplexity_method=1.0000574543853686
07_m11b_deepseek,DeepSeek,m11b_top5,static_1pct,10,opencompass_AIME2025_I_10,AIME-2025,,3.198892229860917e-05,7.624283658813624e-05,0.00014530463636219793,4.4256309197576726e-05,False,-1.560669014144298,0.0,512,10000,perplexity_bf16=1.0000319894339496; perplexity_static=1.0000762457431471; perplexity_method=1.0001453151935922
07_m11b_deepseek,DeepSeek,static_top10,static_1pct,10,opencompass_AIME2025_I_10,AIME-2025,,3.198892229860917e-05,7.624283658813624e-05,0.00014125940779052826,4.4256309197576726e-05,False,-1.4692513542641361,0.0,512,10000,perplexity_bf16=1.0000319894339496; perplexity_static=1.0000762457431471; perplexity_method=1.0001412693853704
07_m11b_deepseek,DeepSeek,m11b_top1,static_1pct,11,opencompass_AIME2025_I_11,AIME-2025,,0.0008047289095459847,0.006098034025568591,0.006302335067387976,0.0053116120956175905,False,-0.03870231441358429,0.0,512,10000,perplexity_bf16=1.000805052790728; perplexity_static=1.0061166648863455; perplexity_method=1.0063222365677131
07_m11b_deepseek,DeepSeek,m11b_top10,static_1pct,11,opencompass_AIME2025_I_11,AIME-2025,,0.0008047289095459847,0.006098034025568591,0.006585651096055523,0.0053116120956175905,False,-0.09238613130910389,0.0,512,10000,perplexity_bf16=1.000805052790728; perplexity_static=1.0061166648863455; perplexity_method=1.0066073841788743
07_m11b_deepseek,DeepSeek,m11b_top5,static_1pct,11,opencompass_AIME2025_I_11,AIME-2025,,0.0008047289095459847,0.006098034025568591,0.007031506344197344,0.0053116120956175905,False,-0.17689931525896085,0.0,512,10000,perplexity_bf16=1.000805052790728; perplexity_static=1.0061166648863455; perplexity_method=1.0070562854289815
07_m11b_deepseek,DeepSeek,static_top10,static_1pct,11,opencompass_AIME2025_I_11,AIME-2025,,0.0008047289095459847,0.006098034025568591,0.006634585178018626,0.0053116120956175905,False,-0.1016598908679518,0.0,512,10000,perplexity_bf16=1.000805052790728; perplexity_static=1.0061166648863455; perplexity_method=1.006656642792319
08_m11b_falcon,Falcon-H1,m11b_top1,static_1pct,0,opencompass_AIME2025_I_0,AIME-2025,,0.03818315050786415,0.06314026518063025,0.0661748215048306,0.026254741436561924,False,-0.12330140863190997,0.0,512,10000,perplexity_bf16=1.0389214944540541; perplexity_static=1.065176235890616; perplexity_method=1.0684134824930107
08_m11b_falcon,Falcon-H1,m11b_top10,static_1pct,0,opencompass_AIME2025_I_0,AIME-2025,,0.03818315050786415,0.06314026518063025,0.05190598953554926,0.026254741436561924,False,0.4532330700758944,0.4532330700758944,512,10000,perplexity_bf16=1.0389214944540541; perplexity_static=1.065176235890616; perplexity_method=1.0532767188252743
08_m11b_falcon,Falcon-H1,m11b_top5,static_1pct,0,opencompass_AIME2025_I_0,AIME-2025,,0.03818315050786415,0.06314026518063025,0.06060063448019949,0.026254741436561924,False,0.10290416061493057,0.10290416061493057,512,10000,perplexity_bf16=1.0389214944540541; perplexity_static=1.065176235890616; perplexity_method=1.0624745137609246
08_m11b_falcon,Falcon-H1,static_top10,static_1pct,0,opencompass_AIME2025_I_0,AIME-2025,,0.03818315050786415,0.06314026518063025,0.05310890307168083,0.026254741436561924,False,0.40494605200334066,0.40494605200334066,512,10000,perplexity_bf16=1.0389214944540541; perplexity_static=1.065176235890616; perplexity_method=1.0545444819995118
08_m11b_falcon,Falcon-H1,m11b_top1,static_1pct,1,opencompass_AIME2025_I_1,AIME-2025,,0.09836370611113987,0.27183867651790417,0.2674303981888394,0.20901125491100458,False,0.02761852479871596,0.02761852479871596,512,10000,perplexity_bf16=1.103364012373793; perplexity_static=1.3123752672847975; perplexity_method=1.3066026847578271
08_m11b_falcon,Falcon-H1,m11b_top10,static_1pct,1,opencompass_AIME2025_I_1,AIME-2025,,0.09836370611113987,0.27183867651790417,0.29434996507216316,0.20901125491100458,False,-0.1429506562841225,0.0,512,10000,perplexity_bf16=1.103364012373793; perplexity_static=1.3123752672847975; perplexity_method=1.3422535633450936
08_m11b_falcon,Falcon-H1,m11b_top5,static_1pct,1,opencompass_AIME2025_I_1,AIME-2025,,0.09836370611113987,0.27183867651790417,0.2675655489376071,0.20901125491100458,False,0.026773592956062853,0.026773592956062853,512,10000,perplexity_bf16=1.103364012373793; perplexity_static=1.3123752672847975; perplexity_method=1.3067792850225743
08_m11b_falcon,Falcon-H1,static_top10,static_1pct,1,opencompass_AIME2025_I_1,AIME-2025,,0.09836370611113987,0.27183867651790417,0.277137975135155,0.20901125491100458,False,-0.03336245442198593,0.0,512,10000,perplexity_bf16=1.103364012373793; perplexity_static=1.3123752672847975; perplexity_method=1.319348395750448
08_m11b_falcon,Falcon-H1,m11b_top1,static_1pct,2,opencompass_AIME2025_I_2,AIME-2025,,0.047049876825699555,0.2279521900537793,0.26030282833460466,0.20785098611389663,False,-0.19868859221499036,0.0,512,10000,perplexity_bf16=1.0481742873821414; perplexity_static=1.256025273496038; perplexity_method=1.2973228933175056
08_m11b_falcon,Falcon-H1,m11b_top10,static_1pct,2,opencompass_AIME2025_I_2,AIME-2025,,0.047049876825699555,0.2279521900537793,0.2187309280352701,0.20785098611389663,False,0.055467145779557914,0.055467145779557914,512,10000,perplexity_bf16=1.0481742873821414; perplexity_static=1.256025273496038; perplexity_method=1.2444963725488336
08_m11b_falcon,Falcon-H1,m11b_top5,static_1pct,2,opencompass_AIME2025_I_2,AIME-2025,,0.047049876825699555,0.2279521900537793,0.2164560634888248,0.20785098611389663,False,0.0690722916082479,0.0690722916082479,512,10000,perplexity_bf16=1.0481742873821414; perplexity_static=1.256025273496038; perplexity_method=1.241668529572117
08_m11b_falcon,Falcon-H1,static_top10,static_1pct,2,opencompass_AIME2025_I_2,AIME-2025,,0.047049876825699555,0.2279521900537793,0.2540315154548637,0.20785098611389663,False,-0.1596680432856563,0.0,512,10000,perplexity_bf16=1.0481742873821414; perplexity_static=1.256025273496038; perplexity_method=1.289212433743838
08_m11b_falcon,Falcon-H1,m11b_top1,static_1pct,3,opencompass_AIME2025_I_3,AIME-2025,,0.07872057156530421,0.17192583777554982,0.1653644711801449,0.10568778999388417,False,0.07348723814534197,0.07348723814534197,512,10000,perplexity_bf16=1.0819019656560347; perplexity_static=1.1875897556499189; perplexity_method=1.1798230518575834
08_m11b_falcon,Falcon-H1,m11b_top10,static_1pct,3,opencompass_AIME2025_I_3,AIME-2025,,0.07872057156530421,0.17192583777554982,0.17767748813109724,0.10568778999388417,False,-0.0648162135896575,0.0,512,10000,perplexity_bf16=1.0819019656560347; perplexity_static=1.1875897556499189; perplexity_method=1.1944400380199813
08_m11b_falcon,Falcon-H1,m11b_top5,static_1pct,3,opencompass_AIME2025_I_3,AIME-2025,,0.07872057156530421,0.17192583777554982,0.16715222756218623,0.10568778999388417,False,0.05351215195006476,0.05351215195006476,512,10000,perplexity_bf16=1.0819019656560347; perplexity_static=1.1875897556499189; perplexity_method=1.1819341745724996
08_m11b_falcon,Falcon-H1,static_top10,static_1pct,3,opencompass_AIME2025_I_3,AIME-2025,,0.07872057156530421,0.17192583777554982,0.1734496316694456,0.10568778999388417,False,-0.017135579043980442,0.0,512,10000,perplexity_bf16=1.0819019656560347; perplexity_static=1.1875897556499189; perplexity_method=1.1894007771293427
08_m11b_falcon,Falcon-H1,m11b_top1,static_1pct,4,opencompass_AIME2025_I_4,AIME-2025,,0.04472739644747756,0.08881364289036196,0.09285628602592427,0.0471342240931083,False,-0.09392440725295215,0.0,512,10000,perplexity_bf16=1.0457427478611125; perplexity_static=1.0928769719542208; perplexity_method=1.0973040260134939
08_m11b_falcon,Falcon-H1,m11b_top10,static_1pct,4,opencompass_AIME2025_I_4,AIME-2025,,0.04472739644747756,0.08881364289036196,0.08399618648704198,0.0471342240931083,False,0.11143125670194454,0.11143125670194454,512,10000,perplexity_bf16=1.0457427478611125; perplexity_static=1.0928769719542208; perplexity_method=1.0876247461298547
08_m11b_falcon,Falcon-H1,m11b_top5,static_1pct,4,opencompass_AIME2025_I_4,AIME-2025,,0.04472739644747756,0.08881364289036196,0.08446922034212717,0.0471342240931083,False,0.10051339309744134,0.10051339309744134,512,10000,perplexity_bf16=1.0457427478611125; perplexity_static=1.0928769719542208; perplexity_method=1.0881393511596074
08_m11b_falcon,Falcon-H1,static_top10,static_1pct,4,opencompass_AIME2025_I_4,AIME-2025,,0.04472739644747756,0.08881364289036196,0.09275207346499645,0.0471342240931083,False,-0.09149842259802377,0.0,512,10000,perplexity_bf16=1.0457427478611125; perplexity_static=1.0928769719542208; perplexity_method=1.097189679109122
08_m11b_falcon,Falcon-H1,m11b_top1,static_1pct,5,opencompass_AIME2025_I_5,AIME-2025,,0.03244779194063678,0.1110638714812576,0.11883193231106175,0.08448631694460929,False,-0.10314509283984874,0.0,512,10000,perplexity_bf16=1.0329799618569913; perplexity_static=1.1174662788016005; perplexity_method=1.1261806278065492
08_m11b_falcon,Falcon-H1,m11b_top10,static_1pct,5,opencompass_AIME2025_I_5,AIME-2025,,0.03244779194063678,0.1110638714812576,0.12197823642342077,0.08448631694460929,False,-0.14515055454958858,0.0,512,10000,perplexity_bf16=1.0329799618569913; perplexity_static=1.1174662788016005; perplexity_method=1.1297295145579629
08_m11b_falcon,Falcon-H1,m11b_top5,static_1pct,5,opencompass_AIME2025_I_5,AIME-2025,,0.03244779194063678,0.1110638714812576,0.10542909594363925,0.08448631694460929,False,0.07431930976534984,0.07431930976534984,512,10000,perplexity_bf16=1.0329799618569913; perplexity_static=1.1174662788016005; perplexity_method=1.1111873140416606
08_m11b_falcon,Falcon-H1,static_top10,static_1pct,5,opencompass_AIME2025_I_5,AIME-2025,,0.03244779194063678,0.1110638714812576,0.11739489814491384,0.08448631694460929,False,-0.08400355802846748,0.0,512,10000,perplexity_bf16=1.0329799618569913; perplexity_static=1.1174662788016005; perplexity_method=1.1245634300296685
08_m11b_falcon,Falcon-H1,m11b_top1,static_1pct,6,opencompass_AIME2025_I_6,AIME-2025,,0.0587266857629668,0.17558362911519934,0.17528392221814448,0.1314563101288413,False,0.0027170974936109316,0.0027170974936109316,512,10000,perplexity_bf16=1.0604853553812748; perplexity_static=1.191941665510116; perplexity_method=1.1915844858993456
08_m11b_falcon,Falcon-H1,m11b_top10,static_1pct,6,opencompass_AIME2025_I_6,AIME-2025,,0.0587266857629668,0.17558362911519934,0.14854154827759214,0.1314563101288413,False,0.24191053929326034,0.24191053929326034,512,10000,perplexity_bf16=1.0604853553812748; perplexity_static=1.191941665510116; perplexity_method=1.160140998633346
08_m11b_falcon,Falcon-H1,m11b_top5,static_1pct,6,opencompass_AIME2025_I_6,AIME-2025,,0.0587266857629668,0.17558362911519934,0.1676241041089972,0.1314563101288413,False,0.0718842047342575,0.0718842047342575,512,10000,perplexity_bf16=1.0604853553812748; perplexity_static=1.191941665510116; perplexity_method=1.1824920331992044
08_m11b_falcon,Falcon-H1,static_top10,static_1pct,6,opencompass_AIME2025_I_6,AIME-2025,,0.0587266857629668,0.17558362911519934,0.1568265283092202,0.1314563101288413,False,0.16848940231059528,0.16848940231059528,512,10000,perplexity_bf16=1.0604853553812748; perplexity_static=1.191941665510116; perplexity_method=1.1697926703865513
08_m11b_falcon,Falcon-H1,m11b_top1,static_1pct,7,opencompass_AIME2025_I_7,AIME-2025,,0.001688641036480476,0.0316904579160564,0.04620575077876765,0.03050787955209544,False,-0.49468932527907183,0.0,512,10000,perplexity_bf16=1.0016900675936236; perplexity_static=1.032197947145719; perplexity_method=1.0472898694970403
08_m11b_falcon,Falcon-H1,m11b_top10,static_1pct,7,opencompass_AIME2025_I_7,AIME-2025,,0.001688641036480476,0.0316904579160564,0.020317459896205037,0.03050787955209544,False,0.38261206170461437,0.38261206170461437,512,10000,perplexity_bf16=1.0016900675936236; perplexity_static=1.032197947145719; perplexity_method=1.0205252644520557
08_m11b_falcon,Falcon-H1,m11b_top5,static_1pct,7,opencompass_AIME2025_I_7,AIME-2025,,0.001688641036480476,0.0316904579160564,0.077700092991563,0.03050787955209544,False,-1.5930482416702176,0.0,512,10000,perplexity_bf16=1.0016900675936236; perplexity_static=1.032197947145719; perplexity_method=1.0807984710232714
08_m11b_falcon,Falcon-H1,static_top10,static_1pct,7,opencompass_AIME2025_I_7,AIME-2025,,0.001688641036480476,0.0316904579160564,0.022016305568968164,0.03050787955209544,False,0.3257353319455666,0.3257353319455666,512,10000,perplexity_bf16=1.0016900675936236; perplexity_static=1.032197947145719; perplexity_method=1.0222604528728618
08_m11b_falcon,Falcon-H1,m11b_top1,static_1pct,8,opencompass_AIME2025_I_8,AIME-2025,,0.009965909776862056,0.06773775964821473,0.10533571324833549,0.060068917469538796,False,-0.6825310433778229,0.0,512,10000,perplexity_bf16=1.0100157348354966; perplexity_static=1.0700846523050354; perplexity_method=1.111083553220096
08_m11b_falcon,Falcon-H1,m11b_top10,static_1pct,8,opencompass_AIME2025_I_8,AIME-2025,,0.009965909776862056,0.06773775964821473,0.10078841616240868,0.060068917469538796,False,-0.5986114862202374,0.0,512,10000,perplexity_bf16=1.0100157348354966; perplexity_static=1.0700846523050354; perplexity_method=1.1060425962671168
08_m11b_falcon,Falcon-H1,m11b_top5,static_1pct,8,opencompass_AIME2025_I_8,AIME-2025,,0.009965909776862056,0.06773775964821473,0.106767832783843,0.060068917469538796,False,-0.7090396683179219,0.0,512,10000,perplexity_bf16=1.0100157348354966; perplexity_static=1.0700846523050354; perplexity_method=1.1126758976238538
08_m11b_falcon,Falcon-H1,static_top10,static_1pct,8,opencompass_AIME2025_I_8,AIME-2025,,0.009965909776862056,0.06773775964821473,0.11119066216748444,0.060068917469538796,False,-0.7911465995619871,0.0,512,10000,perplexity_bf16=1.0100157348354966; perplexity_static=1.0700846523050354; perplexity_method=1.1176079721004306
08_m11b_falcon,Falcon-H1,m11b_top1,static_1pct,9,opencompass_AIME2025_I_9,AIME-2025,,0.015570229108946537,0.19268535406491255,0.240818919153928,0.19680914820793616,False,-0.30379381557092655,0.0,512,10000,perplexity_bf16=1.0156920767031188; perplexity_static=1.212501224911055; perplexity_method=1.2722906269844079
08_m11b_falcon,Falcon-H1,m11b_top10,static_1pct,9,opencompass_AIME2025_I_9,AIME-2025,,0.015570229108946537,0.19268535406491255,0.2306019028009857,0.19680914820793616,False,-0.23808124952180965,0.0,512,10000,perplexity_bf16=1.0156920767031188; perplexity_static=1.212501224911055; perplexity_method=1.2593577928337234
08_m11b_falcon,Falcon-H1,m11b_top5,static_1pct,9,opencompass_AIME2025_I_9,AIME-2025,,0.015570229108946537,0.19268535406491255,0.22145858498890575,0.19680914820793616,False,-0.17984093195409367,0.0,512,10000,perplexity_bf16=1.0156920767031188; perplexity_static=1.212501224911055; perplexity_method=1.2478955655418615
08_m11b_falcon,Falcon-H1,static_top10,static_1pct,9,opencompass_AIME2025_I_9,AIME-2025,,0.015570229108946537,0.19268535406491255,0.2572449871502299,0.19680914820793616,False,-0.4108585440866037,0.0,512,10000,perplexity_bf16=1.0156920767031188; perplexity_static=1.212501224911055; perplexity_method=1.2933619450066922
08_m11b_falcon,Falcon-H1,m11b_top1,static_1pct,10,opencompass_AIME2025_I_10,AIME-2025,,0.14025385558763143,0.30165219464193443,0.3006161683263135,0.20152504111207303,False,0.0069474063488415005,0.0069474063488415005,512,10000,perplexity_bf16=1.150565839354861; perplexity_static=1.352090880466934; perplexity_method=1.3506908041168615
08_m11b_falcon,Falcon-H1,m11b_top10,static_1pct,10,opencompass_AIME2025_I_10,AIME-2025,,0.14025385558763143,0.30165219464193443,0.27676961199768163,0.20152504111207303,False,0.16488469297152963,0.16488469297152963,512,10000,perplexity_bf16=1.150565839354861; perplexity_static=1.352090880466934; perplexity_method=1.318862485937095
08_m11b_falcon,Falcon-H1,m11b_top5,static_1pct,10,opencompass_AIME2025_I_10,AIME-2025,,0.14025385558763143,0.30165219464193443,0.28431326320951744,0.20152504111207303,False,0.11532926743718863,0.11532926743718863,512,10000,perplexity_bf16=1.150565839354861; perplexity_static=1.352090880466934; perplexity_method=1.3288491451052293
08_m11b_falcon,Falcon-H1,static_top10,static_1pct,10,opencompass_AIME2025_I_10,AIME-2025,,0.14025385558763143,0.30165219464193443,0.2756872806569262,0.20152504111207303,False,0.17196408116339812,0.17196408116339812,512,10000,perplexity_bf16=1.150565839354861; perplexity_static=1.352090880466934; perplexity_method=1.3174358119406804
08_m11b_falcon,Falcon-H1,m11b_top1,static_1pct,11,opencompass_AIME2025_I_11,AIME-2025,,0.05606146538548326,0.1659254416619162,0.16169164269175668,0.12282239205234657,False,0.04060636854179156,0.04060636854179156,512,10000,perplexity_bf16=1.057662691383768; perplexity_static=1.1804850834361145; perplexity_method=1.1754977121192525
08_m11b_falcon,Falcon-H1,m11b_top10,static_1pct,11,opencompass_AIME2025_I_11,AIME-2025,,0.05606146538548326,0.1659254416619162,0.16254743570242003,0.12282239205234657,False,0.0324123146027786,0.0324123146027786,512,10000,perplexity_bf16=1.057662691383768; perplexity_static=1.1804850834361145; perplexity_method=1.176504125424648
08_m11b_falcon,Falcon-H1,m11b_top5,static_1pct,11,opencompass_AIME2025_I_11,AIME-2025,,0.05606146538548326,0.1659254416619162,0.15086927497041797,0.12282239205234657,False,0.14362566870132465,0.14362566870132465,512,10000,perplexity_bf16=1.057662691383768; perplexity_static=1.1804850834361145; perplexity_method=1.1628446352461
08_m11b_falcon,Falcon-H1,static_top10,static_1pct,11,opencompass_AIME2025_I_11,AIME-2025,,0.05606146538548326,0.1659254416619162,0.1627152397533002,0.12282239205234657,False,0.030804800534130705,0.030804800534130705,512,10000,perplexity_bf16=1.057662691383768; perplexity_static=1.1804850834361145; perplexity_method=1.1767015641478171
09_paroquant_granite,Granite,paroquant_w4a16,static_1pct,0,opencompass_AIME2025_I_0,AIME-2025,,0.0018152593644025217,0.0006273773848011199,0.0015209233843729297,-0.0011893337179100794,True,,,512,10000,perplexity_bf16=1.0018169079450654; perplexity_static=1.0006275742271553; perplexity_method=1.0015220805749352
09_paroquant_granite,Granite,paroquant_w4a16,static_1pct,1,opencompass_AIME2025_I_1,AIME-2025,,0.02558990120633098,0.053008247101388406,0.009714383946629823,0.02851820756108725,False,1.5665998401790793,1.0,512,10000,perplexity_bf16=1.0259201335823174; perplexity_static=1.0544383411434046; perplexity_method=1.0097617217360115
09_paroquant_granite,Granite,paroquant_w4a16,static_1pct,2,opencompass_AIME2025_I_2,AIME-2025,,0.012802009405277204,0.054472745359817054,0.03481039703183342,0.04309938962615045,False,0.4770444524050311,0.4770444524050311,512,10000,perplexity_bf16=1.0128843059397086; perplexity_static=1.055983695565859; perplexity_method=1.035423370842661
09_paroquant_granite,Granite,paroquant_w4a16,static_1pct,3,opencompass_AIME2025_I_3,AIME-2025,,0.00040124266054952784,0.0003411410087684752,0.001403224925235591,-6.012396517340868e-05,True,,,512,10000,perplexity_bf16=1.0004013231691533; perplexity_static=1.00034119920398; perplexity_method=1.0014042099059937
09_paroquant_granite,Granite,paroquant_w4a16,static_1pct,4,opencompass_AIME2025_I_4,AIME-2025,,0.03609823703300208,0.03684285231429385,0.0562817665777402,0.0007722731060850752,False,-26.3711874060621,0.0,512,10000,perplexity_bf16=1.0367576894878223; perplexity_static=1.0375299625939074; perplexity_method=1.0578957214031386
09_paroquant_granite,Granite,paroquant_w4a16,static_1pct,5,opencompass_AIME2025_I_5,AIME-2025,,4.493739586708401e-05,0.04951611763096586,0.0001719059856206684,0.05071758947543281,False,0.9974962856466989,0.9974962856466989,512,10000,perplexity_bf16=1.000044938405567; perplexity_static=1.0507625278809998; perplexity_method=1.0001719207623014
09_paroquant_granite,Granite,paroquant_w4a16,static_1pct,6,opencompass_AIME2025_I_6,AIME-2025,,3.24848918841214e-05,1.4442438338146957e-05,1.5405948929986257e-05,-1.8042876893220594e-05,True,,,512,10000,perplexity_bf16=1.000032485419524; perplexity_static=1.0000144425426307; perplexity_method=1.0000154060676023
09_paroquant_granite,Granite,paroquant_w4a16,static_1pct,7,opencompass_AIME2025_I_7,AIME-2025,,0.0009341512697222942,0.011591499201476396,0.005594814072788168,0.010724353235221251,False,0.5639917441607243,0.5639917441607243,512,10000,perplexity_bf16=1.000934587724914; perplexity_static=1.0116589409601353; perplexity_method=1.0056104942740072
09_paroquant_granite,Granite,paroquant_w4a16,static_1pct,8,opencompass_AIME2025_I_8,AIME-2025,,0.0751182941668036,0.21070662349732472,0.10489620191173485,0.15653844809851214,False,0.7918488316283542,0.7918488316283542,512,10000,perplexity_bf16=1.0780116658341599; perplexity_static=1.234550113932672; perplexity_method=1.1105953267009494
09_paroquant_granite,Granite,paroquant_w4a16,static_1pct,9,opencompass_AIME2025_I_9,AIME-2025,,0.00010308439202888486,0.0008578192632036075,0.00010023829999639133,0.0007550975899679457,False,1.003769554323054,1.0,512,10000,perplexity_bf16=1.0001030897054073; perplexity_static=1.0008581872953752; perplexity_method=1.0001002433240227
09_paroquant_granite,Granite,paroquant_w4a16,static_1pct,10,opencompass_AIME2025_I_10,AIME-2025,,0.020703398236064152,0.14321868602370302,0.05708740362405944,0.13306293354753373,False,0.7157048661540011,0.7157048661540011,512,10000,perplexity_bf16=1.0209192002909848; perplexity_static=1.1539821338385186; perplexity_method=1.0587483447938222
09_paroquant_granite,Granite,paroquant_w4a16,static_1pct,11,opencompass_AIME2025_I_11,AIME-2025,,0.0013811333269134751,0.000189867078984704,0.000550179484302582,-0.0011922024259112263,True,,,512,10000,perplexity_bf16=1.0013820875307906; perplexity_static=1.0001898851048794; perplexity_method=1.0005503308607953
11_e3_paroquant_plus_m11b,Granite,m11b_top10,static_1pct,0,opencompass_AIME2025_I_0,AIME-2025,,0.0018152593644025217,0.0006273773848011199,0.0008026155822562497,-0.0011893337179100794,True,,,512,10000,perplexity_bf16=1.0018169079450654; perplexity_static=1.0006275742271553; perplexity_method=1.000802937764333
11_e3_paroquant_plus_m11b,Granite,paroquant_m11b_top10,static_1pct,0,opencompass_AIME2025_I_0,AIME-2025,,0.0018152593644025217,0.0006273773848011199,0.001499381347925377,-0.0011893337179100794,True,,,512,10000,perplexity_bf16=1.0018169079450654; perplexity_static=1.0006275742271553; perplexity_method=1.0015005059821536
11_e3_paroquant_plus_m11b,Granite,paroquant_random_top10,static_1pct,0,opencompass_AIME2025_I_0,AIME-2025,,0.0018152593644025217,0.0006273773848011199,0.001640756606353433,-0.0011893337179100794,True,,,512,10000,perplexity_bf16=1.0018169079450654; perplexity_static=1.0006275742271553; perplexity_method=1.0016421033839515
11_e3_paroquant_plus_m11b,Granite,paroquant_w4a16,static_1pct,0,opencompass_AIME2025_I_0,AIME-2025,,0.0018152593644025217,0.0006273773848011199,0.0015209233843729297,-0.0011893337179100794,True,,,512,10000,perplexity_bf16=1.0018169079450654; perplexity_static=1.0006275742271553; perplexity_method=1.0015220805749352
11_e3_paroquant_plus_m11b,Granite,m11b_top10,static_1pct,1,opencompass_AIME2025_I_1,AIME-2025,,0.02558990120633098,0.053008247101388406,0.054663657283526845,0.02851820756108725,False,-0.0612581819027076,0.0,512,10000,perplexity_bf16=1.0259201335823174; perplexity_static=1.0544383411434046; perplexity_method=1.0561853146897209
11_e3_paroquant_plus_m11b,Granite,paroquant_m11b_top10,static_1pct,1,opencompass_AIME2025_I_1,AIME-2025,,0.02558990120633098,0.053008247101388406,0.04119534594065044,0.02851820756108725,False,0.4342031003166221,0.4342031003166221,512,10000,perplexity_bf16=1.0259201335823174; perplexity_static=1.0544383411434046; perplexity_method=1.0420556470049076
11_e3_paroquant_plus_m11b,Granite,paroquant_random_top10,static_1pct,1,opencompass_AIME2025_I_1,AIME-2025,,0.02558990120633098,0.053008247101388406,0.028827727372117806,0.02851820756108725,False,0.8833329731445667,0.8833329731445667,512,10000,perplexity_bf16=1.0259201335823174; perplexity_static=1.0544383411434046; perplexity_method=1.0292472680697156
11_e3_paroquant_plus_m11b,Granite,paroquant_w4a16,static_1pct,1,opencompass_AIME2025_I_1,AIME-2025,,0.02558990120633098,0.053008247101388406,0.009714383946629823,0.02851820756108725,False,1.5665998401790793,1.0,512,10000,perplexity_bf16=1.0259201335823174; perplexity_static=1.0544383411434046; perplexity_method=1.0097617217360115
11_e3_paroquant_plus_m11b,Granite,m11b_top10,static_1pct,2,opencompass_AIME2025_I_2,AIME-2025,,0.012802009405277204,0.054472745359817054,0.04459655378741445,0.04309938962615045,False,0.2407868558365348,0.2407868558365348,512,10000,perplexity_bf16=1.0128843059397086; perplexity_static=1.055983695565859; perplexity_method=1.0456059290493045
11_e3_paroquant_plus_m11b,Granite,paroquant_m11b_top10,static_1pct,2,opencompass_AIME2025_I_2,AIME-2025,,0.012802009405277204,0.054472745359817054,0.05435430286161136,0.04309938962615045,False,0.002901803049757512,0.002901803049757512,512,10000,perplexity_bf16=1.0128843059397086; perplexity_static=1.055983695565859; perplexity_method=1.0558586296255992
11_e3_paroquant_plus_m11b,Granite,paroquant_random_top10,static_1pct,2,opencompass_AIME2025_I_2,AIME-2025,,0.012802009405277204,0.054472745359817054,0.027617846659268253,0.04309938962615045,False,0.6492189599214141,0.6492189599214141,512,10000,perplexity_bf16=1.0128843059397086; perplexity_static=1.055983695565859; perplexity_method=1.0280027546595218
11_e3_paroquant_plus_m11b,Granite,paroquant_w4a16,static_1pct,2,opencompass_AIME2025_I_2,AIME-2025,,0.012802009405277204,0.054472745359817054,0.03481039703183342,0.04309938962615045,False,0.4770444524050311,0.4770444524050311,512,10000,perplexity_bf16=1.0128843059397086; perplexity_static=1.055983695565859; perplexity_method=1.035423370842661
11_e3_paroquant_plus_m11b,Granite,m11b_top10,static_1pct,3,opencompass_AIME2025_I_3,AIME-2025,,0.00040124266054952784,0.0003411410087684752,0.00105266998989606,-6.012396517340868e-05,True,,,512,10000,perplexity_bf16=1.0004013231691533; perplexity_static=1.00034119920398; perplexity_method=1.001053224241414
11_e3_paroquant_plus_m11b,Granite,paroquant_m11b_top10,static_1pct,3,opencompass_AIME2025_I_3,AIME-2025,,0.00040124266054952784,0.0003411410087684752,0.000760109474223114,-6.012396517340868e-05,True,,,512,10000,perplexity_bf16=1.0004013231691533; perplexity_static=1.00034119920398; perplexity_method=1.0007603984306377
11_e3_paroquant_plus_m11b,Granite,paroquant_random_top10,static_1pct,3,opencompass_AIME2025_I_3,AIME-2025,,0.00040124266054952784,0.0003411410087684752,0.002144141980434,-6.012396517340868e-05,True,,,512,10000,perplexity_bf16=1.0004013231691533; perplexity_static=1.00034119920398; perplexity_method=1.0021464422966244
11_e3_paroquant_plus_m11b,Granite,paroquant_w4a16,static_1pct,3,opencompass_AIME2025_I_3,AIME-2025,,0.00040124266054952784,0.0003411410087684752,0.001403224925235591,-6.012396517340868e-05,True,,,512,10000,perplexity_bf16=1.0004013231691533; perplexity_static=1.00034119920398; perplexity_method=1.0014042099059937
11_e3_paroquant_plus_m11b,Granite,m11b_top10,static_1pct,4,opencompass_AIME2025_I_4,AIME-2025,,0.03609823703300208,0.03684285231429385,0.04461688360970584,0.0007722731060850752,False,-10.484922484541741,0.0,512,10000,perplexity_bf16=1.0367576894878223; perplexity_static=1.0375299625939074; perplexity_method=1.0456271862481057
11_e3_paroquant_plus_m11b,Granite,paroquant_m11b_top10,static_1pct,4,opencompass_AIME2025_I_4,AIME-2025,,0.03609823703300208,0.03684285231429385,0.12777337321313098,0.0007722731060850752,False,-127.88933753374991,0.0,512,10000,perplexity_bf16=1.0367576894878223; perplexity_static=1.0375299625939074; perplexity_method=1.136295458526259
11_e3_paroquant_plus_m11b,Granite,paroquant_random_top10,static_1pct,4,opencompass_AIME2025_I_4,AIME-2025,,0.03609823703300208,0.03684285231429385,0.07291812264884356,0.0007722731060850752,False,-49.35106461595956,0.0,512,10000,perplexity_bf16=1.0367576894878223; perplexity_static=1.0375299625939074; perplexity_method=1.0756424625534797
11_e3_paroquant_plus_m11b,Granite,paroquant_w4a16,static_1pct,4,opencompass_AIME2025_I_4,AIME-2025,,0.03609823703300208,0.03684285231429385,0.0562817665777402,0.0007722731060850752,False,-26.3711874060621,0.0,512,10000,perplexity_bf16=1.0367576894878223; perplexity_static=1.0375299625939074; perplexity_method=1.0578957214031386
11_e3_paroquant_plus_m11b,Granite,m11b_top10,static_1pct,5,opencompass_AIME2025_I_5,AIME-2025,,4.493739586708401e-05,0.04951611763096586,3.5998959438857114e-05,0.05071758947543281,False,1.0001762465103397,1.0,512,10000,perplexity_bf16=1.000044938405567; perplexity_static=1.0507625278809998; perplexity_method=1.000035999607409
11_e3_paroquant_plus_m11b,Granite,paroquant_m11b_top10,static_1pct,5,opencompass_AIME2025_I_5,AIME-2025,,4.493739586708401e-05,0.04951611763096586,7.921195978743967e-05,0.05071758947543281,False,0.9993241656016156,0.9993241656016156,512,10000,perplexity_bf16=1.000044938405567; perplexity_static=1.0507625278809998; perplexity_method=1.0000792150971376
11_e3_paroquant_plus_m11b,Granite,paroquant_random_top10,static_1pct,5,opencompass_AIME2025_I_5,AIME-2025,,4.493739586708401e-05,0.04951611763096586,0.000205973476651522,0.05071758947543281,False,0.9968244491360225,0.9968244491360225,512,10000,perplexity_bf16=1.000044938405567; perplexity_static=1.0507625278809998; perplexity_method=1.0002059946906445
11_e3_paroquant_plus_m11b,Granite,paroquant_w4a16,static_1pct,5,opencompass_AIME2025_I_5,AIME-2025,,4.493739586708401e-05,0.04951611763096586,0.0001719059856206684,0.05071758947543281,False,0.9974962856466989,0.9974962856466989,512,10000,perplexity_bf16=1.000044938405567; perplexity_static=1.0507625278809998; perplexity_method=1.0001719207623014
11_e3_paroquant_plus_m11b,Granite,m11b_top10,static_1pct,6,opencompass_AIME2025_I_6,AIME-2025,,3.24848918841214e-05,1.4442438338146957e-05,3.147055488086914e-05,-1.8042876893220594e-05,True,,,512,10000,perplexity_bf16=1.000032485419524; perplexity_static=1.0000144425426307; perplexity_method=1.000031471050084
11_e3_paroquant_plus_m11b,Granite,paroquant_m11b_top10,static_1pct,6,opencompass_AIME2025_I_6,AIME-2025,,3.24848918841214e-05,1.4442438338146957e-05,2.0680055621641324e-05,-1.8042876893220594e-05,True,,,512,10000,perplexity_bf16=1.000032485419524; perplexity_static=1.0000144425426307; perplexity_method=1.0000206802694556
11_e3_paroquant_plus_m11b,Granite,paroquant_random_top10,static_1pct,6,opencompass_AIME2025_I_6,AIME-2025,,3.24848918841214e-05,1.4442438338146957e-05,1.8526851126882127e-05,-1.8042876893220594e-05,True,,,512,10000,perplexity_bf16=1.000032485419524; perplexity_static=1.0000144425426307; perplexity_method=1.00001852702275
11_e3_paroquant_plus_m11b,Granite,paroquant_w4a16,static_1pct,6,opencompass_AIME2025_I_6,AIME-2025,,3.24848918841214e-05,1.4442438338146957e-05,1.5405948929986257e-05,-1.8042876893220594e-05,True,,,512,10000,perplexity_bf16=1.000032485419524; perplexity_static=1.0000144425426307; perplexity_method=1.0000154060676023
11_e3_paroquant_plus_m11b,Granite,m11b_top10,static_1pct,7,opencompass_AIME2025_I_7,AIME-2025,,0.0009341512697222942,0.011591499201476396,0.019272462401974444,0.010724353235221251,False,-0.7273570722179588,0.0,512,10000,perplexity_bf16=1.000934587724914; perplexity_static=1.0116589409601353; perplexity_method=1.019459375130737
11_e3_paroquant_plus_m11b,Granite,paroquant_m11b_top10,static_1pct,7,opencompass_AIME2025_I_7,AIME-2025,,0.0009341512697222942,0.011591499201476396,0.007422248755670324,0.010724353235221251,False,0.3924785904446715,0.3924785904446715,512,10000,perplexity_bf16=1.000934587724914; perplexity_static=1.0116589409601353; perplexity_method=1.007449861918945
11_e3_paroquant_plus_m11b,Granite,paroquant_random_top10,static_1pct,7,opencompass_AIME2025_I_7,AIME-2025,,0.0009341512697222942,0.011591499201476396,0.004782769363278927,0.010724353235221251,False,0.6401053517037971,0.6401053517037971,512,10000,perplexity_bf16=1.000934587724914; perplexity_static=1.0116589409601353; perplexity_method=1.0047942250607083
11_e3_paroquant_plus_m11b,Granite,paroquant_w4a16,static_1pct,7,opencompass_AIME2025_I_7,AIME-2025,,0.0009341512697222942,0.011591499201476396,0.005594814072788168,0.010724353235221251,False,0.5639917441607243,0.5639917441607243,512,10000,perplexity_bf16=1.000934587724914; perplexity_static=1.0116589409601353; perplexity_method=1.0056104942740072
11_e3_paroquant_plus_m11b,Granite,m11b_top10,static_1pct,8,opencompass_AIME2025_I_8,AIME-2025,,0.0751182941668036,0.21070662349732472,0.1797075155621144,0.15653844809851214,False,0.24072595270878616,0.24072595270878616,512,10000,perplexity_bf16=1.0780116658341599; perplexity_static=1.234550113932672; perplexity_method=1.1968672468786028
11_e3_paroquant_plus_m11b,Granite,paroquant_m11b_top10,static_1pct,8,opencompass_AIME2025_I_8,AIME-2025,,0.0751182941668036,0.21070662349732472,0.09451265350448171,0.15653844809851214,False,0.8651359763305162,0.8651359763305162,512,10000,perplexity_bf16=1.0780116658341599; perplexity_static=1.234550113932672; perplexity_method=1.0991230708037019
11_e3_paroquant_plus_m11b,Granite,paroquant_random_top10,static_1pct,8,opencompass_AIME2025_I_8,AIME-2025,,0.0751182941668036,0.21070662349732472,0.09262859819302278,0.15653844809851214,False,0.878352276543877,0.878352276543877,512,10000,perplexity_bf16=1.0780116658341599; perplexity_static=1.234550113932672; perplexity_method=1.0970542116786983
11_e3_paroquant_plus_m11b,Granite,paroquant_w4a16,static_1pct,8,opencompass_AIME2025_I_8,AIME-2025,,0.0751182941668036,0.21070662349732472,0.10489620191173485,0.15653844809851214,False,0.7918488316283542,0.7918488316283542,512,10000,perplexity_bf16=1.0780116658341599; perplexity_static=1.234550113932672; perplexity_method=1.1105953267009494
11_e3_paroquant_plus_m11b,Granite,m11b_top10,static_1pct,9,opencompass_AIME2025_I_9,AIME-2025,,0.00010308439202888486,0.0008578192632036075,0.00048437916094787314,0.0007550975899679457,False,0.49489073844630693,0.49489073844630693,512,10000,perplexity_bf16=1.0001030897054073; perplexity_static=1.0008581872953752; perplexity_method=1.000484496491477
11_e3_paroquant_plus_m11b,Granite,paroquant_m11b_top10,static_1pct,9,opencompass_AIME2025_I_9,AIME-2025,,0.00010308439202888486,0.0008578192632036075,9.935187436391213e-05,0.0007550975899679457,False,1.004943593426988,1.0,512,10000,perplexity_bf16=1.0001030897054073; perplexity_static=1.0008581872953752; perplexity_method=1.0000993568099248
11_e3_paroquant_plus_m11b,Granite,paroquant_random_top10,static_1pct,9,opencompass_AIME2025_I_9,AIME-2025,,0.00010308439202888486,0.0008578192632036075,6.659370810790932e-05,0.0007550975899679457,False,1.0483298852677747,1.0,512,10000,perplexity_bf16=1.0001030897054073; perplexity_static=1.0008581872953752; perplexity_method=1.0000665959255182
11_e3_paroquant_plus_m11b,Granite,paroquant_w4a16,static_1pct,9,opencompass_AIME2025_I_9,AIME-2025,,0.00010308439202888486,0.0008578192632036075,0.00010023829999639133,0.0007550975899679457,False,1.003769554323054,1.0,512,10000,perplexity_bf16=1.0001030897054073; perplexity_static=1.0008581872953752; perplexity_method=1.0001002433240227
11_e3_paroquant_plus_m11b,Granite,m11b_top10,static_1pct,10,opencompass_AIME2025_I_10,AIME-2025,,0.020703398236064152,0.14321868602370302,0.09884632984759874,0.13306293354753373,False,0.3764044722712442,0.3764044722712442,512,10000,perplexity_bf16=1.0209192002909848; perplexity_static=1.1539821338385186; perplexity_method=1.1038966505576955
11_e3_paroquant_plus_m11b,Granite,paroquant_m11b_top10,static_1pct,10,opencompass_AIME2025_I_10,AIME-2025,,0.020703398236064152,0.14321868602370302,0.059699571252918415,0.13306293354753373,False,0.6948933345805925,0.6948933345805925,512,10000,perplexity_bf16=1.0209192002909848; perplexity_static=1.1539821338385186; perplexity_method=1.061517588236597
11_e3_paroquant_plus_m11b,Granite,paroquant_random_top10,static_1pct,10,opencompass_AIME2025_I_10,AIME-2025,,0.020703398236064152,0.14321868602370302,0.056852829182745396,0.13306293354753373,False,0.7175710971788718,0.7175710971788718,512,10000,perplexity_bf16=1.0209192002909848; perplexity_static=1.1539821338385186; perplexity_method=1.0585000186189755
11_e3_paroquant_plus_m11b,Granite,paroquant_w4a16,static_1pct,10,opencompass_AIME2025_I_10,AIME-2025,,0.020703398236064152,0.14321868602370302,0.05708740362405944,0.13306293354753373,False,0.7157048661540011,0.7157048661540011,512,10000,perplexity_bf16=1.0209192002909848; perplexity_static=1.1539821338385186; perplexity_method=1.0587483447938222
11_e3_paroquant_plus_m11b,Granite,m11b_top10,static_1pct,11,opencompass_AIME2025_I_11,AIME-2025,,0.0013811333269134751,0.000189867078984704,0.00041700434936575714,-0.0011922024259112263,True,,,512,10000,perplexity_bf16=1.0013820875307906; perplexity_static=1.0001898851048794; perplexity_method=1.0004170913077663
11_e3_paroquant_plus_m11b,Granite,paroquant_m11b_top10,static_1pct,11,opencompass_AIME2025_I_11,AIME-2025,,0.0013811333269134751,0.000189867078984704,0.0009018233129961528,-0.0011922024259112263,True,,,512,10000,perplexity_bf16=1.0013820875307906; perplexity_static=1.0001898851048794; perplexity_method=1.0009022300779076
11_e3_paroquant_plus_m11b,Granite,paroquant_random_top10,static_1pct,11,opencompass_AIME2025_I_11,AIME-2025,,0.0013811333269134751,0.000189867078984704,0.0010647201815853075,-0.0011922024259112263,True,,,512,10000,perplexity_bf16=1.0013820875307906; perplexity_static=1.0001898851048794; perplexity_method=1.0010652871973378
11_e3_paroquant_plus_m11b,Granite,paroquant_w4a16,static_1pct,11,opencompass_AIME2025_I_11,AIME-2025,,0.0013811333269134751,0.000189867078984704,0.000550179484302582,-0.0011922024259112263,True,,,512,10000,perplexity_bf16=1.0013820875307906; perplexity_static=1.0001898851048794; perplexity_method=1.0005503308607953
12_m18_activation_k,Granite,kivi_key_only,static_1pct,0,opencompass_AIME2025_I_0,AIME-2025,,0.0018152593644025217,,0.0033310817341956067,-0.0011893337179100794,True,,,512,10000,perplexity_bf16=1.0018169079450654; perplexity_static=None; perplexity_method=1.0033366359524283
12_m18_activation_k,Granite,m18_activation_k,static_1pct,0,opencompass_AIME2025_I_0,AIME-2025,,0.0018152593644025217,,0.00034042681668378094,-0.0011893337179100794,True,,,512,10000,perplexity_bf16=1.0018169079450654; perplexity_static=None; perplexity_method=1.0003404847684685
12_m18_activation_k,Granite,m18_activation_kv,static_1pct,0,opencompass_AIME2025_I_0,AIME-2025,,0.0018152593644025217,,0.0003538709958921249,-0.0011893337179100794,True,,,512,10000,perplexity_bf16=1.0018169079450654; perplexity_static=None; perplexity_method=1.0003539336156193
12_m18_activation_k,Granite,random_coupled_activation_k,static_1pct,0,opencompass_AIME2025_I_0,AIME-2025,,0.0018152593644025217,,0.0027277538804320045,-0.0011893337179100794,True,,,512,10000,perplexity_bf16=1.0018169079450654; perplexity_static=None; perplexity_method=1.0027314775860625
12_m18_activation_k,Granite,kivi_key_only,static_1pct,1,opencompass_AIME2025_I_1,AIME-2025,,0.02558990120633098,,0.1584376003302168,0.02851820756108725,False,-4.111074238404026,0.0,512,10000,perplexity_bf16=1.0259201335823174; perplexity_static=None; perplexity_method=1.1716788095732493
12_m18_activation_k,Granite,m18_activation_k,static_1pct,1,opencompass_AIME2025_I_1,AIME-2025,,0.02558990120633098,,0.10571104313567048,0.02851820756108725,False,-2.0009081247366516,0.0,512,10000,perplexity_bf16=1.0259201335823174; perplexity_static=None; perplexity_method=1.1115006543553103
12_m18_activation_k,Granite,m18_activation_kv,static_1pct,1,opencompass_AIME2025_I_1,AIME-2025,,0.02558990120633098,,0.06645625698001822,0.02851820756108725,False,-0.500588022282904,0.0,512,10000,perplexity_bf16=1.0259201335823174; perplexity_static=None; perplexity_method=1.0687142142654626
12_m18_activation_k,Granite,random_coupled_activation_k,static_1pct,1,opencompass_AIME2025_I_1,AIME-2025,,0.02558990120633098,,2.4623873587697744,0.02851820756108725,False,-374.4397379352493,0.0,512,10000,perplexity_bf16=1.0259201335823174; perplexity_static=None; perplexity_method=11.73278850669996
12_m18_activation_k,Granite,kivi_key_only,static_1pct,2,opencompass_AIME2025_I_2,AIME-2025,,0.012802009405277204,,0.07977241631306242,0.04309938962615045,False,-0.6277783033787543,0.0,512,10000,perplexity_bf16=1.0128843059397086; perplexity_static=None; perplexity_method=1.0830405572620236
12_m18_activation_k,Granite,m18_activation_k,static_1pct,2,opencompass_AIME2025_I_2,AIME-2025,,0.012802009405277204,,0.013675240751581441,0.04309938962615045,False,0.979469114874242,0.979469114874242,512,10000,perplexity_bf16=1.0128843059397086; perplexity_static=None; perplexity_method=1.0137691745571134
12_m18_activation_k,Granite,m18_activation_kv,static_1pct,2,opencompass_AIME2025_I_2,AIME-2025,,0.012802009405277204,,0.012756997150063398,0.04309938962615045,False,1.001057814998956,1.0,512,10000,perplexity_bf16=1.0128843059397086; perplexity_static=None; perplexity_method=1.0128387147589162
12_m18_activation_k,Granite,random_coupled_activation_k,static_1pct,2,opencompass_AIME2025_I_2,AIME-2025,,0.012802009405277204,,1.4341596658341587,0.04309938962615045,False,-72.85796197285521,0.0,512,10000,perplexity_bf16=1.0128843059397086; perplexity_static=None; perplexity_method=4.196117386001199
12_m18_activation_k,Granite,kivi_key_only,static_1pct,3,opencompass_AIME2025_I_3,AIME-2025,,0.00040124266054952784,,0.08607755647507886,-6.012396517340868e-05,True,,,512,10000,perplexity_bf16=1.0004013231691533; perplexity_static=None; perplexity_method=1.0898908531201517
12_m18_activation_k,Granite,m18_activation_k,static_1pct,3,opencompass_AIME2025_I_3,AIME-2025,,0.00040124266054952784,,0.00017470626705895498,-6.012396517340868e-05,True,,,512,10000,perplexity_bf16=1.0004013231691533; perplexity_static=None; perplexity_method=1.0001747215290877
12_m18_activation_k,Granite,m18_activation_kv,static_1pct,3,opencompass_AIME2025_I_3,AIME-2025,,0.00040124266054952784,,0.00019748971025235207,-6.012396517340868e-05,True,,,512,10000,perplexity_bf16=1.0004013231691533; perplexity_static=None; perplexity_method=1.000197509212629
12_m18_activation_k,Granite,random_coupled_activation_k,static_1pct,3,opencompass_AIME2025_I_3,AIME-2025,,0.00040124266054952784,,0.13082499378176582,-6.012396517340868e-05,True,,,512,10000,perplexity_bf16=1.0004013231691533; perplexity_static=None; perplexity_method=1.1397682973176528
12_m18_activation_k,Granite,kivi_key_only,static_1pct,4,opencompass_AIME2025_I_4,AIME-2025,,0.03609823703300208,,0.8374119510990568,0.0007722731060850752,False,-1648.1862232041053,0.0,512,10000,perplexity_bf16=1.0367576894878223; perplexity_static=None; perplexity_method=2.3103798565943707
12_m18_activation_k,Granite,m18_activation_k,static_1pct,4,opencompass_AIME2025_I_4,AIME-2025,,0.03609823703300208,,0.05903614408452995,0.0007722731060850752,False,-30.149463195937322,0.0,512,10000,perplexity_bf16=1.0367576894878223; perplexity_static=None; perplexity_method=1.0608135821830316
12_m18_activation_k,Granite,m18_activation_kv,static_1pct,4,opencompass_AIME2025_I_4,AIME-2025,,0.03609823703300208,,0.0537700630738982,0.0007722731060850752,False,-22.934856123778644,0.0,512,10000,perplexity_bf16=1.0367576894878223; perplexity_static=None; perplexity_method=1.0552419351702322
12_m18_activation_k,Granite,random_coupled_activation_k,static_1pct,4,opencompass_AIME2025_I_4,AIME-2025,,0.03609823703300208,,0.035841692031681305,0.0007722731060850752,False,1.3443611934199005,1.0,512,10000,perplexity_bf16=1.0367576894878223; perplexity_static=None; perplexity_method=1.0364917485993648
12_m18_activation_k,Granite,kivi_key_only,static_1pct,5,opencompass_AIME2025_I_5,AIME-2025,,4.493739586708401e-05,,0.08857177633103426,0.05071758947543281,False,-0.8251603847277131,0.0,512,10000,perplexity_bf16=1.000044938405567; perplexity_static=None; perplexity_method=1.0926126735250101
12_m18_activation_k,Granite,m18_activation_k,static_1pct,5,opencompass_AIME2025_I_5,AIME-2025,,4.493739586708401e-05,,8.802614049534252e-05,0.05071758947543281,False,0.9991503616439881,0.9991503616439881,512,10000,perplexity_bf16=1.000044938405567; perplexity_static=None; perplexity_method=1.0000880300149098
12_m18_activation_k,Granite,m18_activation_kv,static_1pct,5,opencompass_AIME2025_I_5,AIME-2025,,4.493739586708401e-05,,0.0002744033307423843,0.05071758947543281,False,0.9954748918553319,0.9954748918553319,512,10000,perplexity_bf16=1.000044938405567; perplexity_static=None; perplexity_method=1.0002744409827802
12_m18_activation_k,Granite,random_coupled_activation_k,static_1pct,5,opencompass_AIME2025_I_5,AIME-2025,,4.493739586708401e-05,,0.1220233708230537,0.05071758947543281,False,-1.5579994693820614,0.0,512,10000,perplexity_bf16=1.000044938405567; perplexity_static=None; perplexity_method=1.1297805053720613
12_m18_activation_k,Granite,kivi_key_only,static_1pct,6,opencompass_AIME2025_I_6,AIME-2025,,3.24848918841214e-05,,0.12762477519401283,-1.8042876893220594e-05,True,,,512,10000,perplexity_bf16=1.000032485419524; perplexity_static=None; perplexity_method=1.1361266198168485
12_m18_activation_k,Granite,m18_activation_k,static_1pct,6,opencompass_AIME2025_I_6,AIME-2025,,3.24848918841214e-05,,0.0015949825146741592,-1.8042876893220594e-05,True,,,512,10000,perplexity_bf16=1.000032485419524; perplexity_static=None; perplexity_method=1.0015962551758193
12_m18_activation_k,Granite,m18_activation_kv,static_1pct,6,opencompass_AIME2025_I_6,AIME-2025,,3.24848918841214e-05,,0.0018896143797515613,-1.8042876893220594e-05,True,,,512,10000,perplexity_bf16=1.000032485419524; perplexity_static=None; perplexity_method=1.001891400826058
12_m18_activation_k,Granite,random_coupled_activation_k,static_1pct,6,opencompass_AIME2025_I_6,AIME-2025,,3.24848918841214e-05,,0.11742903171978278,-1.8042876893220594e-05,True,,,512,10000,perplexity_bf16=1.000032485419524; perplexity_static=None; perplexity_method=1.1246018160548246
12_m18_activation_k,Granite,kivi_key_only,static_1pct,7,opencompass_AIME2025_I_7,AIME-2025,,0.0009341512697222942,,0.030087501603137667,0.010724353235221251,False,-1.7610165338461812,0.0,512,10000,perplexity_bf16=1.000934587724914; perplexity_static=None; perplexity_method=1.0305447043221667
12_m18_activation_k,Granite,m18_activation_k,static_1pct,7,opencompass_AIME2025_I_7,AIME-2025,,0.0009341512697222942,,0.15062736994773906,0.010724353235221251,False,-14.071191710978855,0.0,512,10000,perplexity_bf16=1.000934587724914; perplexity_static=None; perplexity_method=1.1625633713091899
12_m18_activation_k,Granite,m18_activation_kv,static_1pct,7,opencompass_AIME2025_I_7,AIME-2025,,0.0009341512697222942,,0.10137978636955314,0.010724353235221251,False,-8.861879807739966,0.0,512,10000,perplexity_bf16=1.000934587724914; perplexity_static=None; perplexity_method=1.1066968703464133
12_m18_activation_k,Granite,random_coupled_activation_k,static_1pct,7,opencompass_AIME2025_I_7,AIME-2025,,0.0009341512697222942,,0.07616858023713391,0.010724353235221251,False,-6.292737549399319,0.0,512,10000,perplexity_bf16=1.000934587724914; perplexity_static=None; perplexity_method=1.0791444812564341
12_m18_activation_k,Granite,kivi_key_only,static_1pct,8,opencompass_AIME2025_I_8,AIME-2025,,0.0751182941668036,,0.4944234377464314,0.15653844809851214,False,-2.5872400889392666,0.0,512,10000,perplexity_bf16=1.0780116658341599; perplexity_static=None; perplexity_method=1.6395526623134813
12_m18_activation_k,Granite,m18_activation_k,static_1pct,8,opencompass_AIME2025_I_8,AIME-2025,,0.0751182941668036,,0.2773431857823937,0.15653844809851214,False,-0.543438720461676,0.0,512,10000,perplexity_bf16=1.0780116658341599; perplexity_static=None; perplexity_method=1.319619167870384
12_m18_activation_k,Granite,m18_activation_kv,static_1pct,8,opencompass_AIME2025_I_8,AIME-2025,,0.0751182941668036,,0.2817238493170111,0.15653844809851214,False,-0.5804487204618349,0.0,512,10000,perplexity_bf16=1.0780116658341599; perplexity_static=None; perplexity_method=1.3254126558345347
12_m18_activation_k,Granite,random_coupled_activation_k,static_1pct,8,opencompass_AIME2025_I_8,AIME-2025,,0.0751182941668036,,0.5363789034606576,0.15653844809851214,False,-3.036021912702507,0.0,512,10000,perplexity_bf16=1.0780116658341599; perplexity_static=None; perplexity_method=1.709804272540199
12_m18_activation_k,Granite,kivi_key_only,static_1pct,9,opencompass_AIME2025_I_9,AIME-2025,,0.00010308439202888486,,0.2726195458029963,0.0007550975899679457,False,-413.9097752364582,0.0,512,10000,perplexity_bf16=1.0001030897054073; perplexity_static=None; perplexity_method=1.313400461040599
12_m18_activation_k,Granite,m18_activation_k,static_1pct,9,opencompass_AIME2025_I_9,AIME-2025,,0.00010308439202888486,,0.0004940674956825652,0.0007550975899679457,False,0.48205388691550777,0.48205388691550777,512,10000,perplexity_bf16=1.0001030897054073; perplexity_static=None; perplexity_method=1.0004941895671307
12_m18_activation_k,Granite,m18_activation_kv,static_1pct,9,opencompass_AIME2025_I_9,AIME-2025,,0.00010308439202888486,,0.0005297129251150279,0.0007550975899679457,False,0.4348233287391928,0.4348233287391928,512,10000,perplexity_bf16=1.0001030897054073; perplexity_static=None; perplexity_method=1.0005298532477824
12_m18_activation_k,Granite,random_coupled_activation_k,static_1pct,9,opencompass_AIME2025_I_9,AIME-2025,,0.00010308439202888486,,0.36842386452375475,0.0007550975899679457,False,-588.7932959625092,0.0,512,10000,perplexity_bf16=1.0001030897054073; perplexity_static=None; perplexity_method=1.4454545860659493
12_m18_activation_k,Granite,kivi_key_only,static_1pct,10,opencompass_AIME2025_I_10,AIME-2025,,0.020703398236064152,,0.22154245977825326,0.13306293354753373,False,-0.7065686932043151,0.0,512,10000,perplexity_bf16=1.0209192002909848; perplexity_static=None; perplexity_method=1.248000236909132
12_m18_activation_k,Granite,m18_activation_k,static_1pct,10,opencompass_AIME2025_I_10,AIME-2025,,0.020703398236064152,,0.15965748505586025,0.13306293354753373,False,-0.14374296779096452,0.0,512,10000,perplexity_bf16=1.0209192002909848; perplexity_static=None; perplexity_method=1.173108994809613
12_m18_activation_k,Granite,m18_activation_kv,static_1pct,10,opencompass_AIME2025_I_10,AIME-2025,,0.020703398236064152,,0.15339499241706478,0.13306293354753373,False,-0.08870412096014912,0.0,512,10000,perplexity_bf16=1.0209192002909848; perplexity_static=None; perplexity_method=1.1657853643912313
12_m18_activation_k,Granite,random_coupled_activation_k,static_1pct,10,opencompass_AIME2025_I_10,AIME-2025,,0.020703398236064152,,0.25720925554575697,0.13306293354753373,False,-1.047125554665297,0.0,512,10000,perplexity_bf16=1.0209192002909848; perplexity_static=None; perplexity_method=1.2933157319348714
12_m18_activation_k,Granite,kivi_key_only,static_1pct,11,opencompass_AIME2025_I_11,AIME-2025,,0.0013811333269134751,,0.17203561909955206,-0.0011922024259112263,True,,,512,10000,perplexity_bf16=1.0013820875307906; perplexity_static=None; perplexity_method=1.1877201379823072
12_m18_activation_k,Granite,m18_activation_k,static_1pct,11,opencompass_AIME2025_I_11,AIME-2025,,0.0013811333269134751,,0.006244348812735445,-0.0011922024259112263,True,,,512,10000,perplexity_bf16=1.0013820875307906; perplexity_static=None; perplexity_method=1.00626388540204
12_m18_activation_k,Granite,m18_activation_kv,static_1pct,11,opencompass_AIME2025_I_11,AIME-2025,,0.0013811333269134751,,0.015375397249756922,-0.0011922024259112263,True,,,512,10000,perplexity_bf16=1.0013820875307906; perplexity_static=None; perplexity_method=1.0154942068037567
12_m18_activation_k,Granite,random_coupled_activation_k,static_1pct,11,opencompass_AIME2025_I_11,AIME-2025,,0.0013811333269134751,,0.1766145853449777,-0.0011922024259112263,True,,,512,10000,perplexity_bf16=1.0013820875307906; perplexity_static=None; perplexity_method=1.1931711388534099
13_m26_stable_core,Granite,core_current_top1_union,static_1pct,0,opencompass_AIME2025_I_0,AIME-2025,,0.0018152593644025217,0.0006273773848011199,0.0006986119212235575,-0.0011893337179100794,True,,,512,10000,perplexity_bf16=1.0018169079450654; perplexity_static=1.0006275742271553; perplexity_method=1.000698856007369
13_m26_stable_core,Granite,m26_core,static_1pct,0,opencompass_AIME2025_I_0,AIME-2025,,0.0018152593644025217,0.0006273773848011199,0.0004486340470646333,-0.0011893337179100794,True,,,512,10000,perplexity_bf16=1.0018169079450654; perplexity_static=1.0006275742271553; perplexity_method=1.00044873469837
13_m26_stable_core,Granite,random_matched_core,static_1pct,0,opencompass_AIME2025_I_0,AIME-2025,,0.0018152593644025217,0.0006273773848011199,0.004233796986085281,-0.0011893337179100794,True,,,512,10000,perplexity_bf16=1.0018169079450654; perplexity_static=1.0006275742271553; perplexity_method=1.0042427721664386
13_m26_stable_core,Granite,core_current_top1_union,static_1pct,1,opencompass_AIME2025_I_1,AIME-2025,,0.02558990120633098,0.053008247101388406,0.03468271538440604,0.02851820756108725,False,0.6714014680556205,0.6714014680556205,512,10000,perplexity_bf16=1.0259201335823174; perplexity_static=1.0544383411434046; perplexity_method=1.0352911747205757
13_m26_stable_core,Granite,m26_core,static_1pct,1,opencompass_AIME2025_I_1,AIME-2025,,0.02558990120633098,0.053008247101388406,0.02635555138476775,0.02851820756108725,False,0.9724457886784391,0.9724457886784391,512,10000,perplexity_bf16=1.0259201335823174; perplexity_static=1.0544383411434046; perplexity_method=1.0267059302999677
13_m26_stable_core,Granite,random_matched_core,static_1pct,1,opencompass_AIME2025_I_1,AIME-2025,,0.02558990120633098,0.053008247101388406,0.14715553748828825,0.02851820756108725,False,-3.650152385683967,0.0,512,10000,perplexity_bf16=1.0259201335823174; perplexity_static=1.0544383411434046; perplexity_method=1.1585341445079378
13_m26_stable_core,Granite,core_current_top1_union,static_1pct,2,opencompass_AIME2025_I_2,AIME-2025,,0.012802009405277204,0.054472745359817054,0.03904064502421534,0.04309938962615045,False,0.37520135901256013,0.37520135901256013,512,10000,perplexity_bf16=1.0128843059397086; perplexity_static=1.055983695565859; perplexity_method=1.0398127460055155
13_m26_stable_core,Granite,m26_core,static_1pct,2,opencompass_AIME2025_I_2,AIME-2025,,0.012802009405277204,0.054472745359817054,0.043800915314932354,0.04309938962615045,False,0.2600816403725831,0.2600816403725831,512,10000,perplexity_bf16=1.0128843059397086; perplexity_static=1.055983695565859; perplexity_method=1.0447743356128327
13_m26_stable_core,Granite,random_matched_core,static_1pct,2,opencompass_AIME2025_I_2,AIME-2025,,0.012802009405277204,0.054472745359817054,0.03340708672112669,0.04309938962615045,False,0.5107340536360359,0.5107340536360359,512,10000,perplexity_bf16=1.0128843059397086; perplexity_static=1.055983695565859; perplexity_method=1.0339713695928563
13_m26_stable_core,Granite,core_current_top1_union,static_1pct,3,opencompass_AIME2025_I_3,AIME-2025,,0.00040124266054952784,0.0003411410087684752,0.000888898742449129,-6.012396517340868e-05,True,,,512,10000,perplexity_bf16=1.0004013231691533; perplexity_static=1.00034119920398; perplexity_method=1.0008892939300216
13_m26_stable_core,Granite,m26_core,static_1pct,3,opencompass_AIME2025_I_3,AIME-2025,,0.00040124266054952784,0.0003411410087684752,0.0006101977863597341,-6.012396517340868e-05,True,,,512,10000,perplexity_bf16=1.0004013231691533; perplexity_static=1.00034119920398; perplexity_method=1.0006103839949017
13_m26_stable_core,Granite,random_matched_core,static_1pct,3,opencompass_AIME2025_I_3,AIME-2025,,0.00040124266054952784,0.0003411410087684752,0.10663133446549011,-6.012396517340868e-05,True,,,512,10000,perplexity_bf16=1.0004013231691533; perplexity_static=1.00034119920398; perplexity_method=1.1125240296000571
13_m26_stable_core,Granite,core_current_top1_union,static_1pct,4,opencompass_AIME2025_I_4,AIME-2025,,0.03609823703300208,0.03684285231429385,0.08856035083590541,0.0007722731060850752,False,-71.30926472476771,0.0,512,10000,perplexity_bf16=1.0367576894878223; perplexity_static=1.0375299625939074; perplexity_method=1.0926001899555466
13_m26_stable_core,Granite,m26_core,static_1pct,4,opencompass_AIME2025_I_4,AIME-2025,,0.03609823703300208,0.03684285231429385,0.03288032339332858,0.0007722731060850752,False,5.313026881835041,1.0,512,10000,perplexity_bf16=1.0367576894878223; perplexity_static=1.0375299625939074; perplexity_method=1.0334268548211591
13_m26_stable_core,Granite,random_matched_core,static_1pct,4,opencompass_AIME2025_I_4,AIME-2025,,0.03609823703300208,0.03684285231429385,0.3457404531654902,0.0007722731060850752,False,-486.2345376171671,0.0,512,10000,perplexity_bf16=1.0367576894878223; perplexity_static=1.0375299625939074; perplexity_method=1.4130358192453574
13_m26_stable_core,Granite,core_current_top1_union,static_1pct,5,opencompass_AIME2025_I_5,AIME-2025,,4.493739586708401e-05,0.04951611763096586,5.866095665932325e-05,0.05071758947543281,False,0.9997293981866655,0.9997293981866655,512,10000,perplexity_bf16=1.000044938405567; perplexity_static=1.0507625278809998; perplexity_method=1.000058662677247
13_m26_stable_core,Granite,m26_core,static_1pct,5,opencompass_AIME2025_I_5,AIME-2025,,4.493739586708401e-05,0.04951611763096586,4.920095579283301e-05,0.05071758947543281,False,0.9999159313236907,0.9999159313236907,512,10000,perplexity_bf16=1.000044938405567; perplexity_static=1.0507625278809998; perplexity_method=1.0000492021661798
13_m26_stable_core,Granite,random_matched_core,static_1pct,5,opencompass_AIME2025_I_5,AIME-2025,,4.493739586708401e-05,0.04951611763096586,0.12348029414396276,0.05071758947543281,False,-1.5904774166944797,0.0,512,10000,perplexity_bf16=1.000044938405567; perplexity_static=1.0507625278809998; perplexity_method=1.1314277085708573
13_m26_stable_core,Granite,core_current_top1_union,static_1pct,6,opencompass_AIME2025_I_6,AIME-2025,,3.24848918841214e-05,1.4442438338146957e-05,1.780829268266393e-05,-1.8042876893220594e-05,True,,,512,10000,perplexity_bf16=1.000032485419524; perplexity_static=1.0000144425426307; perplexity_method=1.0000178084512512
13_m26_stable_core,Granite,m26_core,static_1pct,6,opencompass_AIME2025_I_6,AIME-2025,,3.24848918841214e-05,1.4442438338146957e-05,5.402311681870775e-05,-1.8042876893220594e-05,True,,,512,10000,perplexity_bf16=1.000032485419524; perplexity_static=1.0000144425426307; perplexity_method=1.0000540245760936
13_m26_stable_core,Granite,random_matched_core,static_1pct,6,opencompass_AIME2025_I_6,AIME-2025,,3.24848918841214e-05,1.4442438338146957e-05,0.13070722455929956,-1.8042876893220594e-05,True,,,512,10000,perplexity_bf16=1.000032485419524; perplexity_static=1.0000144425426307; perplexity_method=1.1396340755952352
13_m26_stable_core,Granite,core_current_top1_union,static_1pct,7,opencompass_AIME2025_I_7,AIME-2025,,0.0009341512697222942,0.011591499201476396,0.02310058764056122,0.010724353235221251,False,-1.0919569202844368,0.0,512,10000,perplexity_bf16=1.000934587724914; perplexity_static=1.0116589409601353; perplexity_method=1.02336947269091
13_m26_stable_core,Granite,m26_core,static_1pct,7,opencompass_AIME2025_I_7,AIME-2025,,0.0009341512697222942,0.011591499201476396,0.04951858306258483,0.010724353235221251,False,-3.6464835360685814,0.0,512,10000,perplexity_bf16=1.000934587724914; perplexity_static=1.0116589409601353; perplexity_method=1.0507651184673534
13_m26_stable_core,Granite,random_matched_core,static_1pct,7,opencompass_AIME2025_I_7,AIME-2025,,0.0009341512697222942,0.011591499201476396,0.0221750052038594,0.010724353235221251,False,-1.0036742459955277,0.0,512,10000,perplexity_bf16=1.000934587724914; perplexity_static=1.0116589409601353; perplexity_method=1.0224226981072857
13_m26_stable_core,Granite,core_current_top1_union,static_1pct,8,opencompass_AIME2025_I_8,AIME-2025,,0.0751182941668036,0.21070662349732472,0.20708616747137037,0.15653844809851214,False,0.02850132444607323,0.02850132444607323,512,10000,perplexity_bf16=1.0780116658341599; perplexity_static=1.234550113932672; perplexity_method=1.2300885608351315
13_m26_stable_core,Granite,m26_core,static_1pct,8,opencompass_AIME2025_I_8,AIME-2025,,0.0751182941668036,0.21070662349732472,0.22536411643306642,0.15653844809851214,False,-0.11644855808986154,0.0,512,10000,perplexity_bf16=1.0780116658341599; perplexity_static=1.234550113932672; perplexity_method=1.2527787904993684
13_m26_stable_core,Granite,random_matched_core,static_1pct,8,opencompass_AIME2025_I_8,AIME-2025,,0.0751182941668036,0.21070662349732472,0.3857263233318776,0.15653844809851214,False,-1.5084601469188903,0.0,512,10000,perplexity_bf16=1.0780116658341599; perplexity_static=1.234550113932672; perplexity_method=1.4706821243498087
13_m26_stable_core,Granite,core_current_top1_union,static_1pct,9,opencompass_AIME2025_I_9,AIME-2025,,0.00010308439202888486,0.0008578192632036075,0.0004647683390125307,0.0007550975899679457,False,0.5208743082343466,0.5208743082343466,512,10000,perplexity_bf16=1.0001030897054073; perplexity_static=1.0008581872953752; perplexity_method=1.0004648763605513
13_m26_stable_core,Granite,m26_core,static_1pct,9,opencompass_AIME2025_I_9,AIME-2025,,0.00010308439202888486,0.0008578192632036075,0.0007860307754787577,0.0007550975899679457,False,0.0951499749229412,0.0951499749229412,512,10000,perplexity_bf16=1.0001030897054073; perplexity_static=1.0008581872953752; perplexity_method=1.0007863397786254
13_m26_stable_core,Granite,random_matched_core,static_1pct,9,opencompass_AIME2025_I_9,AIME-2025,,0.00010308439202888486,0.0008578192632036075,0.0376580160788631,0.0007550975899679457,False,-49.68612989366393,0.0,512,10000,perplexity_bf16=1.0001030897054073; perplexity_static=1.0008581872953752; perplexity_method=1.0383760642329152
13_m26_stable_core,Granite,core_current_top1_union,static_1pct,10,opencompass_AIME2025_I_10,AIME-2025,,0.020703398236064152,0.14321868602370302,0.1292058633711231,0.13306293354753373,False,0.12067806120961122,0.12067806120961122,512,10000,perplexity_bf16=1.0209192002909848; perplexity_static=1.1539821338385186; perplexity_method=1.1379243569991389
13_m26_stable_core,Granite,m26_core,static_1pct,10,opencompass_AIME2025_I_10,AIME-2025,,0.020703398236064152,0.14321868602370302,0.13618606506513198,0.13306293354753373,False,0.060776121635049196,0.060776121635049196,512,10000,perplexity_bf16=1.0209192002909848; perplexity_static=1.1539821338385186; perplexity_method=1.1458950848041172
13_m26_stable_core,Granite,random_matched_core,static_1pct,10,opencompass_AIME2025_I_10,AIME-2025,,0.020703398236064152,0.14321868602370302,0.21634909902878863,0.13306293354753373,False,-0.6579863084220186,0.0,512,10000,perplexity_bf16=1.0209192002909848; perplexity_static=1.1539821338385186; perplexity_method=1.2415357222712646
13_m26_stable_core,Granite,core_current_top1_union,static_1pct,11,opencompass_AIME2025_I_11,AIME-2025,,0.0013811333269134751,0.000189867078984704,0.0004639457016503701,-0.0011922024259112263,True,,,512,10000,perplexity_bf16=1.0013820875307906; perplexity_static=1.0001898851048794; perplexity_method=1.000464053341103
13_m26_stable_core,Granite,m26_core,static_1pct,11,opencompass_AIME2025_I_11,AIME-2025,,0.0013811333269134751,0.000189867078984704,0.00033228585255686005,-0.0011922024259112263,True,,,512,10000,perplexity_bf16=1.0013820875307906; perplexity_static=1.0001898851048794; perplexity_method=1.0003323410656162
13_m26_stable_core,Granite,random_matched_core,static_1pct,11,opencompass_AIME2025_I_11,AIME-2025,,0.0013811333269134751,0.000189867078984704,0.2462025515705646,-0.0011922024259112263,True,,,512,10000,perplexity_bf16=1.0013820875307906; perplexity_static=1.0001898851048794; perplexity_method=1.27915864289552
14_decdec_proxy,Granite,decdec_reactive_top1_proxy,static_1pct,0,opencompass_AIME2025_I_0,AIME-2025,,0.0018152593644025217,0.0006273773848011199,0.0006347274628417665,-0.0011893337179100794,True,,,512,10000,perplexity_bf16=1.0018169079450654; perplexity_static=1.0006275742271553; perplexity_method=1.0006349289449443
14_decdec_proxy,Granite,random_reactive_top1,static_1pct,0,opencompass_AIME2025_I_0,AIME-2025,,0.0018152593644025217,0.0006273773848011199,0.004275207332131714,-0.0011893337179100794,True,,,512,10000,perplexity_bf16=1.0018169079450654; perplexity_static=1.0006275742271553; perplexity_method=1.0042843590682067
14_decdec_proxy,Granite,static_top10,static_1pct,0,opencompass_AIME2025_I_0,AIME-2025,,0.0018152593644025217,0.0006273773848011199,0.0016264654554034585,-0.0011893337179100794,True,,,512,10000,perplexity_bf16=1.0018169079450654; perplexity_static=1.0006275742271553; perplexity_method=1.0016277888677398
14_decdec_proxy,Granite,decdec_reactive_top1_proxy,static_1pct,1,opencompass_AIME2025_I_1,AIME-2025,,0.02558990120633098,0.053008247101388406,0.06271452291548485,0.02851820756108725,False,-0.36062928229559765,0.0,512,10000,perplexity_bf16=1.0259201335823174; perplexity_static=1.0544383411434046; perplexity_method=1.0647228418685164
14_decdec_proxy,Granite,random_reactive_top1,static_1pct,1,opencompass_AIME2025_I_1,AIME-2025,,0.02558990120633098,0.053008247101388406,0.25762400054372847,0.02851820756108725,False,-8.39512433446092,0.0,512,10000,perplexity_bf16=1.0259201335823174; perplexity_static=1.0544383411434046; perplexity_method=1.2938522394146956
14_decdec_proxy,Granite,static_top10,static_1pct,1,opencompass_AIME2025_I_1,AIME-2025,,0.02558990120633098,0.053008247101388406,1.1018450676929206,0.02851820756108725,False,-68.56236265688855,0.0,512,10000,perplexity_bf16=1.0259201335823174; perplexity_static=1.0544383411434046; perplexity_method=3.00971403027109
14_decdec_proxy,Granite,decdec_reactive_top1_proxy,static_1pct,2,opencompass_AIME2025_I_2,AIME-2025,,0.012802009405277204,0.054472745359817054,0.06127461596770445,0.04309938962615045,False,-0.16722157274394145,0.0,512,10000,perplexity_bf16=1.0128843059397086; perplexity_static=1.055983695565859; perplexity_method=1.0631908432834478
14_decdec_proxy,Granite,random_reactive_top1,static_1pct,2,opencompass_AIME2025_I_2,AIME-2025,,0.012802009405277204,0.054472745359817054,0.09760474457289092,0.04309938962615045,False,-1.0799044734625998,0.0,512,10000,perplexity_bf16=1.0128843059397086; perplexity_static=1.055983695565859; perplexity_method=1.1025269192266465
14_decdec_proxy,Granite,static_top10,static_1pct,2,opencompass_AIME2025_I_2,AIME-2025,,0.012802009405277204,0.054472745359817054,0.12541654281085357,0.04309938962615045,False,-1.8013447831840943,0.0,512,10000,perplexity_bf16=1.0128843059397086; perplexity_static=1.055983695565859; perplexity_method=1.1336205562273438
14_decdec_proxy,Granite,decdec_reactive_top1_proxy,static_1pct,3,opencompass_AIME2025_I_3,AIME-2025,,0.00040124266054952784,0.0003411410087684752,0.002245828390249116,-6.012396517340868e-05,True,,,512,10000,perplexity_bf16=1.0004013231691533; perplexity_static=1.00034119920398; perplexity_method=1.0022483521517864
14_decdec_proxy,Granite,random_reactive_top1,static_1pct,3,opencompass_AIME2025_I_3,AIME-2025,,0.00040124266054952784,0.0003411410087684752,0.06366399382029542,-6.012396517340868e-05,True,,,512,10000,perplexity_bf16=1.0004013231691533; perplexity_static=1.00034119920398; perplexity_method=1.0657342453016427
14_decdec_proxy,Granite,static_top10,static_1pct,3,opencompass_AIME2025_I_3,AIME-2025,,0.00040124266054952784,0.0003411410087684752,0.001910369329867656,-6.012396517340868e-05,True,,,512,10000,perplexity_bf16=1.0004013231691533; perplexity_static=1.00034119920398; perplexity_method=1.0019121952478967
14_decdec_proxy,Granite,decdec_reactive_top1_proxy,static_1pct,4,opencompass_AIME2025_I_4,AIME-2025,,0.03609823703300208,0.03684285231429385,0.2597103702428285,0.0007722731060850752,False,-335.405372628315,0.0,512,10000,perplexity_bf16=1.0367576894878223; perplexity_static=1.0375299625939074; perplexity_method=1.2965545115111983
14_decdec_proxy,Granite,random_reactive_top1,static_1pct,4,opencompass_AIME2025_I_4,AIME-2025,,0.03609823703300208,0.03684285231429385,0.3143178742611781,0.0007722731060850752,False,-429.63425156095434,0.0,512,10000,perplexity_bf16=1.0367576894878223; perplexity_static=1.0375299625939074; perplexity_method=1.3693249405274222
14_decdec_proxy,Granite,static_top10,static_1pct,4,opencompass_AIME2025_I_4,AIME-2025,,0.03609823703300208,0.03684285231429385,0.648790210718289,0.0007722731060850752,False,-1133.9186357450153,0.0,512,10000,perplexity_bf16=1.0367576894878223; perplexity_static=1.0375299625939074; perplexity_method=1.9132248294684613
14_decdec_proxy,Granite,decdec_reactive_top1_proxy,static_1pct,5,opencompass_AIME2025_I_5,AIME-2025,,4.493739586708401e-05,0.04951611763096586,0.004334685882613612,0.05071758947543281,False,0.9152334355493414,0.9152334355493414,512,10000,perplexity_bf16=1.000044938405567; perplexity_static=1.0507625278809998; perplexity_method=1.0043440942226183
14_decdec_proxy,Granite,random_reactive_top1,static_1pct,5,opencompass_AIME2025_I_5,AIME-2025,,4.493739586708401e-05,0.04951611763096586,0.09277387112762353,0.05071758947543281,False,-0.9158768809733373,0.0,512,10000,perplexity_bf16=1.000044938405567; perplexity_static=1.0507625278809998; perplexity_method=1.0972135955402453
14_decdec_proxy,Granite,static_top10,static_1pct,5,opencompass_AIME2025_I_5,AIME-2025,,4.493739586708401e-05,0.04951611763096586,2.3678832019119467e-05,0.05071758947543281,False,1.0004191700240874,1.0,512,10000,perplexity_bf16=1.000044938405567; perplexity_static=1.0507625278809998; perplexity_method=1.000023679112365
14_decdec_proxy,Granite,decdec_reactive_top1_proxy,static_1pct,6,opencompass_AIME2025_I_6,AIME-2025,,3.24848918841214e-05,1.4442438338146957e-05,1.69117285640924e-05,-1.8042876893220594e-05,True,,,512,10000,perplexity_bf16=1.000032485419524; perplexity_static=1.0000144425426307; perplexity_method=1.0000169118715683
14_decdec_proxy,Granite,random_reactive_top1,static_1pct,6,opencompass_AIME2025_I_6,AIME-2025,,3.24848918841214e-05,1.4442438338146957e-05,0.12114205982013872,-1.8042876893220594e-05,True,,,512,10000,perplexity_bf16=1.000032485419524; perplexity_static=1.0000144425426307; perplexity_method=1.1287852560083236
14_decdec_proxy,Granite,static_top10,static_1pct,6,opencompass_AIME2025_I_6,AIME-2025,,3.24848918841214e-05,1.4442438338146957e-05,2.4136951041642263e-05,-1.8042876893220594e-05,True,,,512,10000,perplexity_bf16=1.000032485419524; perplexity_static=1.0000144425426307; perplexity_method=1.0000241372423402
14_decdec_proxy,Granite,decdec_reactive_top1_proxy,static_1pct,7,opencompass_AIME2025_I_7,AIME-2025,,0.0009341512697222942,0.011591499201476396,0.09782497781611554,0.010724353235221251,False,-8.495693501232758,0.0,512,10000,perplexity_bf16=1.000934587724914; perplexity_static=1.0116589409601353; perplexity_method=1.102769759045529
14_decdec_proxy,Granite,random_reactive_top1,static_1pct,7,opencompass_AIME2025_I_7,AIME-2025,,0.0009341512697222942,0.011591499201476396,0.02073758356299038,0.010724353235221251,False,-0.8667338887624265,0.0,512,10000,perplexity_bf16=1.000934587724914; perplexity_static=1.0116589409601353; perplexity_method=1.0209541013441605
14_decdec_proxy,Granite,static_top10,static_1pct,7,opencompass_AIME2025_I_7,AIME-2025,,0.0009341512697222942,0.011591499201476396,0.01901990696319933,0.010724353235221251,False,-0.7033521281281359,0.0,512,10000,perplexity_bf16=1.000934587724914; perplexity_static=1.0116589409601353; perplexity_method=1.019201937630926
14_decdec_proxy,Granite,decdec_reactive_top1_proxy,static_1pct,8,opencompass_AIME2025_I_8,AIME-2025,,0.0751182941668036,0.21070662349732472,0.2072578635818974,0.15653844809851214,False,0.027152010227528556,0.027152010227528556,512,10000,perplexity_bf16=1.0780116658341599; perplexity_static=1.234550113932672; perplexity_method=1.2302997803888998
14_decdec_proxy,Granite,random_reactive_top1,static_1pct,8,opencompass_AIME2025_I_8,AIME-2025,,0.0751182941668036,0.21070662349732472,0.37898147548545835,0.15653844809851214,False,-1.4453053787875558,0.0,512,10000,perplexity_bf16=1.0780116658341599; perplexity_static=1.234550113932672; perplexity_method=1.4607959749565083
14_decdec_proxy,Granite,static_top10,static_1pct,8,opencompass_AIME2025_I_8,AIME-2025,,0.0751182941668036,0.21070662349732472,0.1789120685324927,0.15653844809851214,False,0.2468053917081915,0.2468053917081915,512,10000,perplexity_bf16=1.0780116658341599; perplexity_static=1.234550113932672; perplexity_method=1.1959155809323263
14_decdec_proxy,Granite,decdec_reactive_top1_proxy,static_1pct,9,opencompass_AIME2025_I_9,AIME-2025,,0.00010308439202888486,0.0008578192632036075,0.0003490574152821002,0.0007550975899679457,False,0.6741763703501289,0.6741763703501289,512,10000,perplexity_bf16=1.0001030897054073; perplexity_static=1.0008581872953752; perplexity_method=1.0003491183429105
14_decdec_proxy,Granite,random_reactive_top1,static_1pct,9,opencompass_AIME2025_I_9,AIME-2025,,0.00010308439202888486,0.0008578192632036075,0.15436522262294972,0.0007550975899679457,False,-219.917012526276,0.0,512,10000,perplexity_bf16=1.0001030897054073; perplexity_static=1.0008581872953752; perplexity_method=1.1669169934469168
14_decdec_proxy,Granite,static_top10,static_1pct,9,opencompass_AIME2025_I_9,AIME-2025,,0.00010308439202888486,0.0008578192632036075,0.00039185641352101896,0.0007550975899679457,False,0.6174752804074675,0.6174752804074675,512,10000,perplexity_bf16=1.0001030897054073; perplexity_static=1.0008581872953752; perplexity_method=1.0003919331992748
14_decdec_proxy,Granite,decdec_reactive_top1_proxy,static_1pct,10,opencompass_AIME2025_I_10,AIME-2025,,0.020703398236064152,0.14321868602370302,0.13059511765929432,0.13306293354753373,False,0.10878921379182616,0.10878921379182616,512,10000,perplexity_bf16=1.0209192002909848; perplexity_static=1.1539821338385186; perplexity_method=1.1395063219130483
14_decdec_proxy,Granite,random_reactive_top1,static_1pct,10,opencompass_AIME2025_I_10,AIME-2025,,0.020703398236064152,0.14321868602370302,0.20576286638145824,0.13306293354753373,False,-0.5597330828554168,0.0,512,10000,perplexity_bf16=1.0209192002909848; perplexity_static=1.1539821338385186; perplexity_method=1.228461859846865
14_decdec_proxy,Granite,static_top10,static_1pct,10,opencompass_AIME2025_I_10,AIME-2025,,0.020703398236064152,0.14321868602370302,0.10883967397363338,0.13306293354753373,False,0.29308356334997165,0.29308356334997165,512,10000,perplexity_bf16=1.0209192002909848; perplexity_static=1.1539821338385186; perplexity_method=1.1149835751246069
14_decdec_proxy,Granite,decdec_reactive_top1_proxy,static_1pct,11,opencompass_AIME2025_I_11,AIME-2025,,0.0013811333269134751,0.000189867078984704,0.0007601121581203851,-0.0011922024259112263,True,,,512,10000,perplexity_bf16=1.0013820875307906; perplexity_static=1.0001898851048794; perplexity_method=1.0007604011165758
14_decdec_proxy,Granite,random_reactive_top1,static_1pct,11,opencompass_AIME2025_I_11,AIME-2025,,0.0013811333269134751,0.000189867078984704,0.2376237984850355,-0.0011922024259112263,True,,,512,10000,perplexity_bf16=1.0013820875307906; perplexity_static=1.0001898851048794; perplexity_method=1.2682319922719343
14_decdec_proxy,Granite,static_top10,static_1pct,11,opencompass_AIME2025_I_11,AIME-2025,,0.0013811333269134751,0.000189867078984704,0.00028695739269163356,-0.0011922024259112263,True,,,512,10000,perplexity_bf16=1.0013820875307906; perplexity_static=1.0001898851048794; perplexity_method=1.0002869985689027
17_mpred,Granite/DeepSeek/Falcon,m11b_top10,static_1pct,0,opencompass_AIME2025_I_0,AIME-2025,,0.0018152593644025217,0.0006273773848011199,0.0008026155822562497,-0.0011893337179100794,True,,,512,10000,perplexity_bf16=1.0018169079450654; perplexity_static=1.0006275742271553; perplexity_method=1.000802937764333
17_mpred,Granite/DeepSeek/Falcon,m11b_top5,static_1pct,0,opencompass_AIME2025_I_0,AIME-2025,,0.0018152593644025217,0.0006273773848011199,0.0008102262545932604,-0.0011893337179100794,True,,,512,10000,perplexity_bf16=1.0018169079450654; perplexity_static=1.0006275742271553; perplexity_method=1.0008105545765509
17_mpred,Granite/DeepSeek/Falcon,mpred_top10_alpha_0_95,static_1pct,0,opencompass_AIME2025_I_0,AIME-2025,,0.0018152593644025217,0.0006273773848011199,0.0011724009100930743,-0.0011893337179100794,True,,,512,10000,perplexity_bf16=1.0018169079450654; perplexity_static=1.0006275742271553; perplexity_method=1.001173088440701
17_mpred,Granite/DeepSeek/Falcon,mpred_top5_alpha_0_95,static_1pct,0,opencompass_AIME2025_I_0,AIME-2025,,0.0018152593644025217,0.0006273773848011199,0.0011142508441834842,-0.0011893337179100794,True,,,512,10000,perplexity_bf16=1.0018169079450654; perplexity_static=1.0006275742271553; perplexity_method=1.0011148718522869
17_mpred,Granite/DeepSeek/Falcon,static_top10,static_1pct,0,opencompass_AIME2025_I_0,AIME-2025,,0.0018152593644025217,0.0006273773848011199,0.001819146224052437,-0.0011893337179100794,True,,,512,10000,perplexity_bf16=1.0018169079450654; perplexity_static=1.0006275742271553; perplexity_method=1.001820801874349
17_mpred,Granite/DeepSeek/Falcon,m11b_top10,static_1pct,1,opencompass_AIME2025_I_1,AIME-2025,,0.02558990120633098,0.053008247101388406,0.054663657283526845,0.02851820756108725,False,-0.0612581819027076,0.0,512,10000,perplexity_bf16=1.0259201335823174; perplexity_static=1.0544383411434046; perplexity_method=1.0561853146897209
17_mpred,Granite/DeepSeek/Falcon,m11b_top5,static_1pct,1,opencompass_AIME2025_I_1,AIME-2025,,0.02558990120633098,0.053008247101388406,0.015289054608729202,0.02851820756108725,False,1.3686628418925668,1.0,512,10000,perplexity_bf16=1.0259201335823174; perplexity_static=1.0544383411434046; perplexity_method=1.0154065301371649
17_mpred,Granite/DeepSeek/Falcon,mpred_top10_alpha_0_95,static_1pct,1,opencompass_AIME2025_I_1,AIME-2025,,0.02558990120633098,0.053008247101388406,2.4987744400277734,0.02851820756108725,False,-389.68558469514204,0.0,512,10000,perplexity_bf16=1.0259201335823174; perplexity_static=1.0544383411434046; perplexity_method=12.16757272904311
17_mpred,Granite/DeepSeek/Falcon,mpred_top5_alpha_0_95,static_1pct,1,opencompass_AIME2025_I_1,AIME-2025,,0.02558990120633098,0.053008247101388406,0.34658637788379565,0.02851820756108725,False,-12.61626646686622,0.0,512,10000,perplexity_bf16=1.0259201335823174; perplexity_static=1.0544383411434046; perplexity_method=1.4142316468914804
17_mpred,Granite/DeepSeek/Falcon,static_top10,static_1pct,1,opencompass_AIME2025_I_1,AIME-2025,,0.02558990120633098,0.053008247101388406,0.9465080787194893,0.02851820756108725,False,-53.37845888236424,0.0,512,10000,perplexity_bf16=1.0259201335823174; perplexity_static=1.0544383411434046; perplexity_method=2.5766963108416294
17_mpred,Granite/DeepSeek/Falcon,m11b_top10,static_1pct,2,opencompass_AIME2025_I_2,AIME-2025,,0.012802009405277204,0.054472745359817054,0.04459655378741445,0.04309938962615045,False,0.2407868558365348,0.2407868558365348,512,10000,perplexity_bf16=1.0128843059397086; perplexity_static=1.055983695565859; perplexity_method=1.0456059290493045
17_mpred,Granite/DeepSeek/Falcon,m11b_top5,static_1pct,2,opencompass_AIME2025_I_2,AIME-2025,,0.012802009405277204,0.054472745359817054,0.012768366772434092,0.04309938962615045,False,1.00079062654749,1.0,512,10000,perplexity_bf16=1.0128843059397086; perplexity_static=1.055983695565859; perplexity_method=1.0128502304180895
17_mpred,Granite/DeepSeek/Falcon,mpred_top10_alpha_0_95,static_1pct,2,opencompass_AIME2025_I_2,AIME-2025,,0.012802009405277204,0.054472745359817054,2.0803755382075906,0.04309938962615045,False,-161.28979615347146,0.0,512,10000,perplexity_bf16=1.0128843059397086; perplexity_static=1.055983695565859; perplexity_method=8.007475462706708
17_mpred,Granite/DeepSeek/Falcon,mpred_top5_alpha_0_95,static_1pct,2,opencompass_AIME2025_I_2,AIME-2025,,0.012802009405277204,0.054472745359817054,0.19625686973449774,0.04309938962615045,False,-3.7322045682046863,0.0,512,10000,perplexity_bf16=1.0128843059397086; perplexity_static=1.055983695565859; perplexity_method=1.2168394344154114
17_mpred,Granite/DeepSeek/Falcon,static_top10,static_1pct,2,opencompass_AIME2025_I_2,AIME-2025,,0.012802009405277204,0.054472745359817054,0.07734136843646411,0.04309938962615045,False,-0.5667629228783271,0.0,512,10000,perplexity_bf16=1.0128843059397086; perplexity_static=1.055983695565859; perplexity_method=1.080410831604648
17_mpred,Granite/DeepSeek/Falcon,m11b_top10,static_1pct,3,opencompass_AIME2025_I_3,AIME-2025,,0.00040124266054952784,0.0003411410087684752,0.00105266998989606,-6.012396517340868e-05,True,,,512,10000,perplexity_bf16=1.0004013231691533; perplexity_static=1.00034119920398; perplexity_method=1.001053224241414
17_mpred,Granite/DeepSeek/Falcon,m11b_top5,static_1pct,3,opencompass_AIME2025_I_3,AIME-2025,,0.00040124266054952784,0.0003411410087684752,0.0016604539222688786,-6.012396517340868e-05,True,,,512,10000,perplexity_bf16=1.0004013231691533; perplexity_static=1.00034119920398; perplexity_method=1.001661833239208
17_mpred,Granite/DeepSeek/Falcon,mpred_top10_alpha_0_95,static_1pct,3,opencompass_AIME2025_I_3,AIME-2025,,0.00040124266054952784,0.0003411410087684752,0.0005304936535930338,-6.012396517340868e-05,True,,,512,10000,perplexity_bf16=1.0004013231691533; perplexity_static=1.00034119920398; perplexity_method=1.0005306343902367
17_mpred,Granite/DeepSeek/Falcon,mpred_top5_alpha_0_95,static_1pct,3,opencompass_AIME2025_I_3,AIME-2025,,0.00040124266054952784,0.0003411410087684752,0.0009688844853883438,-6.012396517340868e-05,True,,,512,10000,perplexity_bf16=1.0004013231691533; perplexity_static=1.00034119920398; perplexity_method=1.000969354005586
17_mpred,Granite/DeepSeek/Falcon,static_top10,static_1pct,3,opencompass_AIME2025_I_3,AIME-2025,,0.00040124266054952784,0.0003411410087684752,0.0022835898482425065,-6.012396517340868e-05,True,,,512,10000,perplexity_bf16=1.0004013231691533; perplexity_static=1.00034119920398; perplexity_method=1.002286199225411
17_mpred,Granite/DeepSeek/Falcon,m11b_top10,static_1pct,4,opencompass_AIME2025_I_4,AIME-2025,,0.03609823703300208,0.03684285231429385,0.04461688360970584,0.0007722731060850752,False,-10.484922484541741,0.0,512,10000,perplexity_bf16=1.0367576894878223; perplexity_static=1.0375299625939074; perplexity_method=1.0456271862481057
17_mpred,Granite/DeepSeek/Falcon,m11b_top5,static_1pct,4,opencompass_AIME2025_I_4,AIME-2025,,0.03609823703300208,0.03684285231429385,0.038867058836331125,0.0007722731060850752,False,-2.722226022567281,0.0,512,10000,perplexity_bf16=1.0367576894878223; perplexity_static=1.0375299625939074; perplexity_method=1.039632264539821
17_mpred,Granite/DeepSeek/Falcon,mpred_top10_alpha_0_95,static_1pct,4,opencompass_AIME2025_I_4,AIME-2025,,0.03609823703300208,0.03684285231429385,2.5066975113004446,0.0007722731060850752,False,-14537.383400528344,0.0,512,10000,perplexity_bf16=1.0367576894878223; perplexity_static=1.0375299625939074; perplexity_method=12.264360195669544
17_mpred,Granite/DeepSeek/Falcon,mpred_top5_alpha_0_95,static_1pct,4,opencompass_AIME2025_I_4,AIME-2025,,0.03609823703300208,0.03684285231429385,0.7809651936404407,0.0007722731060850752,False,-1483.9942676845346,0.0,512,10000,perplexity_bf16=1.0367576894878223; perplexity_static=1.0375299625939074; perplexity_method=2.1835788251110895
17_mpred,Granite/DeepSeek/Falcon,static_top10,static_1pct,4,opencompass_AIME2025_I_4,AIME-2025,,0.03609823703300208,0.03684285231429385,0.43205984064843506,0.0007722731060850752,False,-651.1910437055519,0.0,512,10000,perplexity_bf16=1.0367576894878223; perplexity_static=1.0375299625939074; perplexity_method=1.540427292571176
17_mpred,Granite/DeepSeek/Falcon,m11b_top10,static_1pct,5,opencompass_AIME2025_I_5,AIME-2025,,4.493739586708401e-05,0.04951611763096586,3.5998959438857114e-05,0.05071758947543281,False,1.0001762465103397,1.0,512,10000,perplexity_bf16=1.000044938405567; perplexity_static=1.0507625278809998; perplexity_method=1.000035999607409
17_mpred,Granite/DeepSeek/Falcon,m11b_top5,static_1pct,5,opencompass_AIME2025_I_5,AIME-2025,,4.493739586708401e-05,0.04951611763096586,2.6449748346188406e-05,0.05071758947543281,False,1.000364534427094,1.0,512,10000,perplexity_bf16=1.000044938405567; perplexity_static=1.0507625278809998; perplexity_method=1.000026450098144
17_mpred,Granite/DeepSeek/Falcon,mpred_top10_alpha_0_95,static_1pct,5,opencompass_AIME2025_I_5,AIME-2025,,4.493739586708401e-05,0.04951611763096586,0.016830808144358722,0.05071758947543281,False,0.6662241650728762,0.6662241650728762,512,10000,perplexity_bf16=1.000044938405567; perplexity_static=1.0507625278809998; perplexity_method=1.0169732441782207
17_mpred,Granite/DeepSeek/Falcon,mpred_top5_alpha_0_95,static_1pct,5,opencompass_AIME2025_I_5,AIME-2025,,4.493739586708401e-05,0.04951611763096586,0.05857634734516573,0.05071758947543281,False,-0.18856195439319445,0.0,512,10000,perplexity_bf16=1.000044938405567; perplexity_static=1.0507625278809998; perplexity_method=1.060325935674599
17_mpred,Granite/DeepSeek/Falcon,static_top10,static_1pct,5,opencompass_AIME2025_I_5,AIME-2025,,4.493739586708401e-05,0.04951611763096586,2.8265027363125195e-05,0.05071758947543281,False,1.000328741545419,1.0,512,10000,perplexity_bf16=1.000044938405567; perplexity_static=1.0507625278809998; perplexity_method=1.0000282654268229
17_mpred,Granite/DeepSeek/Falcon,m11b_top10,static_1pct,6,opencompass_AIME2025_I_6,AIME-2025,,3.24848918841214e-05,1.4442438338146957e-05,3.147055488086914e-05,-1.8042876893220594e-05,True,,,512,10000,perplexity_bf16=1.000032485419524; perplexity_static=1.0000144425426307; perplexity_method=1.000031471050084
17_mpred,Granite/DeepSeek/Falcon,m11b_top5,static_1pct,6,opencompass_AIME2025_I_6,AIME-2025,,3.24848918841214e-05,1.4442438338146957e-05,1.920215917163015e-05,-1.8042876893220594e-05,True,,,512,10000,perplexity_bf16=1.000032485419524; perplexity_static=1.0000144425426307; perplexity_method=1.0000192023435344
17_mpred,Granite/DeepSeek/Falcon,mpred_top10_alpha_0_95,static_1pct,6,opencompass_AIME2025_I_6,AIME-2025,,3.24848918841214e-05,1.4442438338146957e-05,1.1884366764913779e-05,-1.8042876893220594e-05,True,,,512,10000,perplexity_bf16=1.000032485419524; perplexity_static=1.0000144425426307; perplexity_method=1.0000118844373842
17_mpred,Granite/DeepSeek/Falcon,mpred_top5_alpha_0_95,static_1pct,6,opencompass_AIME2025_I_6,AIME-2025,,3.24848918841214e-05,1.4442438338146957e-05,1.8184720609631944e-05,-1.8042876893220594e-05,True,,,512,10000,perplexity_bf16=1.000032485419524; perplexity_static=1.0000144425426307; perplexity_method=1.0000181848859526
17_mpred,Granite/DeepSeek/Falcon,static_top10,static_1pct,6,opencompass_AIME2025_I_6,AIME-2025,,3.24848918841214e-05,1.4442438338146957e-05,2.3796004705853302e-05,-1.8042876893220594e-05,True,,,512,10000,perplexity_bf16=1.000032485419524; perplexity_static=1.0000144425426307; perplexity_method=1.0000237962878331
17_mpred,Granite/DeepSeek/Falcon,m11b_top10,static_1pct,7,opencompass_AIME2025_I_7,AIME-2025,,0.0009341512697222942,0.011591499201476396,0.019272462401974444,0.010724353235221251,False,-0.7273570722179588,0.0,512,10000,perplexity_bf16=1.000934587724914; perplexity_static=1.0116589409601353; perplexity_method=1.019459375130737
17_mpred,Granite/DeepSeek/Falcon,m11b_top5,static_1pct,7,opencompass_AIME2025_I_7,AIME-2025,,0.0009341512697222942,0.011591499201476396,0.035455645944187486,0.010724353235221251,False,-2.2782493959434995,0.0,512,10000,perplexity_bf16=1.000934587724914; perplexity_static=1.0116589409601353; perplexity_method=1.0360916922401628
17_mpred,Granite/DeepSeek/Falcon,mpred_top10_alpha_0_95,static_1pct,7,opencompass_AIME2025_I_7,AIME-2025,,0.0009341512697222942,0.011591499201476396,0.16463940230459606,0.010724353235221251,False,-15.600844574070052,0.0,512,10000,perplexity_bf16=1.000934587724914; perplexity_static=1.0116589409601353; perplexity_method=1.1789679089402474
17_mpred,Granite/DeepSeek/Falcon,mpred_top5_alpha_0_95,static_1pct,7,opencompass_AIME2025_I_7,AIME-2025,,0.0009341512697222942,0.011591499201476396,0.13554496814322992,0.010724353235221251,False,-12.448466265357741,0.0,512,10000,perplexity_bf16=1.000934587724914; perplexity_static=1.0116589409601353; perplexity_method=1.1451606904265672
17_mpred,Granite/DeepSeek/Falcon,static_top10,static_1pct,7,opencompass_AIME2025_I_7,AIME-2025,,0.0009341512697222942,0.011591499201476396,0.015057208200130345,0.010724353235221251,False,-0.32749742861470765,0.0,512,10000,perplexity_bf16=1.000934587724914; perplexity_static=1.0116589409601353; perplexity_method=1.015171139068226
17_mpred,Granite/DeepSeek/Falcon,m11b_top10,static_1pct,8,opencompass_AIME2025_I_8,AIME-2025,,0.0751182941668036,0.21070662349732472,0.1797075155621144,0.15653844809851214,False,0.24072595270878616,0.24072595270878616,512,10000,perplexity_bf16=1.0780116658341599; perplexity_static=1.234550113932672; perplexity_method=1.1968672468786028
17_mpred,Granite/DeepSeek/Falcon,m11b_top5,static_1pct,8,opencompass_AIME2025_I_8,AIME-2025,,0.0751182941668036,0.21070662349732472,0.19531906958601547,0.15653844809851214,False,0.12042598498579371,0.12042598498579371,512,10000,perplexity_bf16=1.0780116658341599; perplexity_static=1.234550113932672; perplexity_method=1.2156988171322611
17_mpred,Granite/DeepSeek/Falcon,mpred_top10_alpha_0_95,static_1pct,8,opencompass_AIME2025_I_8,AIME-2025,,0.0751182941668036,0.21070662349732472,0.19680638927478117,0.15653844809851214,False,0.10886666450613691,0.10886666450613691,512,10000,perplexity_bf16=1.0780116658341599; perplexity_static=1.234550113932672; perplexity_method=1.21750829522122
17_mpred,Granite/DeepSeek/Falcon,mpred_top5_alpha_0_95,static_1pct,8,opencompass_AIME2025_I_8,AIME-2025,,0.0751182941668036,0.21070662349732472,0.2175056163976128,0.15653844809851214,False,-0.053803373452596004,0.0,512,10000,perplexity_bf16=1.0780116658341599; perplexity_static=1.234550113932672; perplexity_method=1.242972410515406
17_mpred,Granite/DeepSeek/Falcon,static_top10,static_1pct,8,opencompass_AIME2025_I_8,AIME-2025,,0.0751182941668036,0.21070662349732472,0.18189753496105054,0.15653844809851214,False,0.2239630755035379,0.2239630755035379,512,10000,perplexity_bf16=1.0780116658341599; perplexity_static=1.234550113932672; perplexity_method=1.1994912816619783
17_mpred,Granite/DeepSeek/Falcon,m11b_top10,static_1pct,9,opencompass_AIME2025_I_9,AIME-2025,,0.00010308439202888486,0.0008578192632036075,0.00048437916094787314,0.0007550975899679457,False,0.49489073844630693,0.49489073844630693,512,10000,perplexity_bf16=1.0001030897054073; perplexity_static=1.0008581872953752; perplexity_method=1.000484496491477
17_mpred,Granite/DeepSeek/Falcon,m11b_top5,static_1pct,9,opencompass_AIME2025_I_9,AIME-2025,,0.00010308439202888486,0.0008578192632036075,0.0003265108572931552,0.0007550975899679457,False,0.7040455891702454,0.7040455891702454,512,10000,perplexity_bf16=1.0001030897054073; perplexity_static=1.0008581872953752; perplexity_method=1.0003265641677652
17_mpred,Granite/DeepSeek/Falcon,mpred_top10_alpha_0_95,static_1pct,9,opencompass_AIME2025_I_9,AIME-2025,,0.00010308439202888486,0.0008578192632036075,0.0006073281227351873,0.0007550975899679457,False,0.33197657482333864,0.33197657482333864,512,10000,perplexity_bf16=1.0001030897054073; perplexity_static=1.0008581872953752; perplexity_method=1.0006075125838003
17_mpred,Granite/DeepSeek/Falcon,mpred_top5_alpha_0_95,static_1pct,9,opencompass_AIME2025_I_9,AIME-2025,,0.00010308439202888486,0.0008578192632036075,0.0008203417628061399,0.0007550975899679457,False,0.049674321220227524,0.049674321220227524,512,10000,perplexity_bf16=1.0001030897054073; perplexity_static=1.0008581872953752; perplexity_method=1.0008206783351385
17_mpred,Granite/DeepSeek/Falcon,static_top10,static_1pct,9,opencompass_AIME2025_I_9,AIME-2025,,0.00010308439202888486,0.0008578192632036075,0.0004229611557815538,0.0007550975899679457,False,0.5762654850086053,0.5762654850086053,512,10000,perplexity_bf16=1.0001030897054073; perplexity_static=1.0008581872953752; perplexity_method=1.0004230506164635
17_mpred,Granite/DeepSeek/Falcon,m11b_top10,static_1pct,10,opencompass_AIME2025_I_10,AIME-2025,,0.020703398236064152,0.14321868602370302,0.09884632984759874,0.13306293354753373,False,0.3764044722712442,0.3764044722712442,512,10000,perplexity_bf16=1.0209192002909848; perplexity_static=1.1539821338385186; perplexity_method=1.1038966505576955
17_mpred,Granite/DeepSeek/Falcon,m11b_top5,static_1pct,10,opencompass_AIME2025_I_10,AIME-2025,,0.020703398236064152,0.14321868602370302,0.1205333717563924,0.13306293354753373,False,0.19452259307894781,0.19452259307894781,512,10000,perplexity_bf16=1.0209192002909848; perplexity_static=1.1539821338385186; perplexity_method=1.1280983869621606
17_mpred,Granite/DeepSeek/Falcon,mpred_top10_alpha_0_95,static_1pct,10,opencompass_AIME2025_I_10,AIME-2025,,0.020703398236064152,0.14321868602370302,0.1072538633775439,0.13306293354753373,False,0.30636112670961646,0.30636112670961646,512,10000,perplexity_bf16=1.0209192002909848; perplexity_static=1.1539821338385186; perplexity_method=1.1132168235936093
17_mpred,Granite/DeepSeek/Falcon,mpred_top5_alpha_0_95,static_1pct,10,opencompass_AIME2025_I_10,AIME-2025,,0.020703398236064152,0.14321868602370302,0.11984191494876395,0.13306293354753373,False,0.2003826900399691,0.2003826900399691,512,10000,perplexity_bf16=1.0209192002909848; perplexity_static=1.1539821338385186; perplexity_method=1.127318625269654
17_mpred,Granite/DeepSeek/Falcon,static_top10,static_1pct,10,opencompass_AIME2025_I_10,AIME-2025,,0.020703398236064152,0.14321868602370302,0.10955157994751767,0.13306293354753373,False,0.28711611579503327,0.28711611579503327,512,10000,perplexity_bf16=1.0209192002909848; perplexity_static=1.1539821338385186; perplexity_method=1.115777621202058
17_mpred,Granite/DeepSeek/Falcon,m11b_top10,static_1pct,11,opencompass_AIME2025_I_11,AIME-2025,,0.0013811333269134751,0.000189867078984704,0.00041700434936575714,-0.0011922024259112263,True,,,512,10000,perplexity_bf16=1.0013820875307906; perplexity_static=1.0001898851048794; perplexity_method=1.0004170913077663
17_mpred,Granite/DeepSeek/Falcon,m11b_top5,static_1pct,11,opencompass_AIME2025_I_11,AIME-2025,,0.0013811333269134751,0.000189867078984704,0.0005775301107231318,-0.0011922024259112263,True,,,512,10000,perplexity_bf16=1.0013820875307906; perplexity_static=1.0001898851048794; perplexity_method=1.000577696913347
17_mpred,Granite/DeepSeek/Falcon,mpred_top10_alpha_0_95,static_1pct,11,opencompass_AIME2025_I_11,AIME-2025,,0.0013811333269134751,0.000189867078984704,0.00015919685345250345,-0.0011922024259112263,True,,,512,10000,perplexity_bf16=1.0013820875307906; perplexity_static=1.0001898851048794; perplexity_method=1.000159209525944
17_mpred,Granite/DeepSeek/Falcon,mpred_top5_alpha_0_95,static_1pct,11,opencompass_AIME2025_I_11,AIME-2025,,0.0013811333269134751,0.000189867078984704,0.000156503088130297,-0.0011922024259112263,True,,,512,10000,perplexity_bf16=1.0013820875307906; perplexity_static=1.0001898851048794; perplexity_method=1.0001565153353775
17_mpred,Granite/DeepSeek/Falcon,static_top10,static_1pct,11,opencompass_AIME2025_I_11,AIME-2025,,0.0013811333269134751,0.000189867078984704,0.0002521223530744243,-0.0011922024259112263,True,,,512,10000,perplexity_bf16=1.0013820875307906; perplexity_static=1.0001898851048794; perplexity_method=1.000252154138586
17_mpred,Granite/DeepSeek/Falcon,m11b_top10,static_1pct,0,opencompass_AIME2025_I_0,AIME-2025,,0.0068859821577071795,0.009913175766370852,0.012029104439884239,0.003052729014340505,False,-0.7007733153813511,0.0,512,10000,perplexity_bf16=1.0069097450451383; perplexity_static=1.0099624740594788; perplexity_method=1.012101745091819
17_mpred,Granite/DeepSeek/Falcon,m11b_top5,static_1pct,0,opencompass_AIME2025_I_0,AIME-2025,,0.0068859821577071795,0.009913175766370852,0.012009401883279563,0.003052729014340505,False,-0.6942411943231641,0.0,512,10000,perplexity_bf16=1.0069097450451383; perplexity_static=1.0099624740594788; perplexity_method=1.0120818042963395
17_mpred,Granite/DeepSeek/Falcon,mpred_top10_alpha_0_95,static_1pct,0,opencompass_AIME2025_I_0,AIME-2025,,0.0068859821577071795,0.009913175766370852,0.013369156873810129,0.003052729014340505,False,-1.1453520980473724,0.0,512,10000,perplexity_bf16=1.0069097450451383; perplexity_static=1.0099624740594788; perplexity_method=1.0134589236408238
17_mpred,Granite/DeepSeek/Falcon,static_top10,static_1pct,0,opencompass_AIME2025_I_0,AIME-2025,,0.0068859821577071795,0.009913175766370852,0.01336039976981597,0.003052729014340505,False,-1.1424448873886348,0.0,512,10000,perplexity_bf16=1.0069097450451383; perplexity_static=1.0099624740594788; perplexity_method=1.013450048714495
17_mpred,Granite/DeepSeek/Falcon,m11b_top10,static_1pct,1,opencompass_AIME2025_I_1,AIME-2025,,0.001471357250347305,0.0008247978826223523,0.0009358757027029263,-0.0006473021055775074,True,,,512,10000,perplexity_bf16=1.00147244022751; perplexity_static=1.0008251381219324; perplexity_method=1.000936313771017
17_mpred,Granite/DeepSeek/Falcon,m11b_top5,static_1pct,1,opencompass_AIME2025_I_1,AIME-2025,,0.001471357250347305,0.0008247978826223523,0.0008604231987456856,-0.0006473021055775074,True,,,512,10000,perplexity_bf16=1.00147244022751; perplexity_static=1.0008251381219324; perplexity_method=1.0008607934689748
17_mpred,Granite/DeepSeek/Falcon,mpred_top10_alpha_0_95,static_1pct,1,opencompass_AIME2025_I_1,AIME-2025,,0.001471357250347305,0.0008247978826223523,0.0006953866774503936,-0.0006473021055775074,True,,,512,10000,perplexity_bf16=1.00147244022751; perplexity_static=1.0008251381219324; perplexity_method=1.0006956285148196
17_mpred,Granite/DeepSeek/Falcon,static_top10,static_1pct,1,opencompass_AIME2025_I_1,AIME-2025,,0.001471357250347305,0.0008247978826223523,0.0008637108865623411,-0.0006473021055775074,True,,,512,10000,perplexity_bf16=1.00147244022751; perplexity_static=1.0008251381219324; perplexity_method=1.000864083992221
17_mpred,Granite/DeepSeek/Falcon,m11b_top10,static_1pct,2,opencompass_AIME2025_I_2,AIME-2025,,0.0034212655805738734,0.01934067187551136,0.011259476919555311,0.016101789499869623,False,0.5096210507390277,0.5096210507390277,512,10000,perplexity_bf16=1.003427124789725; perplexity_static=1.0195289142895947; perplexity_method=1.0113231034058925
17_mpred,Granite/DeepSeek/Falcon,m11b_top5,static_1pct,2,opencompass_AIME2025_I_2,AIME-2025,,0.0034212655805738734,0.01934067187551136,0.013501455824396658,0.016101789499869623,False,0.3686486043725524,0.3686486043725524,512,10000,perplexity_bf16=1.003427124789725; perplexity_static=1.0195289142895947; perplexity_method=1.0135930120625671
17_mpred,Granite/DeepSeek/Falcon,mpred_top10_alpha_0_95,static_1pct,2,opencompass_AIME2025_I_2,AIME-2025,,0.0034212655805738734,0.01934067187551136,0.016961712436561527,0.016101789499869623,False,0.1504513044902217,0.1504513044902217,512,10000,perplexity_bf16=1.003427124789725; perplexity_static=1.0195289142895947; perplexity_method=1.0171063790547124
17_mpred,Granite/DeepSeek/Falcon,static_top10,static_1pct,2,opencompass_AIME2025_I_2,AIME-2025,,0.0034212655805738734,0.01934067187551136,0.007766567557318638,0.016101789499869623,False,0.7286214190903342,0.7286214190903342,512,10000,perplexity_bf16=1.003427124789725; perplexity_static=1.0195289142895947; perplexity_method=1.0077968055743058
17_mpred,Granite/DeepSeek/Falcon,m11b_top10,static_1pct,3,opencompass_AIME2025_I_3,AIME-2025,,0.18958352534010076,0.24930759528126983,0.2236684317458273,0.07439057845508112,False,0.43661962406318944,0.43661962406318944,512,10000,perplexity_bf16=1.2087460807006385; perplexity_static=1.2831366591557196; perplexity_method=1.250656272756819
17_mpred,Granite/DeepSeek/Falcon,m11b_top5,static_1pct,3,opencompass_AIME2025_I_3,AIME-2025,,0.18958352534010076,0.24930759528126983,0.22272121502481462,0.07439057845508112,False,0.45253671570143794,0.45253671570143794,512,10000,perplexity_bf16=1.2087460807006385; perplexity_static=1.2831366591557196; perplexity_method=1.249472191102527
17_mpred,Granite/DeepSeek/Falcon,mpred_top10_alpha_0_95,static_1pct,3,opencompass_AIME2025_I_3,AIME-2025,,0.18958352534010076,0.24930759528126983,0.22574216407707445,0.07439057845508112,False,0.40171981011434765,0.40171981011434765,512,10000,perplexity_bf16=1.2087460807006385; perplexity_static=1.2831366591557196; perplexity_method=1.253252490104448
17_mpred,Granite/DeepSeek/Falcon,static_top10,static_1pct,3,opencompass_AIME2025_I_3,AIME-2025,,0.18958352534010076,0.24930759528126983,0.2193788240491223,0.07439057845508112,False,0.5085821604900205,0.5085821604900205,512,10000,perplexity_bf16=1.2087460807006385; perplexity_static=1.2831366591557196; perplexity_method=1.245302938044932
17_mpred,Granite/DeepSeek/Falcon,m11b_top10,static_1pct,4,opencompass_AIME2025_I_4,AIME-2025,,0.00017705887418828503,0.0005030830698757871,0.001022197769209754,0.0003261350873511315,False,-1.5929311937606054,0.0,512,10000,perplexity_bf16=1.000177074550036; perplexity_static=1.0005032096373871; perplexity_method=1.0010227203914086
17_mpred,Granite/DeepSeek/Falcon,m11b_top5,static_1pct,4,opencompass_AIME2025_I_4,AIME-2025,,0.00017705887418828503,0.0005030830698757871,0.0009105402641940152,0.0003261350873511315,False,-1.250234366846517,0.0,512,10000,perplexity_bf16=1.000177074550036; perplexity_static=1.0005032096373871; perplexity_method=1.000910954931828
17_mpred,Granite/DeepSeek/Falcon,mpred_top10_alpha_0_95,static_1pct,4,opencompass_AIME2025_I_4,AIME-2025,,0.00017705887418828503,0.0005030830698757871,0.0008943146502877752,0.0003261350873511315,False,-1.2004382437529117,0.0,512,10000,perplexity_bf16=1.000177074550036; perplexity_static=1.0005032096373871; perplexity_method=1.0008947146688731
17_mpred,Granite/DeepSeek/Falcon,static_top10,static_1pct,4,opencompass_AIME2025_I_4,AIME-2025,,0.00017705887418828503,0.0005030830698757871,0.0010875194440522762,0.0003261350873511315,False,-1.793432822921977,0.0,512,10000,perplexity_bf16=1.000177074550036; perplexity_static=1.0005032096373871; perplexity_method=1.0010881110077492
17_mpred,Granite/DeepSeek/Falcon,m11b_top10,static_1pct,5,opencompass_AIME2025_I_5,AIME-2025,,0.0004029838309527467,0.0024913826445527865,0.0009868293730131983,0.002091423677384796,False,0.7206441641648985,0.7206441641648985,512,10000,perplexity_bf16=1.000403065039845; perplexity_static=1.0024944887172298; perplexity_method=1.0009873164493261
17_mpred,Granite/DeepSeek/Falcon,m11b_top5,static_1pct,5,opencompass_AIME2025_I_5,AIME-2025,,0.0004029838309527467,0.0024913826445527865,0.001309739708570179,0.002091423677384796,False,0.5660693898745284,0.5660693898745284,512,10000,perplexity_bf16=1.000403065039845; perplexity_static=1.0024944887172298; perplexity_method=1.0013105977922034
17_mpred,Granite/DeepSeek/Falcon,mpred_top10_alpha_0_95,static_1pct,5,opencompass_AIME2025_I_5,AIME-2025,,0.0004029838309527467,0.0024913826445527865,0.0015146993562633604,0.002091423677384796,False,0.46793083346050124,0.46793083346050124,512,10000,perplexity_bf16=1.000403065039845; perplexity_static=1.0024944887172298; perplexity_method=1.001515847092752
17_mpred,Granite/DeepSeek/Falcon,static_top10,static_1pct,5,opencompass_AIME2025_I_5,AIME-2025,,0.0004029838309527467,0.0024913826445527865,0.0014742879786667773,0.002091423677384796,False,0.4872821575069517,0.4872821575069517,512,10000,perplexity_bf16=1.000403065039845; perplexity_static=1.0024944887172298; perplexity_method=1.0014753752754526
17_mpred,Granite/DeepSeek/Falcon,m11b_top10,static_1pct,6,opencompass_AIME2025_I_6,AIME-2025,,0.0056167178009764035,0.0069364109458056045,0.0074757892795754705,0.001328002429473063,False,-0.40909502923795116,0.0,512,10000,perplexity_bf16=1.0056325211341712; perplexity_static=1.0069605235636443; perplexity_method=1.0075038027563576
17_mpred,Granite/DeepSeek/Falcon,m11b_top5,static_1pct,6,opencompass_AIME2025_I_6,AIME-2025,,0.0056167178009764035,0.0069364109458056045,0.008357850966521155,0.001328002429473063,False,-1.078576149834236,0.0,512,10000,perplexity_bf16=1.0056325211341712; perplexity_static=1.0069605235636443; perplexity_method=1.0083928753109959
17_mpred,Granite/DeepSeek/Falcon,mpred_top10_alpha_0_95,static_1pct,6,opencompass_AIME2025_I_6,AIME-2025,,0.0056167178009764035,0.0069364109458056045,0.007273928406199018,0.001328002429473063,False,-0.2559664899864631,0.0,512,10000,perplexity_bf16=1.0056325211341712; perplexity_static=1.0069605235636443; perplexity_method=1.00730044768421
17_mpred,Granite/DeepSeek/Falcon,static_top10,static_1pct,6,opencompass_AIME2025_I_6,AIME-2025,,0.0056167178009764035,0.0069364109458056045,0.005832793046911755,0.001328002429473063,False,0.8363589049721233,0.8363589049721233,512,10000,perplexity_bf16=1.0056325211341712; perplexity_static=1.0069605235636443; perplexity_method=1.0058498369059299
17_mpred,Granite/DeepSeek/Falcon,m11b_top10,static_1pct,7,opencompass_AIME2025_I_7,AIME-2025,,0.0021103488284735794,0.0063783493927503515,0.0042731861449385455,0.0042861571992298675,False,0.4937768399763942,0.4937768399763942,512,10000,perplexity_bf16=1.0021125771818211; perplexity_static=1.006398734381051; perplexity_method=1.0042823292235732
17_mpred,Granite/DeepSeek/Falcon,m11b_top5,static_1pct,7,opencompass_AIME2025_I_7,AIME-2025,,0.0021103488284735794,0.0063783493927503515,0.006430067607658074,0.0042861571992298675,False,-0.012143859773632304,0.0,512,10000,perplexity_bf16=1.0021125771818211; perplexity_static=1.006398734381051; perplexity_method=1.0064507848730462
17_mpred,Granite/DeepSeek/Falcon,mpred_top10_alpha_0_95,static_1pct,7,opencompass_AIME2025_I_7,AIME-2025,,0.0021103488284735794,0.0063783493927503515,0.004608280485714378,0.0042861571992298675,False,0.4152482885832577,0.4152482885832577,512,10000,perplexity_bf16=1.0021125771818211; perplexity_static=1.006398734381051; perplexity_method=1.004618914939472
17_mpred,Granite/DeepSeek/Falcon,static_top10,static_1pct,7,opencompass_AIME2025_I_7,AIME-2025,,0.0021103488284735794,0.0063783493927503515,0.00408238455996579,0.0042861571992298675,False,0.5384789756798898,0.5384789756798898,512,10000,perplexity_bf16=1.0021125771818211; perplexity_static=1.006398734381051; perplexity_method=1.0040907288428067
17_mpred,Granite/DeepSeek/Falcon,m11b_top10,static_1pct,8,opencompass_AIME2025_I_8,AIME-2025,,0.11780112134129615,0.2001414910822794,0.17327406772073628,0.0965552414054549,False,0.3353894408225412,0.3353894408225412,512,10000,perplexity_bf16=1.1250203465795172; perplexity_static=1.2215755879849721; perplexity_method=1.1891919795615111
17_mpred,Granite/DeepSeek/Falcon,m11b_top5,static_1pct,8,opencompass_AIME2025_I_8,AIME-2025,,0.11780112134129615,0.2001414910822794,0.17442428560891654,0.0965552414054549,False,0.32121499704977186,0.32121499704977186,512,10000,perplexity_bf16=1.1250203465795172; perplexity_static=1.2215755879849721; perplexity_method=1.190560596401779
17_mpred,Granite/DeepSeek/Falcon,mpred_top10_alpha_0_95,static_1pct,8,opencompass_AIME2025_I_8,AIME-2025,,0.11780112134129615,0.2001414910822794,0.17419809525926144,0.0965552414054549,False,0.3240036894106175,0.3240036894106175,512,10000,perplexity_bf16=1.1250203465795172; perplexity_static=1.2215755879849721; perplexity_method=1.190291333537672
17_mpred,Granite/DeepSeek/Falcon,static_top10,static_1pct,8,opencompass_AIME2025_I_8,AIME-2025,,0.11780112134129615,0.2001414910822794,0.1699099743912747,0.0965552414054549,False,0.376752614594403,0.376752614594403,512,10000,perplexity_bf16=1.1250203465795172; perplexity_static=1.2215755879849721; perplexity_method=1.1851981483326732
17_mpred,Granite/DeepSeek/Falcon,m11b_top10,static_1pct,9,opencompass_AIME2025_I_9,AIME-2025,,0.006630026921578894,0.012215425120701826,0.01330068295310366,0.0056382839432163046,False,-0.19495158010585767,0.0,512,10000,perplexity_bf16=1.0066520542036523; perplexity_static=1.0122903381468686; perplexity_method=1.0133895305106841
17_mpred,Granite/DeepSeek/Falcon,m11b_top5,static_1pct,9,opencompass_AIME2025_I_9,AIME-2025,,0.006630026921578894,0.012215425120701826,0.014636132994738774,0.0056382839432163046,False,-0.4351372748629745,0.0,512,10000,perplexity_bf16=1.0066520542036523; perplexity_static=1.0122903381468686; perplexity_method=1.0147437656568234
17_mpred,Granite/DeepSeek/Falcon,mpred_top10_alpha_0_95,static_1pct,9,opencompass_AIME2025_I_9,AIME-2025,,0.006630026921578894,0.012215425120701826,0.01536589541393163,0.0056382839432163046,False,-0.5665233740734557,0.0,512,10000,perplexity_bf16=1.0066520542036523; perplexity_static=1.0122903381468686; perplexity_method=1.0154845577903637
17_mpred,Granite/DeepSeek/Falcon,static_top10,static_1pct,9,opencompass_AIME2025_I_9,AIME-2025,,0.006630026921578894,0.012215425120701826,0.015844563392930097,0.0056382839432163046,False,-0.6527546281028918,0.0,512,10000,perplexity_bf16=1.0066520542036523; perplexity_static=1.0122903381468686; perplexity_method=1.0159707540853613
17_mpred,Granite/DeepSeek/Falcon,m11b_top10,static_1pct,10,opencompass_AIME2025_I_10,AIME-2025,,3.198892229860917e-05,7.624283658813624e-05,5.7452734928631344e-05,4.4256309197576726e-05,False,0.4246029124254318,0.4246029124254318,512,10000,perplexity_bf16=1.0000319894339496; perplexity_static=1.0000762457431471; perplexity_method=1.0000574543853686
17_mpred,Granite/DeepSeek/Falcon,m11b_top5,static_1pct,10,opencompass_AIME2025_I_10,AIME-2025,,3.198892229860917e-05,7.624283658813624e-05,0.00014530463636219793,4.4256309197576726e-05,False,-1.560669014144298,0.0,512,10000,perplexity_bf16=1.0000319894339496; perplexity_static=1.0000762457431471; perplexity_method=1.0001453151935922
17_mpred,Granite/DeepSeek/Falcon,mpred_top10_alpha_0_95,static_1pct,10,opencompass_AIME2025_I_10,AIME-2025,,3.198892229860917e-05,7.624283658813624e-05,0.00041139699605707847,4.4256309197576726e-05,False,-7.574872246200918,0.0,512,10000,perplexity_bf16=1.0000319894339496; perplexity_static=1.0000762457431471; perplexity_method=1.0004114816314071
17_mpred,Granite/DeepSeek/Falcon,static_top10,static_1pct,10,opencompass_AIME2025_I_10,AIME-2025,,3.198892229860917e-05,7.624283658813624e-05,0.00014125940779052826,4.4256309197576726e-05,False,-1.4692513542641361,0.0,512,10000,perplexity_bf16=1.0000319894339496; perplexity_static=1.0000762457431471; perplexity_method=1.0001412693853704
17_mpred,Granite/DeepSeek/Falcon,m11b_top10,static_1pct,11,opencompass_AIME2025_I_11,AIME-2025,,0.0008047289095459847,0.006098034025568591,0.006585651096055523,0.0053116120956175905,False,-0.09238613130910389,0.0,512,10000,perplexity_bf16=1.000805052790728; perplexity_static=1.0061166648863455; perplexity_method=1.0066073841788743
17_mpred,Granite/DeepSeek/Falcon,m11b_top5,static_1pct,11,opencompass_AIME2025_I_11,AIME-2025,,0.0008047289095459847,0.006098034025568591,0.007031506344197344,0.0053116120956175905,False,-0.17689931525896085,0.0,512,10000,perplexity_bf16=1.000805052790728; perplexity_static=1.0061166648863455; perplexity_method=1.0070562854289815
17_mpred,Granite/DeepSeek/Falcon,mpred_top10_alpha_0_95,static_1pct,11,opencompass_AIME2025_I_11,AIME-2025,,0.0008047289095459847,0.006098034025568591,0.006327056549246299,0.0053116120956175905,False,-0.04338603076510794,0.0,512,10000,perplexity_bf16=1.000805052790728; perplexity_static=1.0061166648863455; perplexity_method=1.0063471146521383
17_mpred,Granite/DeepSeek/Falcon,static_top10,static_1pct,11,opencompass_AIME2025_I_11,AIME-2025,,0.0008047289095459847,0.006098034025568591,0.006634585178018626,0.0053116120956175905,False,-0.1016598908679518,0.0,512,10000,perplexity_bf16=1.000805052790728; perplexity_static=1.0061166648863455; perplexity_method=1.006656642792319
17_mpred,Granite/DeepSeek/Falcon,m11b_top10,static_1pct,0,opencompass_AIME2025_I_0,AIME-2025,,0.03818315050786415,0.06314026518063025,0.05190598953554926,0.026254741436561924,False,0.4532330700758944,0.4532330700758944,512,10000,perplexity_bf16=1.0389214944540541; perplexity_static=1.065176235890616; perplexity_method=1.0532767188252743
17_mpred,Granite/DeepSeek/Falcon,m11b_top5,static_1pct,0,opencompass_AIME2025_I_0,AIME-2025,,0.03818315050786415,0.06314026518063025,0.06060063448019949,0.026254741436561924,False,0.10290416061493057,0.10290416061493057,512,10000,perplexity_bf16=1.0389214944540541; perplexity_static=1.065176235890616; perplexity_method=1.0624745137609246
17_mpred,Granite/DeepSeek/Falcon,mpred_top10_alpha_0_95,static_1pct,0,opencompass_AIME2025_I_0,AIME-2025,,0.03818315050786415,0.06314026518063025,0.04939671412887198,0.026254741436561924,False,0.553772935843952,0.553772935843952,512,10000,perplexity_bf16=1.0389214944540541; perplexity_static=1.065176235890616; perplexity_method=1.0506370706454673
17_mpred,Granite/DeepSeek/Falcon,static_top10,static_1pct,0,opencompass_AIME2025_I_0,AIME-2025,,0.03818315050786415,0.06314026518063025,0.05310890307168083,0.026254741436561924,False,0.40494605200334066,0.40494605200334066,512,10000,perplexity_bf16=1.0389214944540541; perplexity_static=1.065176235890616; perplexity_method=1.0545444819995118
17_mpred,Granite/DeepSeek/Falcon,m11b_top10,static_1pct,1,opencompass_AIME2025_I_1,AIME-2025,,0.09836370611113987,0.27183867651790417,0.29434996507216316,0.20901125491100458,False,-0.1429506562841225,0.0,512,10000,perplexity_bf16=1.103364012373793; perplexity_static=1.3123752672847975; perplexity_method=1.3422535633450936
17_mpred,Granite/DeepSeek/Falcon,m11b_top5,static_1pct,1,opencompass_AIME2025_I_1,AIME-2025,,0.09836370611113987,0.27183867651790417,0.2675655489376071,0.20901125491100458,False,0.026773592956062853,0.026773592956062853,512,10000,perplexity_bf16=1.103364012373793; perplexity_static=1.3123752672847975; perplexity_method=1.3067792850225743
17_mpred,Granite/DeepSeek/Falcon,mpred_top10_alpha_0_95,static_1pct,1,opencompass_AIME2025_I_1,AIME-2025,,0.09836370611113987,0.27183867651790417,0.23316111407426254,0.20901125491100458,False,0.2382186747319437,0.2382186747319437,512,10000,perplexity_bf16=1.103364012373793; perplexity_static=1.3123752672847975; perplexity_method=1.2625848831358375
17_mpred,Granite/DeepSeek/Falcon,static_top10,static_1pct,1,opencompass_AIME2025_I_1,AIME-2025,,0.09836370611113987,0.27183867651790417,0.277137975135155,0.20901125491100458,False,-0.03336245442198593,0.0,512,10000,perplexity_bf16=1.103364012373793; perplexity_static=1.3123752672847975; perplexity_method=1.319348395750448
17_mpred,Granite/DeepSeek/Falcon,m11b_top10,static_1pct,2,opencompass_AIME2025_I_2,AIME-2025,,0.047049876825699555,0.2279521900537793,0.2187309280352701,0.20785098611389663,False,0.055467145779557914,0.055467145779557914,512,10000,perplexity_bf16=1.0481742873821414; perplexity_static=1.256025273496038; perplexity_method=1.2444963725488336
17_mpred,Granite/DeepSeek/Falcon,m11b_top5,static_1pct,2,opencompass_AIME2025_I_2,AIME-2025,,0.047049876825699555,0.2279521900537793,0.2164560634888248,0.20785098611389663,False,0.0690722916082479,0.0690722916082479,512,10000,perplexity_bf16=1.0481742873821414; perplexity_static=1.256025273496038; perplexity_method=1.241668529572117
17_mpred,Granite/DeepSeek/Falcon,mpred_top10_alpha_0_95,static_1pct,2,opencompass_AIME2025_I_2,AIME-2025,,0.047049876825699555,0.2279521900537793,0.22557408426750697,0.20785098611389663,False,0.014353610658921823,0.014353610658921823,512,10000,perplexity_bf16=1.0481742873821414; perplexity_static=1.256025273496038; perplexity_method=1.2530418613662861
17_mpred,Granite/DeepSeek/Falcon,static_top10,static_1pct,2,opencompass_AIME2025_I_2,AIME-2025,,0.047049876825699555,0.2279521900537793,0.2540315154548637,0.20785098611389663,False,-0.1596680432856563,0.0,512,10000,perplexity_bf16=1.0481742873821414; perplexity_static=1.256025273496038; perplexity_method=1.289212433743838
17_mpred,Granite/DeepSeek/Falcon,m11b_top10,static_1pct,3,opencompass_AIME2025_I_3,AIME-2025,,0.07872057156530421,0.17192583777554982,0.17767748813109724,0.10568778999388417,False,-0.0648162135896575,0.0,512,10000,perplexity_bf16=1.0819019656560347; perplexity_static=1.1875897556499189; perplexity_method=1.1944400380199813
17_mpred,Granite/DeepSeek/Falcon,m11b_top5,static_1pct,3,opencompass_AIME2025_I_3,AIME-2025,,0.07872057156530421,0.17192583777554982,0.16715222756218623,0.10568778999388417,False,0.05351215195006476,0.05351215195006476,512,10000,perplexity_bf16=1.0819019656560347; perplexity_static=1.1875897556499189; perplexity_method=1.1819341745724996
17_mpred,Granite/DeepSeek/Falcon,mpred_top10_alpha_0_95,static_1pct,3,opencompass_AIME2025_I_3,AIME-2025,,0.07872057156530421,0.17192583777554982,0.17408768819089065,0.10568778999388417,False,-0.024318500421393274,0.0,512,10000,perplexity_bf16=1.0819019656560347; perplexity_static=1.1875897556499189; perplexity_method=1.1901599242154213
17_mpred,Granite/DeepSeek/Falcon,static_top10,static_1pct,3,opencompass_AIME2025_I_3,AIME-2025,,0.07872057156530421,0.17192583777554982,0.1734496316694456,0.10568778999388417,False,-0.017135579043980442,0.0,512,10000,perplexity_bf16=1.0819019656560347; perplexity_static=1.1875897556499189; perplexity_method=1.1894007771293427
17_mpred,Granite/DeepSeek/Falcon,m11b_top10,static_1pct,4,opencompass_AIME2025_I_4,AIME-2025,,0.04472739644747756,0.08881364289036196,0.08399618648704198,0.0471342240931083,False,0.11143125670194454,0.11143125670194454,512,10000,perplexity_bf16=1.0457427478611125; perplexity_static=1.0928769719542208; perplexity_method=1.0876247461298547
17_mpred,Granite/DeepSeek/Falcon,m11b_top5,static_1pct,4,opencompass_AIME2025_I_4,AIME-2025,,0.04472739644747756,0.08881364289036196,0.08446922034212717,0.0471342240931083,False,0.10051339309744134,0.10051339309744134,512,10000,perplexity_bf16=1.0457427478611125; perplexity_static=1.0928769719542208; perplexity_method=1.0881393511596074
17_mpred,Granite/DeepSeek/Falcon,mpred_top10_alpha_0_95,static_1pct,4,opencompass_AIME2025_I_4,AIME-2025,,0.04472739644747756,0.08881364289036196,0.0898563337478516,0.0471342240931083,False,-0.024188944354608832,0.0,512,10000,perplexity_bf16=1.0457427478611125; perplexity_static=1.0928769719542208; perplexity_method=1.0940170990780067
17_mpred,Granite/DeepSeek/Falcon,static_top10,static_1pct,4,opencompass_AIME2025_I_4,AIME-2025,,0.04472739644747756,0.08881364289036196,0.09275207346499645,0.0471342240931083,False,-0.09149842259802377,0.0,512,10000,perplexity_bf16=1.0457427478611125; perplexity_static=1.0928769719542208; perplexity_method=1.097189679109122
17_mpred,Granite/DeepSeek/Falcon,m11b_top10,static_1pct,5,opencompass_AIME2025_I_5,AIME-2025,,0.03244779194063678,0.1110638714812576,0.12197823642342077,0.08448631694460929,False,-0.14515055454958858,0.0,512,10000,perplexity_bf16=1.0329799618569913; perplexity_static=1.1174662788016005; perplexity_method=1.1297295145579629
17_mpred,Granite/DeepSeek/Falcon,m11b_top5,static_1pct,5,opencompass_AIME2025_I_5,AIME-2025,,0.03244779194063678,0.1110638714812576,0.10542909594363925,0.08448631694460929,False,0.07431930976534984,0.07431930976534984,512,10000,perplexity_bf16=1.0329799618569913; perplexity_static=1.1174662788016005; perplexity_method=1.1111873140416606
17_mpred,Granite/DeepSeek/Falcon,mpred_top10_alpha_0_95,static_1pct,5,opencompass_AIME2025_I_5,AIME-2025,,0.03244779194063678,0.1110638714812576,0.12579302480503407,0.08448631694460929,False,-0.19625835403970737,0.0,512,10000,perplexity_bf16=1.0329799618569913; perplexity_static=1.1174662788016005; perplexity_method=1.1340474243040266
17_mpred,Granite/DeepSeek/Falcon,static_top10,static_1pct,5,opencompass_AIME2025_I_5,AIME-2025,,0.03244779194063678,0.1110638714812576,0.11739489814491384,0.08448631694460929,False,-0.08400355802846748,0.0,512,10000,perplexity_bf16=1.0329799618569913; perplexity_static=1.1174662788016005; perplexity_method=1.1245634300296685
17_mpred,Granite/DeepSeek/Falcon,m11b_top10,static_1pct,6,opencompass_AIME2025_I_6,AIME-2025,,0.0587266857629668,0.17558362911519934,0.14854154827759214,0.1314563101288413,False,0.24191053929326034,0.24191053929326034,512,10000,perplexity_bf16=1.0604853553812748; perplexity_static=1.191941665510116; perplexity_method=1.160140998633346
17_mpred,Granite/DeepSeek/Falcon,m11b_top5,static_1pct,6,opencompass_AIME2025_I_6,AIME-2025,,0.0587266857629668,0.17558362911519934,0.1676241041089972,0.1314563101288413,False,0.0718842047342575,0.0718842047342575,512,10000,perplexity_bf16=1.0604853553812748; perplexity_static=1.191941665510116; perplexity_method=1.1824920331992044
17_mpred,Granite/DeepSeek/Falcon,mpred_top10_alpha_0_95,static_1pct,6,opencompass_AIME2025_I_6,AIME-2025,,0.0587266857629668,0.17558362911519934,0.14483693970266914,0.1314563101288413,False,0.27454432575233,0.27454432575233,512,10000,perplexity_bf16=1.0604853553812748; perplexity_static=1.191941665510116; perplexity_method=1.1558510814799041
17_mpred,Granite/DeepSeek/Falcon,static_top10,static_1pct,6,opencompass_AIME2025_I_6,AIME-2025,,0.0587266857629668,0.17558362911519934,0.1568265283092202,0.1314563101288413,False,0.16848940231059528,0.16848940231059528,512,10000,perplexity_bf16=1.0604853553812748; perplexity_static=1.191941665510116; perplexity_method=1.1697926703865513
17_mpred,Granite/DeepSeek/Falcon,m11b_top10,static_1pct,7,opencompass_AIME2025_I_7,AIME-2025,,0.001688641036480476,0.0316904579160564,0.020317459896205037,0.03050787955209544,False,0.38261206170461437,0.38261206170461437,512,10000,perplexity_bf16=1.0016900675936236; perplexity_static=1.032197947145719; perplexity_method=1.0205252644520557
17_mpred,Granite/DeepSeek/Falcon,m11b_top5,static_1pct,7,opencompass_AIME2025_I_7,AIME-2025,,0.001688641036480476,0.0316904579160564,0.077700092991563,0.03050787955209544,False,-1.5930482416702176,0.0,512,10000,perplexity_bf16=1.0016900675936236; perplexity_static=1.032197947145719; perplexity_method=1.0807984710232714
17_mpred,Granite/DeepSeek/Falcon,mpred_top10_alpha_0_95,static_1pct,7,opencompass_AIME2025_I_7,AIME-2025,,0.001688641036480476,0.0316904579160564,0.07202283718220315,0.03050787955209544,False,-1.3924907244270632,0.0,512,10000,perplexity_bf16=1.0016900675936236; perplexity_static=1.032197947145719; perplexity_method=1.07467988644395
17_mpred,Granite/DeepSeek/Falcon,static_top10,static_1pct,7,opencompass_AIME2025_I_7,AIME-2025,,0.001688641036480476,0.0316904579160564,0.022016305568968164,0.03050787955209544,False,0.3257353319455666,0.3257353319455666,512,10000,perplexity_bf16=1.0016900675936236; perplexity_static=1.032197947145719; perplexity_method=1.0222604528728618
17_mpred,Granite/DeepSeek/Falcon,m11b_top10,static_1pct,8,opencompass_AIME2025_I_8,AIME-2025,,0.009965909776862056,0.06773775964821473,0.10078841616240868,0.060068917469538796,False,-0.5986114862202374,0.0,512,10000,perplexity_bf16=1.0100157348354966; perplexity_static=1.0700846523050354; perplexity_method=1.1060425962671168
17_mpred,Granite/DeepSeek/Falcon,m11b_top5,static_1pct,8,opencompass_AIME2025_I_8,AIME-2025,,0.009965909776862056,0.06773775964821473,0.106767832783843,0.060068917469538796,False,-0.7090396683179219,0.0,512,10000,perplexity_bf16=1.0100157348354966; perplexity_static=1.0700846523050354; perplexity_method=1.1126758976238538
17_mpred,Granite/DeepSeek/Falcon,mpred_top10_alpha_0_95,static_1pct,8,opencompass_AIME2025_I_8,AIME-2025,,0.009965909776862056,0.06773775964821473,0.11593451693023273,0.060068917469538796,False,-0.8796177331752186,0.0,512,10000,perplexity_bf16=1.0100157348354966; perplexity_static=1.0700846523050354; perplexity_method=1.1229223373238804
17_mpred,Granite/DeepSeek/Falcon,static_top10,static_1pct,8,opencompass_AIME2025_I_8,AIME-2025,,0.009965909776862056,0.06773775964821473,0.11119066216748444,0.060068917469538796,False,-0.7911465995619871,0.0,512,10000,perplexity_bf16=1.0100157348354966; perplexity_static=1.0700846523050354; perplexity_method=1.1176079721004306
17_mpred,Granite/DeepSeek/Falcon,m11b_top10,static_1pct,9,opencompass_AIME2025_I_9,AIME-2025,,0.015570229108946537,0.19268535406491255,0.2306019028009857,0.19680914820793616,False,-0.23808124952180965,0.0,512,10000,perplexity_bf16=1.0156920767031188; perplexity_static=1.212501224911055; perplexity_method=1.2593577928337234
17_mpred,Granite/DeepSeek/Falcon,m11b_top5,static_1pct,9,opencompass_AIME2025_I_9,AIME-2025,,0.015570229108946537,0.19268535406491255,0.22145858498890575,0.19680914820793616,False,-0.17984093195409367,0.0,512,10000,perplexity_bf16=1.0156920767031188; perplexity_static=1.212501224911055; perplexity_method=1.2478955655418615
17_mpred,Granite/DeepSeek/Falcon,mpred_top10_alpha_0_95,static_1pct,9,opencompass_AIME2025_I_9,AIME-2025,,0.015570229108946537,0.19268535406491255,0.23564171603436118,0.19680914820793616,False,-0.27041180273087284,0.0,512,10000,perplexity_bf16=1.0156920767031188; perplexity_static=1.212501224911055; perplexity_method=1.2657207414718905
17_mpred,Granite/DeepSeek/Falcon,static_top10,static_1pct,9,opencompass_AIME2025_I_9,AIME-2025,,0.015570229108946537,0.19268535406491255,0.2572449871502299,0.19680914820793616,False,-0.4108585440866037,0.0,512,10000,perplexity_bf16=1.0156920767031188; perplexity_static=1.212501224911055; perplexity_method=1.2933619450066922
17_mpred,Granite/DeepSeek/Falcon,m11b_top10,static_1pct,10,opencompass_AIME2025_I_10,AIME-2025,,0.14025385558763143,0.30165219464193443,0.27676961199768163,0.20152504111207303,False,0.16488469297152963,0.16488469297152963,512,10000,perplexity_bf16=1.150565839354861; perplexity_static=1.352090880466934; perplexity_method=1.318862485937095
17_mpred,Granite/DeepSeek/Falcon,m11b_top5,static_1pct,10,opencompass_AIME2025_I_10,AIME-2025,,0.14025385558763143,0.30165219464193443,0.28431326320951744,0.20152504111207303,False,0.11532926743718863,0.11532926743718863,512,10000,perplexity_bf16=1.150565839354861; perplexity_static=1.352090880466934; perplexity_method=1.3288491451052293
17_mpred,Granite/DeepSeek/Falcon,mpred_top10_alpha_0_95,static_1pct,10,opencompass_AIME2025_I_10,AIME-2025,,0.14025385558763143,0.30165219464193443,0.2767682676065394,0.20152504111207303,False,0.16489349121239516,0.16489349121239516,512,10000,perplexity_bf16=1.150565839354861; perplexity_static=1.352090880466934; perplexity_method=1.3188607128712428
17_mpred,Granite/DeepSeek/Falcon,static_top10,static_1pct,10,opencompass_AIME2025_I_10,AIME-2025,,0.14025385558763143,0.30165219464193443,0.2756872806569262,0.20152504111207303,False,0.17196408116339812,0.17196408116339812,512,10000,perplexity_bf16=1.150565839354861; perplexity_static=1.352090880466934; perplexity_method=1.3174358119406804
17_mpred,Granite/DeepSeek/Falcon,m11b_top10,static_1pct,11,opencompass_AIME2025_I_11,AIME-2025,,0.05606146538548326,0.1659254416619162,0.16254743570242003,0.12282239205234657,False,0.0324123146027786,0.0324123146027786,512,10000,perplexity_bf16=1.057662691383768; perplexity_static=1.1804850834361145; perplexity_method=1.176504125424648
17_mpred,Granite/DeepSeek/Falcon,m11b_top5,static_1pct,11,opencompass_AIME2025_I_11,AIME-2025,,0.05606146538548326,0.1659254416619162,0.15086927497041797,0.12282239205234657,False,0.14362566870132465,0.14362566870132465,512,10000,perplexity_bf16=1.057662691383768; perplexity_static=1.1804850834361145; perplexity_method=1.1628446352461
17_mpred,Granite/DeepSeek/Falcon,mpred_top10_alpha_0_95,static_1pct,11,opencompass_AIME2025_I_11,AIME-2025,,0.05606146538548326,0.1659254416619162,0.15755459826191714,0.12282239205234657,False,0.08011903912962681,0.08011903912962681,512,10000,perplexity_bf16=1.057662691383768; perplexity_static=1.1804850834361145; perplexity_method=1.1706446714012781
17_mpred,Granite/DeepSeek/Falcon,static_top10,static_1pct,11,opencompass_AIME2025_I_11,AIME-2025,,0.05606146538548326,0.1659254416619162,0.1627152397533002,0.12282239205234657,False,0.030804800534130705,0.030804800534130705,512,10000,perplexity_bf16=1.057662691383768; perplexity_static=1.1804850834361145; perplexity_method=1.1767015641478171
