group,model,EM,F1,NLL/token,wall_clock_sec,compression,payload_bytes,samples,M,token_budget_mode,token_budget_k,dataset
text,llama,0.615,0.8094276466075133,12.403911339973977,22.077610731124878,7.65828125,1164800,200,32,content_only,32,squad
text,qwen,0.645,0.8181537358456591,24.624676366308734,22.077610731124878,7.2403125,1164800,200,32,content_only,32,squad
latent,llama,0.0,0.008372316763749084,12.325119087755544,5.302556276321411,7.65828125,1164800,200,32,content_only,32,squad
latent,qwen,0.0,0.002490962160839262,10.936345932502595,5.302556276321411,7.2403125,1164800,200,32,content_only,32,squad
token_budget,llama,0.005,0.03978617701314485,,5.166741609573364,7.65828125,1164800,200,32,content_only,32,squad
token_budget,qwen,0.04,0.08875346809571157,,5.166741609573364,7.2403125,1164800,200,32,content_only,32,squad
joint,both,0.0,0.006404062857500657,,,,1164800,200,32,content_only,32,squad
