group,model,EM,F1,NLL/token,wall_clock_sec,compression,payload_bytes,samples,M,token_budget_mode,token_budget_k,dataset
text,llama,0.005,0.056785177241059595,15.681324996504673,136.05494093894958,16.8253125,16384,200,16,content_only,32,squad
text,qwen,0.23,0.39575623885918004,13.044476828877889,136.05494093894958,14.418125,16384,200,16,content_only,32,squad
latent,llama,0.0,0.0,8.87982312268989,65.43791604042053,16.8253125,16384,200,16,content_only,32,squad
latent,qwen,0.0,0.0,10.28483846042522,65.43791604042053,14.418125,16384,200,16,content_only,32,squad
token_budget,llama,0.0,0.03346892873208663,,53.117454051971436,16.8253125,16384,200,16,content_only,32,squad
token_budget,qwen,0.0,0.051748848373848376,,53.117454051971436,14.418125,16384,200,16,content_only,32,squad
joint,both,0.0,0.0,,,,16384,200,16,content_only,32,squad
