{
  "model": "Rosetta",
  "dataset": "ai2-arc",
  "answer_method": "generate",
  "overall_accuracy": 0.5266272189349113,
  "subjects": {
    "SPLIT_0_OF_1": 0.5266272189349113
  },
  "length_statistics": {
    "subjects": {
      "SPLIT_0_OF_1": {
        "avg_input_length": 140.72189349112426,
        "avg_gen_length": 8.189349112426035,
        "avg_length_ratio": 0.05908897646907573,
        "accuracy": 0.5266272189349113,
        "total_samples": 169
      }
    }
  }
}