{
  "model": "Rosetta",
  "dataset": "ai2-arc",
  "answer_method": "generate",
  "overall_accuracy": 0.5252525252525253,
  "subjects": {
    "SPLIT_0_OF_1": 0.5252525252525253
  },
  "length_statistics": {
    "subjects": {
      "SPLIT_0_OF_1": {
        "avg_input_length": 142.0,
        "avg_gen_length": 7.97979797979798,
        "avg_length_ratio": 0.05750792119257497,
        "accuracy": 0.5252525252525253,
        "total_samples": 198
      }
    }
  }
}