{
  "model": "Rosetta",
  "dataset": "ai2-arc",
  "answer_method": "generate",
  "overall_accuracy": 0.5431472081218274,
  "subjects": {
    "SPLIT_0_OF_1": 0.5431472081218274
  },
  "length_statistics": {
    "subjects": {
      "SPLIT_0_OF_1": {
        "avg_input_length": 140.4263959390863,
        "avg_gen_length": 7.918781725888325,
        "avg_length_ratio": 0.05770590689727825,
        "accuracy": 0.5431472081218274,
        "total_samples": 197
      }
    }
  }
}