group,model,EM,F1,NLL/token,wall_clock_sec,compression,payload_bytes,samples,M,token_budget_mode,token_budget_k,dataset
text,llama,0.58,0.7994106570072514,12.72173482274305,16.378742456436157,15.3165625,16384,200,16,content_only,16,squad
text,qwen,0.69,0.85772697967667,26.15362625052689,16.378742456436157,14.418125,16384,200,16,content_only,16,squad
latent,llama,0.0,0.0,11.211282802547187,13.820612668991089,15.3165625,16384,200,16,content_only,16,squad
latent,qwen,0.0,0.007481402369560265,7.459354917050669,13.820612668991089,14.418125,16384,200,16,content_only,16,squad
token_budget,llama,0.0,0.038205738705738714,,12.446590900421143,15.3165625,16384,200,16,content_only,16,squad
token_budget,qwen,0.01,0.04269888444888446,,12.446590900421143,14.418125,16384,200,16,content_only,16,squad
joint,both,0.0,0.007481402369560265,,,,16384,200,16,content_only,16,squad
