{
  "budget_summaries": [
    {
      "best_no_source_accuracy": 0.28125,
      "budget_bytes": 1,
      "matched_accuracy": 0.796875,
      "matched_minus_best_no_source": 0.515625,
      "metrics": {
        "answer_masked_source": {
          "accuracy": 0.28125,
          "correct": 72,
          "mean_payload_bytes": 1.0,
          "mean_payload_tokens": 1.0,
          "n": 256,
          "p50_latency_ms": 0.017708000086713582,
          "p95_latency_ms": 0.0677499920129776
        },
        "answer_only": {
          "accuracy": 0.24609375,
          "correct": 63,
          "mean_payload_bytes": 1.0,
          "mean_payload_tokens": 1.0,
          "n": 256,
          "p50_latency_ms": 0.011895499483216554,
          "p95_latency_ms": 0.04708299820777029
        },
        "full_text_oracle": {
          "accuracy": 1.0,
          "correct": 256,
          "mean_payload_bytes": 11.0,
          "mean_payload_tokens": 1.0,
          "n": 256,
          "p50_latency_ms": 0.00045899651013314724,
          "p95_latency_ms": 0.0022500025806948543
        },
        "matched_learned_syndrome": {
          "accuracy": 0.796875,
          "correct": 204,
          "mean_payload_bytes": 1.0,
          "mean_payload_tokens": 1.0,
          "n": 256,
          "p50_latency_ms": 0.018208003893960267,
          "p95_latency_ms": 0.1359169982606545
        },
        "random_same_byte": {
          "accuracy": 0.25,
          "correct": 64,
          "mean_payload_bytes": 1.0,
          "mean_payload_tokens": 1.0,
          "n": 256,
          "p50_latency_ms": 0.012020500435028225,
          "p95_latency_ms": 0.0583749933866784
        },
        "shuffled_source": {
          "accuracy": 0.1953125,
          "correct": 50,
          "mean_payload_bytes": 1.0,
          "mean_payload_tokens": 1.0,
          "n": 256,
          "p50_latency_ms": 0.018666498363018036,
          "p95_latency_ms": 0.0747500016586855
        },
        "structured_text_matched": {
          "accuracy": 0.24609375,
          "correct": 63,
          "mean_payload_bytes": 1.0,
          "mean_payload_tokens": 1.0,
          "n": 256,
          "p50_latency_ms": 0.011791998986154795,
          "p95_latency_ms": 0.04595900827553123
        },
        "target_derived_sidecar": {
          "accuracy": 0.25,
          "correct": 64,
          "mean_payload_bytes": 1.0,
          "mean_payload_tokens": 1.0,
          "n": 256,
          "p50_latency_ms": 0.015332996554207057,
          "p95_latency_ms": 0.11183299648109823
        },
        "target_only": {
          "accuracy": 0.25,
          "correct": 64,
          "mean_payload_bytes": 0.0,
          "mean_payload_tokens": 0.0,
          "n": 256,
          "p50_latency_ms": 0.00029099464882165194,
          "p95_latency_ms": 0.0009580107871443033
        },
        "wrong_projection_source": {
          "accuracy": 0.26171875,
          "correct": 67,
          "mean_payload_bytes": 1.0,
          "mean_payload_tokens": 1.0,
          "n": 256,
          "p50_latency_ms": 0.018041995645035058,
          "p95_latency_ms": 0.09812500502448529
        },
        "zero_source": {
          "accuracy": 0.25,
          "correct": 64,
          "mean_payload_bytes": 0.0,
          "mean_payload_tokens": 0.0,
          "n": 256,
          "p50_latency_ms": 0.0002500019036233425,
          "p95_latency_ms": 0.0009590003173798323
        }
      },
      "pass_gate": true,
      "target_only_accuracy": 0.25
    },
    {
      "best_no_source_accuracy": 0.265625,
      "budget_bytes": 2,
      "matched_accuracy": 0.90234375,
      "matched_minus_best_no_source": 0.63671875,
      "metrics": {
        "answer_masked_source": {
          "accuracy": 0.2421875,
          "correct": 62,
          "mean_payload_bytes": 2.0,
          "mean_payload_tokens": 1.0,
          "n": 256,
          "p50_latency_ms": 0.01750000228639692,
          "p95_latency_ms": 0.021375002688728273
        },
        "answer_only": {
          "accuracy": 0.22265625,
          "correct": 57,
          "mean_payload_bytes": 2.0,
          "mean_payload_tokens": 1.0,
          "n": 256,
          "p50_latency_ms": 0.011791998986154795,
          "p95_latency_ms": 0.023999993572942913
        },
        "full_text_oracle": {
          "accuracy": 1.0,
          "correct": 256,
          "mean_payload_bytes": 11.0,
          "mean_payload_tokens": 1.0,
          "n": 256,
          "p50_latency_ms": 0.0004580069798976183,
          "p95_latency_ms": 0.000790998456068337
        },
        "matched_learned_syndrome": {
          "accuracy": 0.90234375,
          "correct": 231,
          "mean_payload_bytes": 2.0,
          "mean_payload_tokens": 1.0,
          "n": 256,
          "p50_latency_ms": 0.018041500879917294,
          "p95_latency_ms": 0.032916010241024196
        },
        "random_same_byte": {
          "accuracy": 0.234375,
          "correct": 60,
          "mean_payload_bytes": 2.0,
          "mean_payload_tokens": 1.0,
          "n": 256,
          "p50_latency_ms": 0.01187498855870217,
          "p95_latency_ms": 0.014999997802078724
        },
        "shuffled_source": {
          "accuracy": 0.2109375,
          "correct": 54,
          "mean_payload_bytes": 2.0,
          "mean_payload_tokens": 1.0,
          "n": 256,
          "p50_latency_ms": 0.018457998521625996,
          "p95_latency_ms": 0.024667009711265564
        },
        "structured_text_matched": {
          "accuracy": 0.265625,
          "correct": 68,
          "mean_payload_bytes": 2.0,
          "mean_payload_tokens": 1.0,
          "n": 256,
          "p50_latency_ms": 0.011749994882848114,
          "p95_latency_ms": 0.017166996258310974
        },
        "target_derived_sidecar": {
          "accuracy": 0.25,
          "correct": 64,
          "mean_payload_bytes": 2.0,
          "mean_payload_tokens": 1.0,
          "n": 256,
          "p50_latency_ms": 0.01516701013315469,
          "p95_latency_ms": 0.017790996935218573
        },
        "target_only": {
          "accuracy": 0.25,
          "correct": 64,
          "mean_payload_bytes": 0.0,
          "mean_payload_tokens": 0.0,
          "n": 256,
          "p50_latency_ms": 0.0002500019036233425,
          "p95_latency_ms": 0.0004579924279823899
        },
        "wrong_projection_source": {
          "accuracy": 0.21484375,
          "correct": 55,
          "mean_payload_bytes": 2.0,
          "mean_payload_tokens": 1.0,
          "n": 256,
          "p50_latency_ms": 0.01779200101736933,
          "p95_latency_ms": 0.02304100780747831
        },
        "zero_source": {
          "accuracy": 0.25,
          "correct": 64,
          "mean_payload_bytes": 0.0,
          "mean_payload_tokens": 0.0,
          "n": 256,
          "p50_latency_ms": 0.0002500019036233425,
          "p95_latency_ms": 0.00033300602808594704
        }
      },
      "pass_gate": true,
      "target_only_accuracy": 0.25
    },
    {
      "best_no_source_accuracy": 0.3046875,
      "budget_bytes": 4,
      "matched_accuracy": 0.98828125,
      "matched_minus_best_no_source": 0.68359375,
      "metrics": {
        "answer_masked_source": {
          "accuracy": 0.25390625,
          "correct": 65,
          "mean_payload_bytes": 4.0,
          "mean_payload_tokens": 1.0,
          "n": 256,
          "p50_latency_ms": 0.017834012396633625,
          "p95_latency_ms": 0.019083003280684352
        },
        "answer_only": {
          "accuracy": 0.24609375,
          "correct": 63,
          "mean_payload_bytes": 4.0,
          "mean_payload_tokens": 1.0,
          "n": 256,
          "p50_latency_ms": 0.01200000406242907,
          "p95_latency_ms": 0.012541000614874065
        },
        "full_text_oracle": {
          "accuracy": 1.0,
          "correct": 256,
          "mean_payload_bytes": 11.0,
          "mean_payload_tokens": 1.0,
          "n": 256,
          "p50_latency_ms": 0.0004999892553314567,