group,model,EM,F1,NLL/token,wall_clock_sec,compression,payload_bytes,samples,M,token_budget_mode,token_budget_k,dataset
text,llama,0.005,0.056785177241059595,15.681324996504673,135.0717442035675,16.8253125,16384,200,16,content_only,32,squad
text,qwen,0.23,0.39575623885918004,13.044476828877889,135.0717442035675,14.418125,16384,200,16,content_only,32,squad
latent,llama,0.0,0.023984801747959646,7.552110149250474,63.11927890777588,16.8253125,16384,200,16,content_only,32,squad
latent,qwen,0.0,0.0,10.940421521663666,63.11927890777588,14.418125,16384,200,16,content_only,32,squad
token_budget,llama,0.0,0.03346892873208663,,52.45989012718201,16.8253125,16384,200,16,content_only,32,squad
token_budget,qwen,0.0,0.051748848373848376,,52.45989012718201,14.418125,16384,200,16,content_only,32,squad
joint,both,0.0,0.0,,,,16384,200,16,content_only,32,squad
