{
  "llama": {
    "rms_mean_raw": 0.010570686611213855,
    "rms_mean_cal": 0.01057113183130111,
    "embed_rms": 0.010571061633527279,
    "count": 350
  },
  "qwen": {
    "rms_mean_raw": 0.01362373617344669,
    "rms_mean_cal": 0.013641403397279126,
    "embed_rms": 0.013635721057653427,
    "count": 350
  }
}