{
  "llama": {
    "rms_mean_raw": 0.7609816053385626,
    "rms_mean_cal": 0.010571296977177208,
    "embed_rms": 0.010566848330199718,
    "count": 1369
  },
  "qwen": {
    "rms_mean_raw": 0.7978361587702052,
    "rms_mean_cal": 0.013641328893743395,
    "embed_rms": 0.013654112815856934,
    "count": 1369
  }
}