{
  "llama": {
    "rms_mean_raw": 0.696364540048896,
    "rms_mean_cal": 0.010571359936352016,
    "embed_rms": 0.0105800935998559,
    "count": 1369
  },
  "qwen": {
    "rms_mean_raw": 0.6919575832550154,
    "rms_mean_cal": 0.013640723401412553,
    "embed_rms": 0.013648351654410362,
    "count": 1369
  }
}