{
  "model": "Rosetta",
  "dataset": "ai2-arc",
  "answer_method": "generate",
  "overall_accuracy": 0.5088757396449705,
  "subjects": {
    "SPLIT_0_OF_1": 0.5088757396449705
  },
  "kv_transfer_stats": {
    "count": 4732,
    "selected_min": 103,
    "selected_max": 197,
    "selected_sum": 661164,
    "total_sum": 661164,
    "selected_fraction_sum": 4732.0,
    "score_mean_sum": 143265.1212579012,
    "score_min": 0.41104161739349365,
    "score_max": 238.27577209472656,
    "prefill_count": 169,
    "prefill_time_sum_ms": 37155.87139909621,
    "selection_time_sum_ms": 482.4351533316076,
    "projection_score_time_sum_ms": 8493.631354649551,
    "projection_transfer_time_sum_ms": 9852.248029899783,
    "fuse_time_sum_ms": 503.9091190556064,
    "rd_int8_sum": 0,
    "rd_int4_sum": 0,
    "rd_drop_sum": 0,
    "rd_budget_bytes_sum": 0.0,
    "rd_bytes_used_sum": 0.0,
    "rd_effective_bits_sum": 0.0,
    "rd_payload_bytes_sum": 0.0,
    "rd_index_bytes_sum": 0.0,
    "rd_scale_bytes_sum": 0.0,
    "selected_mean": 139.72189349112426,
    "total_mean": 139.72189349112426,
    "selected_fraction_mean": 1.0,
    "score_mean": 30.275807535482077,
    "prefill_time_mean_ms": 219.85722721358707,
    "selection_time_mean_ms": 0.10195163848935071,
    "projection_score_time_mean_ms": 1.7949347748625426,
    "projection_transfer_time_mean_ms": 2.082047343596742,
    "fuse_time_mean_ms": 0.10648967013009435,
    "rd_int8_mean": 0.0,
    "rd_int4_mean": 0.0,
    "rd_drop_mean": 0.0,
    "rd_budget_bytes_mean": 0.0,
    "rd_bytes_used_mean": 0.0,
    "rd_effective_bits_mean": 0.0,
    "rd_payload_bytes_mean": 0.0,
    "rd_index_bytes_mean": 0.0,
    "rd_scale_bytes_mean": 0.0
  },
  "length_statistics": {
    "subjects": {
      "SPLIT_0_OF_1": {
        "avg_input_length": 140.72189349112426,
        "avg_gen_length": 11.449704142011834,
        "avg_length_ratio": 0.08133665063478121,
        "accuracy": 0.5088757396449705,
        "total_samples": 169
      }
    }
  }
}