{
  "model": "Rosetta",
  "dataset": "ai2-arc",
  "answer_method": "generate",
  "overall_accuracy": 0.6494845360824743,
  "subjects": {
    "SPLIT_0_OF_1": 0.6494845360824743
  },
  "kv_transfer_stats": {
    "count": 5432,
    "selected_min": 102,
    "selected_max": 231,
    "selected_sum": 776076,
    "total_sum": 776076,
    "selected_fraction_sum": 5432.0,
    "score_mean_sum": 164073.3422960043,
    "score_min": 0.41104161739349365,
    "score_max": 222.30535888671875,
    "prefill_count": 194,
    "prefill_time_sum_ms": 43235.07612303365,
    "selection_time_sum_ms": 565.2296028565615,
    "projection_score_time_sum_ms": 10173.41426841449,
    "projection_transfer_time_sum_ms": 11474.280035239644,
    "fuse_time_sum_ms": 585.2566328831017,
    "rd_int8_sum": 0,
    "rd_int4_sum": 0,
    "rd_drop_sum": 0,
    "rd_budget_bytes_sum": 0.0,
    "rd_bytes_used_sum": 0.0,
    "rd_effective_bits_sum": 0.0,
    "rd_payload_bytes_sum": 0.0,
    "rd_index_bytes_sum": 0.0,
    "rd_scale_bytes_sum": 0.0,
    "selected_mean": 142.87113402061857,
    "total_mean": 142.87113402061857,
    "selected_fraction_mean": 1.0,
    "score_mean": 30.204959921944827,
    "prefill_time_mean_ms": 222.86121712903943,
    "selection_time_mean_ms": 0.10405552335356436,
    "projection_score_time_mean_ms": 1.8728671333605467,
    "projection_transfer_time_mean_ms": 2.1123490491972836,
    "fuse_time_mean_ms": 0.10774238455138102,
    "rd_int8_mean": 0.0,
    "rd_int4_mean": 0.0,
    "rd_drop_mean": 0.0,
    "rd_budget_bytes_mean": 0.0,
    "rd_bytes_used_mean": 0.0,
    "rd_effective_bits_mean": 0.0,
    "rd_payload_bytes_mean": 0.0,
    "rd_index_bytes_mean": 0.0,
    "rd_scale_bytes_mean": 0.0
  },
  "length_statistics": {
    "subjects": {
      "SPLIT_0_OF_1": {
        "avg_input_length": 143.87113402061857,
        "avg_gen_length": 10.515463917525773,
        "avg_length_ratio": 0.0745809654036824,
        "accuracy": 0.6494845360824743,
        "total_samples": 194
      }
    }
  }
}