{
  "llama": {
    "rms_mean_raw": 0.7945681197787829,
    "rms_mean_cal": 0.010571401555382309,
    "embed_rms": 0.010568289086222649,
    "count": 1369
  },
  "qwen": {
    "rms_mean_raw": 0.869168573439426,
    "rms_mean_cal": 0.013640771453303521,
    "embed_rms": 0.013641772791743279,
    "count": 1369
  }
}