{
  "controls": {
    "midpoint_matched_cost": {
      "bootstrap_ci95": {
        "ci95_high": 0.5630291390326352,
        "ci95_low": -0.6451673450857207
      },
      "included_trace_count": 12,
      "mean_recovery": -0.03633053816630407,
      "median_recovery": 0.04446700672499143,
      "no_recoverable_static_gap_count": 0,
      "no_recoverable_static_gap_fraction": 0.0,
      "total_trace_count": 12
    },
    "random_bin_assignment": {
      "bootstrap_ci95": {
        "ci95_high": 0.9996664539591157,
        "ci95_low": 0.9640901040581407
      },
      "included_trace_count": 12,
      "mean_recovery": 1.0021314785389717,
      "median_recovery": 0.9959353868798071,
      "no_recoverable_static_gap_count": 0,
      "no_recoverable_static_gap_fraction": 0.0,
      "total_trace_count": 12
    },
    "static_smoothquant": {
      "median_recovery": 0.0
    }
  },
  "created_at_utc": "2026-05-16T01:04:37Z",
  "m10_minus_midpoint_median": 0.18998092110905496,
  "m10_minus_random_bin_median": -0.7614874590457608,
  "schema_version": "om_phase9_m10_v1_control_metrics"
}
