{
  "model": "Rosetta",
  "dataset": "ai2-arc",
  "answer_method": "generate",
  "overall_accuracy": 0.514792899408284,
  "subjects": {
    "SPLIT_0_OF_1": 0.514792899408284
  },
  "kv_transfer_stats": {
    "count": 4732,
    "selected_min": 10,
    "selected_max": 20,
    "selected_sum": 65940,
    "total_sum": 661164,
    "selected_fraction_sum": 471.7175562372854,
    "score_mean_sum": 32807.79694598913,
    "score_min": 0.23873519897460938,
    "score_max": 36.17033386230469,
    "prefill_count": 169,
    "prefill_time_sum_ms": 30468.057237449102,
    "selection_time_sum_ms": 2853.513625334017,
    "projection_score_time_sum_ms": 0.0,
    "projection_transfer_time_sum_ms": 10495.71573769208,
    "fuse_time_sum_ms": 492.1563829993829,
    "rd_int8_sum": 0,
    "rd_int4_sum": 0,
    "rd_drop_sum": 0,
    "rd_budget_bytes_sum": 0.0,
    "rd_bytes_used_sum": 0.0,
    "rd_effective_bits_sum": 0.0,
    "rd_payload_bytes_sum": 0.0,
    "rd_index_bytes_sum": 0.0,
    "rd_scale_bytes_sum": 0.0,
    "selected_mean": 13.934911242603551,
    "total_mean": 139.72189349112426,
    "selected_fraction_mean": 0.09968671940771036,
    "score_mean": 6.933177714706072,
    "prefill_time_mean_ms": 180.28436235176983,
    "selection_time_mean_ms": 0.6030248574247711,
    "projection_score_time_mean_ms": 0.0,
    "projection_transfer_time_mean_ms": 2.2180295303660356,
    "fuse_time_mean_ms": 0.10400599809792538,
    "rd_int8_mean": 0.0,
    "rd_int4_mean": 0.0,
    "rd_drop_mean": 0.0,
    "rd_budget_bytes_mean": 0.0,
    "rd_bytes_used_mean": 0.0,
    "rd_effective_bits_mean": 0.0,
    "rd_payload_bytes_mean": 0.0,
    "rd_index_bytes_mean": 0.0,
    "rd_scale_bytes_mean": 0.0
  },
  "length_statistics": {
    "subjects": {
      "SPLIT_0_OF_1": {
        "avg_input_length": 140.72189349112426,
        "avg_gen_length": 9.094674556213018,
        "avg_length_ratio": 0.06574376631592996,
        "accuracy": 0.514792899408284,
        "total_samples": 169
      }
    }
  }
}