{
  "model": "Rosetta",
  "dataset": "ai2-arc",
  "answer_method": "generate",
  "overall_accuracy": 0.46733668341708545,
  "subjects": {
    "SPLIT_0_OF_1": 0.46733668341708545
  },
  "kv_transfer_stats": {
    "count": 5572,
    "selected_min": 10,
    "selected_max": 21,
    "selected_sum": 77140,
    "total_sum": 773108,
    "selected_fraction_sum": 556.0115136038822,
    "score_mean_sum": 38592.34614446759,
    "score_min": 0.24175050854682922,
    "score_max": 37.181861877441406,
    "prefill_count": 199,
    "prefill_time_sum_ms": 35925.418979953974,
    "selection_time_sum_ms": 3327.9072031145915,
    "projection_score_time_sum_ms": 0.0,
    "projection_transfer_time_sum_ms": 12247.96169041656,
    "fuse_time_sum_ms": 582.9102841671556,
    "rd_int8_sum": 0,
    "rd_int4_sum": 0,
    "rd_drop_sum": 0,
    "rd_budget_bytes_sum": 0.0,
    "rd_bytes_used_sum": 0.0,
    "rd_effective_bits_sum": 0.0,
    "rd_payload_bytes_sum": 0.0,
    "rd_index_bytes_sum": 0.0,
    "rd_scale_bytes_sum": 0.0,
    "selected_mean": 13.844221105527637,
    "total_mean": 138.74874371859298,
    "selected_fraction_mean": 0.09978670380543471,
    "score_mean": 6.926120987880042,
    "prefill_time_mean_ms": 180.52974361785917,
    "selection_time_mean_ms": 0.5972554205158994,
    "projection_score_time_mean_ms": 0.0,
    "projection_transfer_time_mean_ms": 2.198126649392778,
    "fuse_time_mean_ms": 0.10461419313839836,
    "rd_int8_mean": 0.0,
    "rd_int4_mean": 0.0,
    "rd_drop_mean": 0.0,
    "rd_budget_bytes_mean": 0.0,
    "rd_bytes_used_mean": 0.0,
    "rd_effective_bits_mean": 0.0,
    "rd_payload_bytes_mean": 0.0,
    "rd_index_bytes_mean": 0.0,
    "rd_scale_bytes_mean": 0.0
  },
  "length_statistics": {
    "subjects": {
      "SPLIT_0_OF_1": {
        "avg_input_length": 139.74874371859298,
        "avg_gen_length": 9.603015075376884,
        "avg_length_ratio": 0.07036693657558638,
        "accuracy": 0.46733668341708545,
        "total_samples": 199
      }
    }
  }
}