{
  "model": "Rosetta",
  "dataset": "ai2-arc",
  "answer_method": "generate",
  "overall_accuracy": 0.44559585492227977,
  "subjects": {
    "SPLIT_0_OF_1": 0.44559585492227977
  },
  "kv_transfer_stats": {
    "count": 5404,
    "selected_min": 10,
    "selected_max": 26,
    "selected_sum": 75852,
    "total_sum": 757092,
    "selected_fraction_sum": 541.5874569243035,
    "score_mean_sum": 37432.72432479262,
    "score_min": 0.23799531161785126,
    "score_max": 34.04230880737305,
    "prefill_count": 193,
    "prefill_time_sum_ms": 36192.36092513893,
    "selection_time_sum_ms": 3282.5378625420853,
    "projection_score_time_sum_ms": 0.0,
    "projection_transfer_time_sum_ms": 12108.259836677462,
    "fuse_time_sum_ms": 569.2551870597526,
    "rd_int8_sum": 0,
    "rd_int4_sum": 0,
    "rd_drop_sum": 0,
    "rd_budget_bytes_sum": 0.0,
    "rd_bytes_used_sum": 0.0,
    "rd_effective_bits_sum": 0.0,
    "rd_payload_bytes_sum": 0.0,
    "rd_index_bytes_sum": 0.0,
    "rd_scale_bytes_sum": 0.0,
    "selected_mean": 14.036269430051814,
    "total_mean": 140.0984455958549,
    "selected_fraction_mean": 0.10021973666252841,
    "score_mean": 6.926854982382054,
    "prefill_time_mean_ms": 187.5251861406162,
    "selection_time_mean_ms": 0.6074274357035687,
    "projection_score_time_mean_ms": 0.0,
    "projection_transfer_time_mean_ms": 2.2406106285487533,
    "fuse_time_mean_ms": 0.10533959790150862,
    "rd_int8_mean": 0.0,
    "rd_int4_mean": 0.0,
    "rd_drop_mean": 0.0,
    "rd_budget_bytes_mean": 0.0,
    "rd_bytes_used_mean": 0.0,
    "rd_effective_bits_mean": 0.0,
    "rd_payload_bytes_mean": 0.0,
    "rd_index_bytes_mean": 0.0,
    "rd_scale_bytes_mean": 0.0
  },
  "length_statistics": {
    "subjects": {
      "SPLIT_0_OF_1": {
        "avg_input_length": 141.0984455958549,
        "avg_gen_length": 9.10880829015544,
        "avg_length_ratio": 0.06638730771054857,
        "accuracy": 0.44559585492227977,
        "total_samples": 193
      }
    }
  }
}