{
  "timestamp": "2026-01-12T10:06:37.527580",
  "correction_method": "bonferroni",
  "alpha": 0.05,
  "comparisons": {
    "sst2": {
      "dataset_name": "SST-2",
      "num_classes": 2,
      "random_chance": 50.0,
      "methods": {
        "zeroshot_llama": {
          "mean": 83.8302752293578,
          "std": 0.0,
          "ci_95": [
            83.8302752293578,
            83.8302752293578
          ],
          "n_seeds": 2,
          "values": [
            83.8302752293578,
            83.8302752293578
          ],
          "vs_baseline": {
            "difference": -9.518348623853214,
            "p_value_raw": 0.007669746642944905,
            "cohens_d": -58.6898628384866
          }
        },
        "zeroshot_mistral": {
          "mean": 89.56422018348624,
          "std": 0.0,
          "ci_95": [
            89.56422018348624,
            89.56422018348624
          ],
          "n_seeds": 2,
          "values": [
            89.56422018348624,
            89.56422018348624
          ],
          "vs_baseline": {
            "difference": -3.7844036697247674,
            "p_value_raw": 0.019285606543647752,
            "cohens_d": -23.334523779157294
          }
        },
        "text_relay": {
          "mean": 41.28440366972477,
          "std": 0.0,
          "ci_95": [
            41.28440366972477,
            41.28440366972477
          ],
          "n_seeds": 2,
          "values": [
            41.28440366972477,
            41.28440366972477
          ],
          "vs_baseline": {
            "difference": -52.06422018348624,
            "p_value_raw": 0.0014022439269189624,
            "cohens_d": -321.0264786587097
          }
        },
        "prompt_tuning": {
          "mean": 50.91743119266055,
          "std": 0.0,
          "ci_95": [
            50.91743119266055,
            50.91743119266055
          ],
          "n_seeds": 2,
          "values": [
            50.91743119266055,
            50.91743119266055
          ],
          "vs_baseline": {
            "difference": -42.43119266055046,
            "p_value_raw": 0.0017205897899720943,
            "cohens_d": -261.6295090390366
          }
        },
        "lora": {
          "mean": 90.13761467889908,
          "std": 6.000676812821619,
          "ci_95": [
            90.13761467889908,
            90.13761467889908
          ],
          "n_seeds": 2,
          "values": [
            85.89449541284404,
            94.38073394495413
          ],
          "vs_baseline": {
            "difference": -3.2110091743119256,
            "p_value_raw": 0.59572942426849,
            "cohens_d": -0.5210260492953513
          }
        },
        "linear_probe": {
          "mean": 92.08715596330275,
          "std": 0.0,
          "ci_95": [
            92.08715596330275,
            92.08715596330275
          ],
          "n_seeds": 2,
          "values": [
            92.08715596330275,
            92.08715596330275
          ],
          "vs_baseline": {
            "difference": -1.2614678899082605,
            "p_value_raw": 0.057715876752605706,
            "cohens_d": -7.77817459305246
          }
        },
        "bridge_8": {
          "mean": 93.34862385321101,
          "std": 0.16218045440057563,
          "ci_95": [
            93.34862385321101,
            93.34862385321101
          ],
          "n_seeds": 2,
          "values": [
            93.46330275229357,
            93.23394495412845
          ]
        },
        "bridge_32": {
          "mean": 93.69266055045871,
          "std": 0.32436090880117135,
          "ci_95": [
            93.69266055045871,
            93.69266055045871
          ],
          "n_seeds": 2,
          "values": [
            93.92201834862385,
            93.46330275229357
          ],
          "vs_baseline": {
            "difference": 0.34403669724770225,
            "p_value_raw": 0.20483276469914918,
            "cohens_d": 2.1213203435594674
          }
        }
      }
    },
    "agnews": {
      "dataset_name": "AG News",
      "num_classes": 4,
      "random_chance": 25.0,
      "methods": {
        "zeroshot_llama": {
          "mean": 70.97368421052632,
          "std": 0.0,
          "ci_95": [
            70.97368421052632,
            70.97368421052632
          ],
          "n_seeds": 2,
          "values": [
            70.97368421052632,
            70.97368421052632
          ],
          "vs_baseline": {
            "difference": -20.085526315789465,
            "p_value_raw": 0.023968777449258488,
            "cohens_d": -18.77214785184816
          }
        },
        "zeroshot_mistral": {
          "mean": 71.14473684210526,
          "std": 0.0,
          "ci_95": [
            71.14473684210526,
            71.14473684210526
          ],
          "n_seeds": 2,
          "values": [
            71.14473684210526,
            71.14473684210526
          ],
          "vs_baseline": {
            "difference": -19.91447368421052,
            "p_value_raw": 0.024174456952975265,
            "cohens_d": -18.61228023175381
          }
        },
        "text_relay": {
          "mean": 1.0263157894736843,
          "std": 0.0,
          "ci_95": [
            1.0263157894736843,
            1.0263157894736843
          ],
          "n_seeds": 2,
          "values": [
            1.0263157894736843,
            1.0263157894736843
          ],
          "vs_baseline": {
            "difference": -90.0328947368421,
            "p_value_raw": 0.005349620064870559,
            "cohens_d": -84.14570696119952
          }
        },
        "prompt_tuning": {
          "mean": 25.0,
          "std": 0.0,
          "ci_95": [
            25.0,
            25.0
          ],
          "n_seeds": 2,
          "values": [
            25.0,
            25.0
          ],
          "vs_baseline": {
            "difference": -66.05921052631578,
            "p_value_raw": 0.00729091454834975,
            "cohens_d": -61.739645129514386
          }
        },
        "lora": {
          "mean": 40.78947368421053,
          "std": 22.273863607376246,
          "ci_95": [
            40.78947368421053,
            40.78947368421053
          ],
          "n_seeds": 2,
          "values": [
            25.039473684210527,
            56.53947368421053
          ],
          "vs_baseline": {
            "difference": -50.26973684210525,
            "p_value_raw": 0.1845300601497366,
            "cohens_d": -2.370777935518388
          }
        },
        "linear_probe": {
          "mean": 86.81578947368422,
          "std": 0.0,
          "ci_95": [
            86.81578947368422,
            86.81578947368422
          ],
          "n_seeds": 2,
          "values": [
            86.81578947368422,
            86.81578947368422
          ],
          "vs_baseline": {
            "difference": -4.243421052631561,
            "p_value_raw": 0.11232553880550171,
            "cohens_d": -3.9659467292636807
          }
        },
        "bridge_8": {
          "mean": 91.05921052631578,
          "std": 1.0699642083743763,
          "ci_95": [
            91.05921052631578,
            91.05921052631578
          ],
          "n_seeds": 2,
          "values": [
            90.30263157894737,
            91.8157894736842
          ]
        },
        "bridge_32": {
          "mean": 90.65131578947368,
          "std": 1.3676933794002895,
          "ci_95": [
            90.65131578947368,
            90.65131578947368
          ],
          "n_seeds": 2,
          "values": [
            89.6842105263158,
            91.61842105263158
          ],
          "vs_baseline": {
            "difference": -0.40789473684209554,
            "p_value_raw": 0.3033285801259203,
            "cohens_d": -1.3700193885489105
          }
        }
      }
    },
    "trec": {
      "dataset_name": "TREC",
      "num_classes": 6,
      "random_chance": 16.666666666666668,