{
  "llama": {
    "rms_mean": 0.8214279692538463,
    "count": 685
  },
  "qwen": {
    "rms_mean": 0.6713525543247696,
    "count": 685
  }
}