answer_index,permuted_evaluations,canonical_examples,remapped_accuracy,identity_accuracy,unremapped_accuracy,consistency_rate
0,248,31,0.3870967741935484,0.3870967741935484,0.25,1.0
1,240,30,0.36666666666666664,0.36666666666666664,0.225,1.0
2,304,38,0.5,0.5,0.24671052631578946,1.0
3,232,29,0.6206896551724138,0.6206896551724138,0.30603448275862066,1.0
