permutation_id,permutation_display_to_canonical,eval_rows,remapped_accuracy,unremapped_accuracy,wrong_remap_accuracy,canonical_packet_consistency_rate
0,0 1 2 3,128,0.46875,0.46875,0.171875,1.0
1,1 2 3 0,128,0.46875,0.1796875,0.171875,1.0
2,2 3 0 1,128,0.46875,0.1796875,0.171875,1.0
3,3 0 1 2,128,0.46875,0.171875,0.171875,1.0
4,1 0 2 3,128,0.46875,0.390625,0.203125,1.0
5,0 2 1 3,128,0.46875,0.328125,0.15625,1.0
6,3 2 1 0,128,0.46875,0.1640625,0.1796875,1.0
7,2 0 3 1,128,0.46875,0.1640625,0.1875,1.0
