{
  "bootstrap_samples": 1000,
  "bootstrap_seed": 20260509,
  "metric_name": "median_per_trace_recovery",
  "primary_result": {
    "bootstrap_ci95": {
      "ci95_high": 0.7111432441994825,
      "ci95_low": 0.0
    },
    "median_recovery": 0.0,
    "per_trace_recovery": [
      0.5928394180792577,
      3.3448395815720575,
      1.6970116065475618,
      0.0,
      0.9261986223729297,
      0.3759061029691191,
      0.0,
      0.0,
      1.9640908051588843,
      0.0,
      0.0,
      -1.0124758319665625,
      0.6480564672789735,
      0.0,
      -0.13012739071675528,
      0.7857268163451103,
      0.7714370628364574,
      0.0,
      0.0,
      1.0304213251436019,
      0.0,
      -1.5580294569190136,
      0.7742300211199914,
      0.0
    ],
    "trace_count": 24
  },
  "schema_version": "om_phase3_v1_bootstrap_ci"
}
