{
  "artifact_complete": true,
  "control_results": {
    "control_stop_condition": false,
    "control_stop_details": [],
    "magnitude_average": {
      "bootstrap_ci95": {
        "ci95_high": 0.5122454384615018,
        "ci95_low": 0.0
      },
      "median_recovery": 0.06127611892917839,
      "per_trace_recovery": [
        0.28514419926041923,
        3.4857634721757647,
        1.702038020980896,
        0.0,
        0.7020115466765,
        -3.0446401470627764,
        0.0,
        0.0,
        1.255561359490312,
        0.0,
        0.0,
        -0.5866015092853845,
        0.9201593410638439,
        0.0,
        0.12255223785835678,
        0.6365119756228972,
        0.4197474759207921,
        0.0,
        0.0,
        1.0358259957860587,
        0.0,
        0.4218685353759738,
        0.5122454384615018,
        0.0
      ],
      "trace_count": 24
    },
    "static_2pct": {
      "bootstrap_ci95": {
        "ci95_high": 0.3560170014228531,
        "ci95_low": 0.0
      },
      "median_recovery": 0.0,
      "per_trace_recovery": [
        0.5218590649817458,
        1.0562470960550683,
        0.5444815016343449,
        0.0,
        0.5459783230281474,
        -0.7640527968964244,
        0.0,
        0.0,
        -2.8817887698464584,
        0.0,
        0.0,
        0.0024876849438871806,
        1.1462733608993811,
        0.0,
        -0.025508302713922903,
        0.2832428942831139,
        0.4287911085625923,
        0.0,
        0.0,
        0.8897890974721403,
        0.0,
        -1.2747794974459596,
        0.6850705093925569,
        0.0
      ],
      "trace_count": 24
    },
    "union_outperforms_both_controls": false
  },
  "decision": "KILL_OM_PHASE3_INTERVENTION_FAILS",
  "grid_sensitivity": {
    "dense": {
      "bootstrap_ci95": {
        "ci95_high": 0.9200077997262062,
        "ci95_low": 0.0
      },
      "median_recovery": 0.0,
      "per_trace_recovery": [
        0.5143866146124914,
        3.6781601882767787,
        1.3654879734370264,
        0.0,
        1.101997627397344,
        -2.2982059169188362,
        0.0,
        0.0,
        1.3167956218618666,
        0.0,
        0.0,
        -1.0705492488591282,
        1.0058766156315022,
        0.0,
        -0.008237508776182123,
        0.959459031814433,
        0.682387345236798,
        0.0,
        0.0,
        0.936780569770862,
        0.0,
        1.6708223574596213,
        0.8805565676379794,
        0.0
      ],
      "trace_count": 24
    },
    "primary": {
      "bootstrap_ci95": {
        "ci95_high": 0.7111432441994825,
        "ci95_low": 0.0
      },
      "median_recovery": 0.0,
      "per_trace_recovery": [
        0.5928394180792577,
        3.3448395815720575,
        1.6970116065475618,
        0.0,
        0.9261986223729297,
        0.3759061029691191,
        0.0,
        0.0,
        1.9640908051588843,
        0.0,
        0.0,
        -1.0124758319665625,
        0.6480564672789735,
        0.0,
        -0.13012739071675528,
        0.7857268163451103,
        0.7714370628364574,
        0.0,
        0.0,
        1.0304213251436019,
        0.0,
        -1.5580294569190136,
        0.7742300211199914,
        0.0
      ],
      "trace_count": 24
    },
    "sparse": {
      "bootstrap_ci95": {
        "ci95_high": 0.752281234024911,
        "ci95_low": 0.0
      },
      "median_recovery": 0.0,
      "per_trace_recovery": [
        0.5266570053285441,
        3.1787187143130895,
        1.6072069705345418,
        0.0,
        0.8423700864573467,
        -2.7339136237160897,
        0.0,
        0.0,
        2.3930203762502997,
        0.0,
        0.0,
        -0.7184370562264935,
        0.717315869248236,
        0.0,
        -0.471547147460184,
        0.752281234024911,
        0.806743975700203,
        0.0,
        0.0,
        0.8450349611918174,
        0.0,
        -3.15472558772606,
        0.8067202222356437,
        0.0
      ],
      "trace_count": 24
    }
  },
  "primary_result": {
    "bootstrap_ci95": {
      "ci95_high": 0.7111432441994825,
      "ci95_low": 0.0
    },
    "median_recovery": 0.0,
    "per_trace_recovery": [
      0.5928394180792577,
      3.3448395815720575,
      1.6970116065475618,
      0.0,
      0.9261986223729297,
      0.3759061029691191,
      0.0,
      0.0,
      1.9640908051588843,
      0.0,
      0.0,
      -1.0124758319665625,
      0.6480564672789735,
      0.0,
      -0.13012739071675528,
      0.7857268163451103,
      0.7714370628364574,
      0.0,
      0.0,
      1.0304213251436019,
      0.0,
      -1.5580294569190136,
      0.7742300211199914,
      0.0
    ],
    "trace_count": 24
  },
  "reasons": [
    "median recovery 0.00000000 < 0.20"
  ],
  "run_dir": "/workspace/LatentWire/experimental/outlier_migrate/phase3/results/om_phase3_20260509T212000Z",
  "thresholds": {
    "control_stop_outperforms_union_by_gt": 0.1,
    "kill_ci95_high_lt": 0.3,
    "kill_median_recovery_lt": 0.2,
    "max_no_recoverable_static_gap_fraction": 0.25,
    "pass_ci95_low_gt": 0.3,
    "pass_median_recovery_min": 0.5
  }
}
