{
  "controls": {
    "magnitude_average": {
      "bootstrap_ci95": {
        "ci95_high": 0.5122454384615018,
        "ci95_low": 0.0
      },
      "median_recovery": 0.06127611892917839,
      "per_trace_recovery": [
        0.28514419926041923,
        3.4857634721757647,
        1.702038020980896,
        0.0,
        0.7020115466765,
        -3.0446401470627764,
        0.0,
        0.0,
        1.255561359490312,
        0.0,
        0.0,
        -0.5866015092853845,
        0.9201593410638439,
        0.0,
        0.12255223785835678,
        0.6365119756228972,
        0.4197474759207921,
        0.0,
        0.0,
        1.0358259957860587,
        0.0,
        0.4218685353759738,
        0.5122454384615018,
        0.0
      ],
      "trace_count": 24
    },
    "static_2pct": {
      "bootstrap_ci95": {
        "ci95_high": 0.3560170014228531,
        "ci95_low": 0.0
      },
      "median_recovery": 0.0,
      "per_trace_recovery": [
        0.5218590649817458,
        1.0562470960550683,
        0.5444815016343449,
        0.0,
        0.5459783230281474,
        -0.7640527968964244,
        0.0,
        0.0,
        -2.8817887698464584,
        0.0,
        0.0,
        0.0024876849438871806,
        1.1462733608993811,
        0.0,
        -0.025508302713922903,
        0.2832428942831139,
        0.4287911085625923,
        0.0,
        0.0,
        0.8897890974721403,
        0.0,
        -1.2747794974459596,
        0.6850705093925569,
        0.0
      ],
      "trace_count": 24
    }
  },
  "created_at_utc": "2026-05-10T05:05:27Z",
  "schema_version": "om_phase3_v1_control_metrics",
  "union_outperforms_both_controls": false,
  "union_primary": {
    "bootstrap_ci95": {
      "ci95_high": 0.7111432441994825,
      "ci95_low": 0.0
    },
    "median_recovery": 0.0,
    "per_trace_recovery": [
      0.5928394180792577,
      3.3448395815720575,
      1.6970116065475618,
      0.0,
      0.9261986223729297,
      0.3759061029691191,
      0.0,
      0.0,
      1.9640908051588843,
      0.0,
      0.0,
      -1.0124758319665625,
      0.6480564672789735,
      0.0,
      -0.13012739071675528,
      0.7857268163451103,
      0.7714370628364574,
      0.0,
      0.0,
      1.0304213251436019,
      0.0,
      -1.5580294569190136,
      0.7742300211199914,
      0.0
    ],
    "trace_count": 24
  }
}
