name,grid_size,positions,median_recovery,ci95_low,ci95_high
sparse,3,100 5000 10000,0.000000000000,0.000000000000,0.752281234025
primary,4,100 1000 5000 10000,0.000000000000,0.000000000000,0.711143244199
dense,7,100 500 1000 2000 5000 7500 10000,0.000000000000,0.000000000000,0.920007799726
