{
  "best_control_accuracy": 0.25,
  "conditions": [
    "target_only",
    "matched_packet",
    "shuffled_packet",
    "random_same_byte",
    "structured_json_2byte",
    "structured_free_text_2byte"
  ],
  "exact_id_count": 160,
  "exact_id_parity": true,
  "exact_id_sha256": "0b8362ef13390a9ee48fc9daa40a507ec9ef51857c0b5a6c7554905be6139639",
  "matched_accuracy": 0.69375,
  "matched_minus_best_control": 0.44375,
  "matched_minus_target": 0.44375,
  "metrics": {
    "matched_packet": {
      "accuracy": 0.69375,
      "correct": 111,
      "correct_ids": [
        "sphr_0000",
        "sphr_0001",
        "sphr_0002",
        "sphr_0004",
        "sphr_0005",
        "sphr_0006",
        "sphr_0008",
        "sphr_0009",
        "sphr_0012",
        "sphr_0013",
        "sphr_0014",
        "sphr_0016",
        "sphr_0017",
        "sphr_0020",
        "sphr_0021",
        "sphr_0022",
        "sphr_0024",
        "sphr_0025",
        "sphr_0026",
        "sphr_0028",
        "sphr_0029",
        "sphr_0030",
        "sphr_0032",
        "sphr_0034",
        "sphr_0036",
        "sphr_0037",
        "sphr_0038",
        "sphr_0040",
        "sphr_0041",
        "sphr_0044",
        "sphr_0045",
        "sphr_0046",
        "sphr_0048",
        "sphr_0049",
        "sphr_0052",
        "sphr_0053",
        "sphr_0054",
        "sphr_0056",
        "sphr_0057",
        "sphr_0060",
        "sphr_0061",
        "sphr_0062",
        "sphr_0064",
        "sphr_0065",
        "sphr_0066",
        "sphr_0068",
        "sphr_0069",
        "sphr_0070",
        "sphr_0072",
        "sphr_0073",
        "sphr_0074",
        "sphr_0076",
        "sphr_0077",
        "sphr_0080",
        "sphr_0081",
        "sphr_0082",
        "sphr_0084",
        "sphr_0085",
        "sphr_0088",
        "sphr_0089",
        "sphr_0090",
        "sphr_0092",
        "sphr_0093",
        "sphr_0094",
        "sphr_0096",
        "sphr_0097",
        "sphr_0098",
        "sphr_0100",
        "sphr_0101",
        "sphr_0104",
        "sphr_0105",
        "sphr_0106",
        "sphr_0108",
        "sphr_0109",
        "sphr_0110",
        "sphr_0112",
        "sphr_0113",
        "sphr_0114",
        "sphr_0116",
        "sphr_0117",
        "sphr_0118",
        "sphr_0120",
        "sphr_0121",
        "sphr_0122",
        "sphr_0124",
        "sphr_0125",
        "sphr_0126",
        "sphr_0128",
        "sphr_0129",
        "sphr_0130",
        "sphr_0132",
        "sphr_0133",
        "sphr_0134",
        "sphr_0136",
        "sphr_0137",
        "sphr_0138",
        "sphr_0140",
        "sphr_0141",
        "sphr_0142",
        "sphr_0144",
        "sphr_0145",
        "sphr_0146",
        "sphr_0148",
        "sphr_0149",
        "sphr_0150",
        "sphr_0152",
        "sphr_0153",
        "sphr_0154",
        "sphr_0156",
        "sphr_0157",
        "sphr_0158"
      ],
      "mean_generated_tokens": 13.0,
      "mean_payload_bytes": 2.0,
      "mean_payload_tokens": 1.0,
      "p50_latency_ms": 2670.306125000934,
      "valid_prediction_rate": 1.0
    },
    "random_same_byte": {
      "accuracy": 0.25,
      "correct": 40,
      "correct_ids": [
        "sphr_0000",
        "sphr_0004",
        "sphr_0008",
        "sphr_0012",
        "sphr_0016",
        "sphr_0020",
        "sphr_0024",
        "sphr_0028",
        "sphr_0032",
        "sphr_0036",
        "sphr_0040",
        "sphr_0044",
        "sphr_0048",
        "sphr_0052",
        "sphr_0056",
        "sphr_0060",
        "sphr_0064",
        "sphr_0068",
        "sphr_0072",
        "sphr_0076",
        "sphr_0080",
        "sphr_0084",
        "sphr_0088",
        "sphr_0092",
        "sphr_0096",
        "sphr_0100",
        "sphr_0104",
        "sphr_0108",
        "sphr_0112",
        "sphr_0116",
        "sphr_0120",
        "sphr_0124",
        "sphr_0128",
        "sphr_0132",
        "sphr_0136",
        "sphr_0140",
        "sphr_0144",
        "sphr_0148",
        "sphr_0152",
        "sphr_0156"
      ],
      "mean_generated_tokens": 13.0,
      "mean_payload_bytes": 2.0,
      "mean_payload_tokens": 1.0,
      "p50_latency_ms": 2681.5216044924455,
      "valid_prediction_rate": 1.0
    },
    "shuffled_packet": {
      "accuracy": 0.25,
      "correct": 40,
      "correct_ids": [
        "sphr_0000",
        "sphr_0004",
        "sphr_0008",
        "sphr_0012",
        "sphr_0016",
        "sphr_0020",
        "sphr_0024",
        "sphr_0028",
        "sphr_0032",
        "sphr_0036",
        "sphr_0040",
        "sphr_0044",
        "sphr_0048",
        "sphr_0052",
        "sphr_0056",
        "sphr_0060",
        "sphr_0064",
        "sphr_0068",
        "sphr_0072",
        "sphr_0076",
        "sphr_0080",
        "sphr_0084",
        "sphr_0088",
        "sphr_0092",
        "sphr_0096",
        "sphr_0100",
        "sphr_0104",
        "sphr_0108",
        "sphr_0112",
        "sphr_0116",
        "sphr_0120",
        "sphr_0124",
        "sphr_0128",
        "sphr_0132",
        "sphr_0136",
        "sphr_0140",
        "sphr_0144",
        "sphr_0148",
        "sphr_0152",
        "sphr_0156"
      ],
      "mean_generated_tokens": 13.0,
      "mean_payload_bytes": 2.0,
      "mean_payload_tokens": 1.0,
      "p50_latency_ms": 2673.1343749997905,
      "valid_prediction_rate": 1.0
    },
    "structured_free_text_2byte": {
      "accuracy": 0.25,
      "correct": 40,
      "correct_ids": [
        "sphr_0000",
        "sphr_0004",
        "sphr_0008",
        "sphr_0012",
        "sphr_0016",
        "sphr_0020",
        "sphr_0024",
        "sphr_0028",
        "sphr_0032",
        "sphr_0036",
        "sphr_0040",
        "sphr_0044",
        "sphr_0048",
        "sphr_0052",
        "sphr_0056",
        "sphr_0060",
        "sphr_0064",
        "sphr_0068",
        "sphr_0072",
        "sphr_0076",
        "sphr_0080",
        "sphr_0084",
        "sphr_0088",
        "sphr_0092",
        "sphr_0096",
        "sphr_0100",
        "sphr_0104",
        "sphr_0108",
        "sphr_0112",
        "sphr_0116",
        "sphr_0120",
        "sphr_0124",
        "sphr_0128",
        "sphr_0132",
        "sphr_0136",
        "sphr_0140",
        "sphr_0144",
        "sphr_0148",
        "sphr_0152",
        "sphr_0156"
      ],
      "mean_generated_tokens": 13.0,
      "mean_payload_bytes": 2.0,
      "mean_payload_tokens": 1.0,
      "p50_latency_ms": 2716.5630414965563,
      "valid_prediction_rate": 1.0
    },
    "structured_json_2byte": {
      "accuracy": 0.25,
      "correct": 40,
      "correct_ids": [
        "sphr_0000",
        "sphr_0004",
        "sphr_0008",
        "sphr_0012",
        "sphr_0016",
        "sphr_0020",
        "sphr_0024",
        "sphr_0028",
        "sphr_0032",
        "sphr_0036",
        "sphr_0040",
        "sphr_0044",
        "sphr_0048",
        "sphr_0052",
        "sphr_0056",
        "sphr_0060",
        "sphr_0064",
        "sphr_0068",
        "sphr_0072",
        "sphr_0076",
        "sphr_0080",
        "sphr_0084",
        "sphr_0088",
        "sphr_0092",
        "sphr_0096",
        "sphr_0100",
        "sphr_0104",
        "sphr_0108",
        "sphr_0112",
        "sphr_0116",
        "sphr_0120",
        "sphr_0124",
        "sphr_0128",
        "sphr_0132",
        "sphr_0136",
        "sphr_0140",
        "sphr_0144",
        "sphr_0148",
        "sphr_0152",
        "sphr_0156"
      ],
      "mean_generated_tokens": 13.0,
      "mean_payload_bytes": 2.0,
      "mean_payload_tokens": 1.0,
      "p50_latency_ms": 2666.221728984965,
      "valid_prediction_rate": 1.0
    },
    "target_only": {
      "accuracy": 0.25,
      "correct": 40,