{
  "llama": {
    "rms_mean_raw": 0.010557852310261556,
    "rms_mean_cal": 0.010571244175412825,
    "embed_rms": 0.010568334721028805,
    "count": 350
  },
  "qwen": {
    "rms_mean_raw": 0.013628305744911943,
    "rms_mean_cal": 0.013640910389700106,
    "embed_rms": 0.013639703392982483,
    "count": 350
  }
}