split,variant,pass_gate,rows,source_accuracy_before_packet,matched_accuracy_mean,qwen_substituted_accuracy_mean,cached_tiny_packet_accuracy_mean,matched_minus_qwen_substituted_mean,matched_minus_cached_tiny_packet_mean,paired_ci95_low_vs_qwen_substituted_min,paired_ci95_low_vs_cached_tiny_packet_min
validation,matched,False,144,0.5416666666666666,0.3555555555555555,0.3888888888888889,0.25,-0.03333333333333333,0.10555555555555554,-0.1736111111111111,-0.02812499999999998
validation,rolled_source_choice,,144,0.5416666666666666,0.21388888888888888,0.3888888888888889,0.25,-0.175,-0.03611111111111111,-0.3300347222222222,-0.1736111111111111
validation,random_source_choice,,144,0.5416666666666666,0.2569444444444445,0.3888888888888889,0.25,-0.13194444444444442,0.006944444444444445,-0.2847222222222222,-0.13194444444444445
test,matched,False,473,0.5539112050739958,0.3682875264270613,0.3171247357293869,0.2693446088794926,0.05116279069767442,0.0989429175475687,-0.03493657505285412,0.008456659619450317
test,rolled_source_choice,,473,0.5539112050739958,0.2050739957716702,0.3171247357293869,0.2693446088794926,-0.11205073995771671,-0.06427061310782241,-0.19027484143763213,-0.14698731501057083
test,random_source_choice,,473,0.5539112050739958,0.24566596194503174,0.3171247357293869,0.2693446088794926,-0.0714587737843552,-0.023678646934460888,-0.17547568710359407,-0.1331923890063425
