row_id,content_id,answer_index,full_prompt_prediction,distill_prediction,chunk_prediction,slots_prediction,distill_kl_to_full,slots_kl_to_full,distill_prefix_rms,chunk_prefix_rms
887,608bca457d7aafee5e29a5e026dc3b7399cb5e5d0ed3ba83d57ed0048541d15b,3,3,3,3,3,0.015217733295360608,0.019280988981046965,0.015052780508995056,0.015052780508995056
888,431be609e32f5a34b4fd3f878f7ef20667f3111d81dd5cc8dea37eae112149b8,2,2,1,1,1,0.24210158888261457,0.22184835761421923,0.015052780508995056,0.015052780508995056
923,4b42bd36a3943e76c8dc3681abb0f03b2043cb956da59cb95293d5c32fd98260,0,0,0,0,0,0.013769595259365344,0.033952705140129144,0.015052780508995056,0.015052780508995056
924,7d6fea9829e8df1bf433e39f611558a784c92e58c0b70dcb4646cd7890c9173a,1,3,3,3,3,0.10197572233340513,0.06505462651647398,0.015052780508995056,0.015052780508995056
942,d1bb085d0f5572645579df9389729f6bd5f525c2bd60d8c392a516626b2ab365,0,0,1,1,1,0.02840533281951002,0.037349256731005864,0.015052780508995056,0.015052780508995056
950,e5df353f145e054a0f5b3f6794db2eed04859cf20ea8442318a3f7840bd1fd22,0,1,3,3,3,0.07941533622544208,0.05477989712858958,0.015052780508995056,0.01505278144031763
951,7c80510ca6c4ffc4132ceaf963d9592f06b9ebda2e72f5d87a63887b7e17337b,2,0,3,3,3,0.14706949432992145,0.10174058400848421,0.015052780508995056,0.015052780508995056
989,9aa72499d3bfa3b43e7a9437a6efb67545ee08b252e30568473db225c1abcbc3,2,0,3,3,1,0.14984755641563038,0.18336035404066606,0.015052780508995056,0.015052780508995056
