{
  "controls": {
    "random_bin_assignment": {
      "bootstrap_ci95": {
        "ci95_high": 0.20812676686773568,
        "ci95_low": -8.692996732594942
      },
      "included_trace_count": 8,
      "mean_recovery": -10.915173337656096,
      "median_recovery": -0.19928902322343722,
      "no_recoverable_static_gap_count": 4,
      "no_recoverable_static_gap_fraction": 0.3333333333333333,
      "total_trace_count": 12
    },
    "static_1pct": {
      "median_recovery": 0.0
    },
    "static_3pct": {
      "bootstrap_ci95": {
        "ci95_high": 0.20729799063342635,
        "ci95_low": -15.128859141857719
      },
      "included_trace_count": 8,
      "mean_recovery": -63.153254863092535,
      "median_recovery": -0.6259276389593869,
      "no_recoverable_static_gap_count": 4,
      "no_recoverable_static_gap_fraction": 0.3333333333333333,
      "total_trace_count": 12
    }
  },
  "created_at_utc": "2026-05-14T23:38:25Z",
  "m2_minus_random_bin_median": -0.6675482901676153,
  "m2_minus_static_3pct_median": -0.24090967443166567,
  "schema_version": "om_phase9_m2_v1_control_metrics"
}
