{
  "llama": {
    "rms_mean_raw": 0.8214065878386041,
    "rms_mean_cal": 0.010571507336347315,
    "embed_rms": 0.010566247627139091,
    "count": 1369
  },
  "qwen": {
    "rms_mean_raw": 0.9199799577888561,
    "rms_mean_cal": 0.013641131577171096,
    "embed_rms": 0.013642466627061367,
    "count": 1369
  }
}