{
  "llama": {
    "rms_mean_raw": 0.7752128802484801,
    "rms_mean_cal": 0.010571220542057272,
    "embed_rms": 0.010575124062597752,
    "count": 1369
  },
  "qwen": {
    "rms_mean_raw": 0.8352463071236566,
    "rms_mean_cal": 0.013640715295708771,
    "embed_rms": 0.013635223731398582,
    "count": 1369
  }
}