{
  "llama": {
    "rms_mean": 0.7721265929458785,
    "count": 685
  },
  "qwen": {
    "rms_mean": 0.645969764420586,
    "count": 685
  }
}