{
  "conditions": [
    "target_only",
    "matched_packet",
    "matched_byte_text_2",
    "query_aware_diag_span",
    "structured_json_diag",
    "structured_free_text_diag",
    "full_hidden_log"
  ],
  "exact_id_parity": true,
  "exact_id_sha256": "50ef91ed25476a81eaa533ec328f9cb4c913e13480fd4f4f0641550217a94478",
  "full_log_e2e_delta_vs_packet_ms": -1551.161438008421,
  "full_log_prompt_token_delta_vs_packet": 87.5,
  "full_log_ttft_delta_vs_packet_ms": 283.4198125055991,
  "metrics": {
    "full_hidden_log": {
      "accuracy": 0.375,
      "correct": 6,
      "mean_generated_tokens": 6.75,
      "mean_payload_bytes": 366.5,
      "mean_payload_tokens_proxy": 33.875,
      "mean_prompt_bytes": 983.5,
      "mean_prompt_tokens": 256.875,
      "p50_e2e_ms": 1347.0986869942863,
      "p50_ttft_ms": 927.1381459984696,
      "p95_e2e_ms": 3235.9499579906696,
      "p95_ttft_ms": 1133.6950839904603,
      "valid_prediction_rate": 1.0
    },
    "matched_byte_text_2": {
      "accuracy": 0.25,
      "correct": 4,
      "mean_generated_tokens": 13.0,
      "mean_payload_bytes": 2.0,
      "mean_payload_tokens_proxy": 1.0,
      "mean_prompt_bytes": 619.0,
      "mean_prompt_tokens": 168.375,
      "p50_e2e_ms": 2848.0195209995145,
      "p50_ttft_ms": 643.5318125077174,
      "p95_e2e_ms": 3305.8263749990147,
      "p95_ttft_ms": 852.6490829972317,
      "valid_prediction_rate": 1.0
    },
    "matched_packet": {
      "accuracy": 0.25,
      "correct": 4,
      "mean_generated_tokens": 13.0,
      "mean_payload_bytes": 2.0,
      "mean_payload_tokens_proxy": 1.0,
      "mean_prompt_bytes": 619.0,
      "mean_prompt_tokens": 169.375,
      "p50_e2e_ms": 2898.2601250027074,
      "p50_ttft_ms": 643.7183334928704,
      "p95_e2e_ms": 3281.5258339978755,
      "p95_ttft_ms": 854.5931249973364,
      "valid_prediction_rate": 1.0
    },
    "query_aware_diag_span": {
      "accuracy": 0.5,
      "correct": 8,
      "mean_generated_tokens": 12.625,
      "mean_payload_bytes": 14.0,
      "mean_payload_tokens_proxy": 1.0,
      "mean_prompt_bytes": 631.0,
      "mean_prompt_tokens": 172.75,
      "p50_e2e_ms": 2880.2773960051127,
      "p50_ttft_ms": 587.0237499984796,
      "p95_e2e_ms": 3422.2178750060266,
      "p95_ttft_ms": 918.7972920044558,
      "valid_prediction_rate": 0.875
    },
    "structured_free_text_diag": {
      "accuracy": 0.6875,
      "correct": 11,
      "mean_generated_tokens": 12.375,
      "mean_payload_bytes": 17.0,
      "mean_payload_tokens_proxy": 4.0,
      "mean_prompt_bytes": 634.0,
      "mean_prompt_tokens": 172.375,
      "p50_e2e_ms": 2863.4515415033093,
      "p50_ttft_ms": 652.909542004636,
      "p95_e2e_ms": 3273.016209001071,
      "p95_ttft_ms": 880.7832499878714,
      "valid_prediction_rate": 1.0
    },
    "structured_json_diag": {
      "accuracy": 0.625,
      "correct": 10,
      "mean_generated_tokens": 12.375,
      "mean_payload_bytes": 21.0,
      "mean_payload_tokens_proxy": 2.0,
      "mean_prompt_bytes": 638.0,
      "mean_prompt_tokens": 174.375,
      "p50_e2e_ms": 2868.304603995057,
      "p50_ttft_ms": 536.3033329922473,
      "p95_e2e_ms": 3208.530834002886,
      "p95_ttft_ms": 899.3610409961548,
      "valid_prediction_rate": 1.0
    },
    "target_only": {
      "accuracy": 0.25,
      "correct": 4,
      "mean_generated_tokens": 13.0,
      "mean_payload_bytes": 0.0,
      "mean_payload_tokens_proxy": 0.0,
      "mean_prompt_bytes": 623.0,
      "mean_prompt_tokens": 169.375,
      "p50_e2e_ms": 2966.2320210045436,
      "p50_ttft_ms": 533.0408959998749,
      "p95_e2e_ms": 3349.924750000355,
      "p95_ttft_ms": 876.8993330013473,
      "valid_prediction_rate": 1.0
    }
  },
  "n": 16,
  "packet_minus_matched_byte_text_accuracy": 0.0,
  "packet_minus_target_accuracy": 0.0,
  "packet_prompt_token_delta_vs_target": 0.0,
  "packet_vs_full_log_payload_compression": 183.25,
  "packet_vs_query_payload_compression": 7.0,
  "pass_gate": false,
  "pass_rule": "Packet must beat target by >=0.15, matched-byte text must stay within target+0.05, and query-aware/full-log payloads must be larger than the packet. Latency is reported, not gated.",
  "prompt_style": "terse"
}