group,model,EM,F1,NLL/token,wall_clock_sec,compression,payload_bytes,samples,M,token_budget_mode,token_budget_k,dataset
text,llama,0.58,0.7994106570072514,12.72173482274305,17.547767639160156,15.3165625,16384,200,16,content_only,16,squad
text,qwen,0.68,0.8528460272957177,25.81069942126198,17.547767639160156,14.480625,16384,200,16,content_only,16,squad
latent,llama,0.0,0.033436553642436,8.769114638131763,16.187195539474487,15.3165625,16384,200,16,content_only,16,squad
latent,qwen,0.0,0.018833650826297885,8.362961448374248,16.187195539474487,14.480625,16384,200,16,content_only,16,squad
token_budget,llama,0.0,0.038205738705738714,,13.945641040802002,15.3165625,16384,200,16,content_only,16,squad
token_budget,qwen,0.01,0.04269888444888446,,13.945641040802002,14.480625,16384,200,16,content_only,16,squad
joint,both,0.0,0.02421295779384015,,,,16384,200,16,content_only,16,squad
