group,model,EM,F1,NLL/token,wall_clock_sec,compression,payload_bytes,samples,M,token_budget_mode,token_budget_k,dataset
text,llama,0.58,0.7994106570072514,12.72173482274305,16.741546630859375,15.3165625,16384,200,16,content_only,16,squad
text,qwen,0.68,0.8528460272957177,25.81069942126198,16.741546630859375,14.480625,16384,200,16,content_only,16,squad
latent,llama,0.0,0.03289668664668665,8.73480723017738,13.277673244476318,15.3165625,16384,200,16,content_only,16,squad
latent,qwen,0.0,0.0227917939903234,8.511022266572114,13.277673244476318,14.480625,16384,200,16,content_only,16,squad
token_budget,llama,0.0,0.038205738705738714,,11.639484643936157,15.3165625,16384,200,16,content_only,16,squad
token_budget,qwen,0.01,0.04269888444888446,,11.639484643936157,14.480625,16384,200,16,content_only,16,squad
joint,both,0.0,0.02433816020580726,,,,16384,200,16,content_only,16,squad
