{
  "status": "REPRODUCED on measured no-retuning rerun; rdu_topk remains best compressed and clears the preregistered rule.",
  "method_branch": "rdu_topk",
  "diagnostic_type": "measured_no_retuning_rerun_against_cached_frozen_gate",
  "cached_label": "cached_promoted_gate",
  "measured_label": "measured_reproduction_rerun",
  "cached_baseline": {
    "model_name": "distilgpt2",
    "keep_fraction": 0.2,
    "max_traces": 74,
    "max_length": 96,
    "continuation_tokens": 24,
    "n_scored_traces": 74,
    "summary": {
      "full_cache": {
        "n_traces": 74.0,
        "keep_rate": 1.0,
        "nll": 2.84759355316291,
        "delta_nll_vs_full": 0.0
      },
      "longflow_like": {
        "n_traces": 74.0,
        "keep_rate": 0.2134727615205086,
        "nll": 4.158260403452693,
        "delta_nll_vs_full": 1.310666850289783
      },
      "rdu_topk": {
        "n_traces": 74.0,
        "keep_rate": 0.2134727615205086,
        "nll": 3.778857429285307,
        "delta_nll_vs_full": 0.9312638761223974
      },
      "rkv_like": {
        "n_traces": 74.0,
        "keep_rate": 0.21443801248575955,
        "nll": 3.938916821737547,
        "delta_nll_vs_full": 1.0913232685746372
      },
      "tf_sparse_r0.55_p0.05_m0.12_a2": {
        "n_traces": 74.0,
        "keep_rate": 0.2134727615205086,
        "nll": 3.9075720841820174,
        "delta_nll_vs_full": 1.0599785310191077
      },
      "thin_kv_like": {
        "n_traces": 74.0,
        "keep_rate": 0.2134727615205086,
        "nll": 3.8999502143344364,
        "delta_nll_vs_full": 1.0523566611715265
      },
      "thoughtflow_saliency_recent": {
        "n_traces": 74.0,
        "keep_rate": 0.2134727615205086,
        "nll": 3.9199960650624455,
        "delta_nll_vs_full": 1.0724025118995357
      }
    },
    "paired_delta_nll_vs_rkv_like": {
      "full_cache": {
        "n_pairs": 74.0,
        "mean_delta_nll_minus_rkv_like": -1.0913232685746372,
        "ci95_low": -1.2538197846026033,
        "ci95_high": -0.9379260813867724
      },
      "thin_kv_like": {
        "n_pairs": 74.0,
        "mean_delta_nll_minus_rkv_like": -0.038966607403110816,
        "ci95_low": -0.09983508490227364,
        "ci95_high": 0.014882572599359462
      },
      "longflow_like": {
        "n_pairs": 74.0,
        "mean_delta_nll_minus_rkv_like": 0.21934358171514562,
        "ci95_low": 0.13561977083618576,
        "ci95_high": 0.3079703804608938
      },
      "thoughtflow_saliency_recent": {
        "n_pairs": 74.0,
        "mean_delta_nll_minus_rkv_like": -0.018920756675101614,
        "ci95_low": -0.04822915470277941,
        "ci95_high": 0.005907232696945603
      },
      "tf_sparse_r0.55_p0.05_m0.12_a2": {
        "n_pairs": 74.0,
        "mean_delta_nll_minus_rkv_like": -0.03134473755552962,
        "ci95_low": -0.07823707284154119,
        "ci95_high": 0.01982036474588755
      },
      "rdu_topk": {
        "n_pairs": 74.0,
        "mean_delta_nll_minus_rkv_like": -0.16005939245224,
        "ci95_low": -0.2642616597381798,
        "ci95_high": -0.050065361164711615
      }
    },
    "paired_delta_nll_vs_thin_kv_like": {
      "full_cache": {
        "n_pairs": 74.0,
        "mean_delta_nll_minus_thin_kv_like": -1.0523566611715265,
        "ci95_low": -1.1985282084426365,
        "ci95_high": -0.9193065077871889
      },
      "rkv_like": {
        "n_pairs": 74.0,
        "mean_delta_nll_minus_thin_kv_like": 0.038966607403110816,
        "ci95_low": -0.01539531269588986,
        "ci95_high": 0.09933394676930196
      },
      "longflow_like": {
        "n_pairs": 74.0,
        "mean_delta_nll_minus_thin_kv_like": 0.25831018911825643,
        "ci95_low": 0.17752998584025614,
        "ci95_high": 0.3374494668599722
      },
      "thoughtflow_saliency_recent": {
        "n_pairs": 74.0,
        "mean_delta_nll_minus_thin_kv_like": 0.0200458507280092,
        "ci95_low": -0.02972698211669922,
        "ci95_high": 0.0739988475232511
      },
      "tf_sparse_r0.55_p0.05_m0.12_a2": {
        "n_pairs": 74.0,
        "mean_delta_nll_minus_thin_kv_like": 0.0076218698475811935,
        "ci95_low": -0.059820634287756844,
        "ci95_high": 0.0852727165093293
      },
      "rdu_topk": {
        "n_pairs": 74.0,
        "mean_delta_nll_minus_thin_kv_like": -0.12109278504912918,
        "ci95_low": -0.2109737170709146,
        "ci95_high": -0.03709846090626072
      }
    },
    "status": "ALIVE on frozen sparse-cache probe; rdu_topk clears the preregistered promotion rule with margins 0.160 vs R-KV-like and 0.121 vs ThinKV-like."
  },
  "measured_reproduction": {
    "model_name": "distilgpt2",
    "keep_fraction": 0.2,
    "max_traces": 74,
    "max_length": 96,
    "continuation_tokens": 24,
    "n_scored_traces": 74,
    "summary": {
      "full_cache": {
        "n_traces": 74.0,
        "keep_rate": 1.0,
        "nll": 2.84759355316291,
        "delta_nll_vs_full": 0.0
      },
      "longflow_like": {
        "n_traces": 74.0,
        "keep_rate": 0.2134727615205086,
        "nll": 4.158260403452693,
        "delta_nll_vs_full": 1.310666850289783
      },
      "rdu_topk": {
        "n_traces": 74.0,
        "keep_rate": 0.2134727615205086,
        "nll": 3.778857429285307,
        "delta_nll_vs_full": 0.9312638761223974
      },
      "rkv_like": {
        "n_traces": 74.0,
        "keep_rate": 0.21443801248575955,
        "nll": 3.938916821737547,
        "delta_nll_vs_full": 1.0913232685746372
      },
      "tf_sparse_r0.55_p0.05_m0.12_a2": {
        "n_traces": 74.0,
        "keep_rate": 0.2134727615205086,
        "nll": 3.9075720841820174,
        "delta_nll_vs_full": 1.0599785310191077
      },
      "thin_kv_like": {
        "n_traces": 74.0,
        "keep_rate": 0.2134727615205086,
        "nll": 3.8999502143344364,
        "delta_nll_vs_full": 1.0523566611715265
      },
      "thoughtflow_saliency_recent": {
        "n_traces": 74.0,
        "keep_rate": 0.2134727615205086,
        "nll": 3.9199960650624455,
        "delta_nll_vs_full": 1.0724025118995357
      }
    },
    "paired_delta_nll_vs_rkv_like": {
      "full_cache": {
        "n_pairs": 74.0,
        "mean_delta_nll_minus_rkv_like": -1.0913232685746372,
        "ci95_low": -1.2538197846026033,
        "ci95_high": -0.9379260813867724
      },
      "thin_kv_like": {
        "n_pairs": 74.0,
        "mean_delta_nll_minus_rkv_like": -0.038966607403110816,
        "ci95_low": -0.09983508490227364,
        "ci95_high": 0.014882572599359462
      },
      "longflow_like": {
        "n_pairs": 74.0,
        "mean_delta_nll_minus_rkv_like": 0.21934358171514562,
        "ci95_low": 0.13561977083618576,
        "ci95_high": 0.3079703804608938
      },
      "thoughtflow_saliency_recent": {
        "n_pairs": 74.0,
        "mean_delta_nll_minus_rkv_like": -0.018920756675101614,
        "ci95_low": -0.04822915470277941,
        "ci95_high": 0.005907232696945603
      },
      "tf_sparse_r0.55_p0.05_m0.12_a2": {
        "n_pairs": 74.0,
        "mean_delta_nll_minus_rkv_like": -0.03134473755552962,
        "ci95_low": -0.07823707284154119,
        "ci95_high": 0.01982036474588755
      },
      "rdu_topk": {
        "n_pairs": 74.0,
        "mean_delta_nll_minus_rkv_like": -0.16005939245224,
        "ci95_low": -0.2642616597381798,
        "ci95_high": -0.050065361164711615
      }
    },
    "paired_delta_nll_vs_thin_kv_like": {
      "full_cache": {
        "n_pairs": 74.0,
        "mean_delta_nll_minus_thin_kv_like": -1.0523566611715265,
        "ci95_low": -1.1985282084426365,
        "ci95_high": -0.9193065077871889
      },
      "rkv_like": {
        "n_pairs": 74.0,
        "mean_delta_nll_minus_thin_kv_like": 0.038966607403110816,
        "ci95_low": -0.01539531269588986,
        "ci95_high": 0.09933394676930196
      },
      "longflow_like": {
        "n_pairs": 74.0,
        "mean_delta_nll_minus_thin_kv_like": 0.25831018911825643,
        "ci95_low": 0.17752998584025614,