group,model,EM,F1,NLL/token,wall_clock_sec,compression,payload_bytes,samples,M,token_budget_mode,token_budget_k,dataset
text,llama,0.58,0.7994106570072514,12.72173482274305,16.235023975372314,7.65828125,32768,200,32,content_only,32,squad
text,qwen,0.68,0.8528460272957177,25.81069942126198,16.235023975372314,7.2403125,32768,200,32,content_only,32,squad
latent,llama,0.0,0.024857646438528794,7.316428063137461,13.564716100692749,7.65828125,32768,200,32,content_only,32,squad
latent,qwen,0.0,0.013760335424809107,7.297160424094982,13.564716100692749,7.2403125,32768,200,32,content_only,32,squad
token_budget,llama,0.005,0.04086507936507937,,11.627900123596191,7.65828125,32768,200,32,content_only,32,squad
token_budget,qwen,0.04,0.07479711954711955,,11.627900123596191,7.2403125,32768,200,32,content_only,32,squad
joint,both,0.0,0.013933366040564181,,,,32768,200,32,content_only,32,squad
