{
  "model": "Rosetta",
  "dataset": "ai2-arc",
  "answer_method": "generate",
  "overall_accuracy": 0.43005181347150256,
  "subjects": {
    "SPLIT_0_OF_1": 0.43005181347150256
  },
  "length_statistics": {
    "subjects": {
      "SPLIT_0_OF_1": {
        "avg_input_length": 141.0984455958549,
        "avg_gen_length": 9.89119170984456,
        "avg_length_ratio": 0.07129351701291999,
        "accuracy": 0.43005181347150256,
        "total_samples": 193
      }
    }
  }
}