{
  "model": "Rosetta",
  "dataset": "ai2-arc",
  "answer_method": "generate",
  "overall_accuracy": 0.4696969696969697,
  "subjects": {
    "SPLIT_0_OF_1": 0.4696969696969697
  },
  "length_statistics": {
    "subjects": {
      "SPLIT_0_OF_1": {
        "avg_input_length": 142.0,
        "avg_gen_length": 9.83838383838384,
        "avg_length_ratio": 0.07073363937354783,
        "accuracy": 0.4696969696969697,
        "total_samples": 198
      }
    }
  }
}