group,model,EM,F1,NLL/token,wall_clock_sec,compression,payload_bytes,samples,M,token_budget_mode,token_budget_k,dataset
text,llama,0.58,0.7994106570072514,12.72173482274305,16.026613473892212,15.3165625,16384,200,16,content_only,16,squad
text,qwen,0.68,0.8528460272957177,25.81069942126198,16.026613473892212,14.480625,16384,200,16,content_only,16,squad
latent,llama,0.0,0.021884262796027506,8.911036262706835,12.966899633407593,15.3165625,16384,200,16,content_only,16,squad
latent,qwen,0.0,0.02192134221987163,8.567819045018897,12.966899633407593,14.480625,16384,200,16,content_only,16,squad
token_budget,llama,0.0,0.038205738705738714,,11.636526823043823,15.3165625,16384,200,16,content_only,16,squad
token_budget,qwen,0.01,0.04269888444888446,,11.636526823043823,14.480625,16384,200,16,content_only,16,squad
joint,both,0.0,0.022010744647509357,,,,16384,200,16,content_only,16,squad
