{
  "created_at_utc": "2026-05-18T11:30:20Z",
  "regime": "m11b_top5",
  "schema_version": "om_phase9_m11b_v1_score_cache",
  "scores": {
    "0": {
      "mean_nll": 0.0008102262545932604,
      "perplexity": 1.0008105545765509,
      "score_end": 10000,
      "score_start": 9489,
      "scored_tokens": 512
    },
    "1": {
      "mean_nll": 0.015289054608729202,
      "perplexity": 1.0154065301371649,
      "score_end": 10000,
      "score_start": 9489,
      "scored_tokens": 512
    },
    "10": {
      "mean_nll": 0.1205333717563924,
      "perplexity": 1.1280983869621606,
      "score_end": 10000,
      "score_start": 9489,
      "scored_tokens": 512
    },
    "11": {
      "mean_nll": 0.0005775301107231318,
      "perplexity": 1.000577696913347,
      "score_end": 10000,
      "score_start": 9489,
      "scored_tokens": 512
    },
    "2": {
      "mean_nll": 0.012768366772434092,
      "perplexity": 1.0128502304180895,
      "score_end": 10000,
      "score_start": 9489,
      "scored_tokens": 512
    },
    "3": {
      "mean_nll": 0.0016604539222688786,
      "perplexity": 1.001661833239208,
      "score_end": 10000,
      "score_start": 9489,
      "scored_tokens": 512
    },
    "4": {
      "mean_nll": 0.038867058836331125,
      "perplexity": 1.039632264539821,
      "score_end": 10000,
      "score_start": 9489,
      "scored_tokens": 512
    },
    "5": {
      "mean_nll": 2.6449748346188406e-05,
      "perplexity": 1.000026450098144,
      "score_end": 10000,
      "score_start": 9489,
      "scored_tokens": 512
    },
    "6": {
      "mean_nll": 1.920215917163015e-05,
      "perplexity": 1.0000192023435344,
      "score_end": 10000,
      "score_start": 9489,
      "scored_tokens": 512
    },
    "7": {
      "mean_nll": 0.035455645944187486,
      "perplexity": 1.0360916922401628,
      "score_end": 10000,
      "score_start": 9489,
      "scored_tokens": 512
    },
    "8": {
      "mean_nll": 0.19531906958601547,
      "perplexity": 1.2156988171322611,
      "score_end": 10000,
      "score_start": 9489,
      "scored_tokens": 512
    },
    "9": {
      "mean_nll": 0.0003265108572931552,
      "perplexity": 1.0003265641677652,
      "score_end": 10000,
      "score_start": 9489,
      "scored_tokens": 512
    }
  }
}
