{
  "created_at_utc": "2026-05-18T15:38:39Z",
  "regime": "m11b_top10",
  "schema_version": "om_phase9_m11b_v1_score_cache",
  "scores": {
    "0": {
      "mean_nll": 0.0008026155822562497,
      "perplexity": 1.000802937764333,
      "score_end": 10000,
      "score_start": 9489,
      "scored_tokens": 512
    },
    "1": {
      "mean_nll": 0.054663657283526845,
      "perplexity": 1.0561853146897209,
      "score_end": 10000,
      "score_start": 9489,
      "scored_tokens": 512
    },
    "10": {
      "mean_nll": 0.09884632984759874,
      "perplexity": 1.1038966505576955,
      "score_end": 10000,
      "score_start": 9489,
      "scored_tokens": 512
    },
    "11": {
      "mean_nll": 0.00041700434936575714,
      "perplexity": 1.0004170913077663,
      "score_end": 10000,
      "score_start": 9489,
      "scored_tokens": 512
    },
    "2": {
      "mean_nll": 0.04459655378741445,
      "perplexity": 1.0456059290493045,
      "score_end": 10000,
      "score_start": 9489,
      "scored_tokens": 512
    },
    "3": {
      "mean_nll": 0.00105266998989606,
      "perplexity": 1.001053224241414,
      "score_end": 10000,
      "score_start": 9489,
      "scored_tokens": 512
    },
    "4": {
      "mean_nll": 0.04461688360970584,
      "perplexity": 1.0456271862481057,
      "score_end": 10000,
      "score_start": 9489,
      "scored_tokens": 512
    },
    "5": {
      "mean_nll": 3.5998959438857114e-05,
      "perplexity": 1.000035999607409,
      "score_end": 10000,
      "score_start": 9489,
      "scored_tokens": 512
    },
    "6": {
      "mean_nll": 3.147055488086914e-05,
      "perplexity": 1.000031471050084,
      "score_end": 10000,
      "score_start": 9489,
      "scored_tokens": 512
    },
    "7": {
      "mean_nll": 0.019272462401974444,
      "perplexity": 1.019459375130737,
      "score_end": 10000,
      "score_start": 9489,
      "scored_tokens": 512
    },
    "8": {
      "mean_nll": 0.1797075155621144,
      "perplexity": 1.1968672468786028,
      "score_end": 10000,
      "score_start": 9489,
      "scored_tokens": 512
    },
    "9": {
      "mean_nll": 0.00048437916094787314,
      "perplexity": 1.000484496491477,
      "score_end": 10000,
      "score_start": 9489,
      "scored_tokens": 512
    }
  }
}
