{
  "artifact_sha256": {
    "endpoint_proxy_rows.jsonl": "7378c40f1b356108f04e42540be02c8240ad431d5b746a7d236530ad5f170482",
    "summary.json": "0186ee1f589d0fd5397ad7c5c810bdc52373e7a7482507297af072c8ee439400",
    "summary.md": "8735e00a514d84282920c80c7ff1525e669699969ca0fbf846eac4582f627b3f"
  },
  "artifacts": [
    "endpoint_proxy_rows.jsonl",
    "summary.json",
    "summary.md",
    "manifest.json",
    "manifest.md"
  ],
  "benchmark_sha256": "f1f918b549e795ef250498aa562f2e175dbdeca8f02039c61481d0ee4eea1d2d",
  "candidate_view": "label_blind",
  "device": "cpu",
  "dtype": "float32",
  "limit": 8,
  "max_new_tokens": 12,
  "model_name": "Qwen/Qwen3-0.6B",
  "prompt_style": "label_strict",
  "run_utc": "2026-04-29T21:53:06.842447+00:00",
  "script_sha256": "076685db7aac21c42cb4d49205c716dd635f825cab0ca62d662ae569a4bb9044",
  "summary": {
    "best_source_destroying_control_accuracy": 0.25,
    "candidate_view": "label_blind",
    "conditions": [
      "target_only",
      "matched_packet",
      "matched_byte_text_2",
      "random_same_byte_packet",
      "deranged_candidate_diag_table",
      "query_aware_diag_span",
      "structured_json_diag",
      "structured_free_text_diag",
      "full_hidden_log"
    ],
    "exact_id_parity": true,
    "exact_id_sha256": "0722cebb12497355219b4625ba14372a52b8c0a5932345c7668c8ecbbd6de565",
    "full_log_e2e_delta_vs_packet_ms": 231.4898960175924,
    "full_log_prompt_token_delta_vs_packet": 87.5,
    "full_log_ttft_delta_vs_packet_ms": 211.31514599255752,
    "metrics": {
      "deranged_candidate_diag_table": {
        "accuracy": 0.25,
        "correct": 2,
        "mean_generated_tokens": 3.0,
        "mean_payload_bytes": 2.0,
        "mean_payload_tokens_proxy": 1.0,
        "mean_prompt_bytes": 949.875,
        "mean_prompt_tokens": 209.625,
        "p50_e2e_ms": 1153.0636874958873,
        "p50_ttft_ms": 896.6085419961018,
        "p95_e2e_ms": 1245.280917006312,
        "p95_ttft_ms": 1007.2274999984074,
        "strict_accuracy": 0.25,
        "strict_correct": 2,
        "strict_valid_prediction_rate": 1.0,
        "valid_prediction_rate": 1.0
      },
      "full_hidden_log": {
        "accuracy": 0.25,
        "correct": 2,
        "mean_generated_tokens": 3.0,
        "mean_payload_bytes": 366.5,
        "mean_payload_tokens_proxy": 33.875,
        "mean_prompt_bytes": 1314.375,
        "mean_prompt_tokens": 297.125,
        "p50_e2e_ms": 1439.601167003275,
        "p50_ttft_ms": 916.1826874915278,
        "p95_e2e_ms": 1881.6369170090184,
        "p95_ttft_ms": 1151.496375008719,
        "strict_accuracy": 0.25,
        "strict_correct": 2,
        "strict_valid_prediction_rate": 1.0,
        "valid_prediction_rate": 1.0
      },
      "matched_byte_text_2": {
        "accuracy": 0.25,
        "correct": 2,
        "mean_generated_tokens": 3.0,
        "mean_payload_bytes": 2.0,
        "mean_payload_tokens_proxy": 1.0,
        "mean_prompt_bytes": 949.875,
        "mean_prompt_tokens": 208.625,
        "p50_e2e_ms": 1162.880812495132,
        "p50_ttft_ms": 921.1343335045967,
        "p95_e2e_ms": 1244.4108329946175,
        "p95_ttft_ms": 1008.1016249896493,
        "strict_accuracy": 0.25,
        "strict_correct": 2,
        "strict_valid_prediction_rate": 1.0,
        "valid_prediction_rate": 1.0
      },
      "matched_packet": {
        "accuracy": 0.25,
        "correct": 2,
        "mean_generated_tokens": 3.0,
        "mean_payload_bytes": 2.0,
        "mean_payload_tokens_proxy": 1.0,
        "mean_prompt_bytes": 949.875,
        "mean_prompt_tokens": 209.625,
        "p50_e2e_ms": 1208.1112709856825,
        "p50_ttft_ms": 704.8675414989702,
        "p95_e2e_ms": 1276.0466669860762,
        "p95_ttft_ms": 1045.4642090189736,
        "strict_accuracy": 0.25,
        "strict_correct": 2,
        "strict_valid_prediction_rate": 1.0,
        "valid_prediction_rate": 1.0
      },
      "query_aware_diag_span": {
        "accuracy": 0.25,
        "correct": 2,
        "mean_generated_tokens": 3.0,
        "mean_payload_bytes": 14.0,
        "mean_payload_tokens_proxy": 1.0,
        "mean_prompt_bytes": 961.875,
        "mean_prompt_tokens": 213.0,
        "p50_e2e_ms": 1200.5182705033803,
        "p50_ttft_ms": 890.3948330116691,
        "p95_e2e_ms": 1320.2343750162981,
        "p95_ttft_ms": 998.83520900039,
        "strict_accuracy": 0.25,
        "strict_correct": 2,
        "strict_valid_prediction_rate": 1.0,
        "valid_prediction_rate": 1.0
      },
      "random_same_byte_packet": {
        "accuracy": 0.25,
        "correct": 2,
        "mean_generated_tokens": 3.0,
        "mean_payload_bytes": 2.0,
        "mean_payload_tokens_proxy": 1.0,
        "mean_prompt_bytes": 949.875,
        "mean_prompt_tokens": 209.625,
        "p50_e2e_ms": 1195.2945000084583,
        "p50_ttft_ms": 817.1135000156937,
        "p95_e2e_ms": 1247.0704170118552,
        "p95_ttft_ms": 956.0460829816293,
        "strict_accuracy": 0.25,
        "strict_correct": 2,
        "strict_valid_prediction_rate": 1.0,
        "valid_prediction_rate": 1.0
      },
      "structured_free_text_diag": {
        "accuracy": 0.25,
        "correct": 2,
        "mean_generated_tokens": 3.0,
        "mean_payload_bytes": 17.0,
        "mean_payload_tokens_proxy": 4.0,
        "mean_prompt_bytes": 964.875,
        "mean_prompt_tokens": 212.625,
        "p50_e2e_ms": 1199.0756460145349,
        "p50_ttft_ms": 928.0495415005134,
        "p95_e2e_ms": 1235.4733330139425,
        "p95_ttft_ms": 996.1531250155531,
        "strict_accuracy": 0.25,
        "strict_correct": 2,
        "strict_valid_prediction_rate": 1.0,
        "valid_prediction_rate": 1.0
      },
      "structured_json_diag": {
        "accuracy": 0.25,
        "correct": 2,
        "mean_generated_tokens": 3.0,
        "mean_payload_bytes": 21.0,
        "mean_payload_tokens_proxy": 2.0,
        "mean_prompt_bytes": 968.875,
        "mean_prompt_tokens": 214.625,
        "p50_e2e_ms": 1177.5372500123922,
        "p50_ttft_ms": 719.9410419998458,
        "p95_e2e_ms": 1229.7919590200763,
        "p95_ttft_ms": 899.4176670094021,
        "strict_accuracy": 0.25,
        "strict_correct": 2,
        "strict_valid_prediction_rate": 1.0,
        "valid_prediction_rate": 1.0
      },
      "target_only": {
        "accuracy": 0.25,
        "correct": 2,
        "mean_generated_tokens": 3.0,
        "mean_payload_bytes": 0.0,
        "mean_payload_tokens_proxy": 0.0,
        "mean_prompt_bytes": 954.875,
        "mean_prompt_tokens": 209.625,
        "p50_e2e_ms": 1209.1486669960432,
        "p50_ttft_ms": 821.8609579926124,
        "p95_e2e_ms": 1280.4051249986514,
        "p95_ttft_ms": 1007.3847089952324,
        "strict_accuracy": 0.25,
        "strict_correct": 2,
        "strict_valid_prediction_rate": 1.0,
        "valid_prediction_rate": 1.0
      }
    },
    "n": 8,
    "packet_minus_best_source_destroying_control_accuracy": 0.0,
    "packet_minus_matched_byte_text_accuracy": 0.0,
    "packet_minus_target_accuracy": 0.0,
    "packet_prompt_token_delta_vs_target": 0.0,
    "packet_strict_accuracy": 0.25,
    "packet_strict_minus_target_accuracy": 0.0,
    "packet_vs_full_log_payload_compression": 183.25,
    "packet_vs_query_payload_compression": 7.0,
    "pass_gate": false,
    "pass_rule": "Packet must beat target by >=0.15, all included source-destroying controls must stay within target+0.05, matched packet valid rate must be >=0.95, exact ID parity must hold, and query-aware/full-log payloads must be larger than the packet. Latency is reported, not gated.",
    "prompt_style": "label_strict"
  }
}