{
  "model": "Rosetta",
  "dataset": "ai2-arc",
  "answer_method": "generate",
  "overall_accuracy": 0.5583756345177665,
  "subjects": {
    "SPLIT_0_OF_1": 0.5583756345177665
  },
  "length_statistics": {
    "subjects": {
      "SPLIT_0_OF_1": {
        "avg_input_length": 140.4263959390863,
        "avg_gen_length": 11.152284263959391,
        "avg_length_ratio": 0.08010071389411057,
        "accuracy": 0.5583756345177665,
        "total_samples": 197
      }
    }
  }
}