row_id,content_id,answer_index,full_prompt_prediction,mean_oracle_slots_prediction,source_oracle_distill_prediction,source_top1_prediction,source_top1_or_top2_oracle_prediction,source_oracle_kl_to_full,mean_oracle_kl_to_full,source_code_norm,source_prefix_rms
887,608bca457d7aafee5e29a5e026dc3b7399cb5e5d0ed3ba83d57ed0048541d15b,3,3,3,1,1,1,0.08353871890154471,0.07350172354191109,1.623732158165617,0.015052780508995056
888,431be609e32f5a34b4fd3f878f7ef20667f3111d81dd5cc8dea37eae112149b8,2,2,1,1,1,2,0.24011166861704963,0.24685111352343167,1.2886314297234314,0.015052780508995056
923,4b42bd36a3943e76c8dc3681abb0f03b2043cb956da59cb95293d5c32fd98260,0,0,0,0,1,0,0.07772290246418909,0.07947610614042666,1.5542064451760544,0.015052780508995056
924,7d6fea9829e8df1bf433e39f611558a784c92e58c0b70dcb4646cd7890c9173a,1,3,3,3,3,1,0.028908206143554327,0.08536042767003929,1.608682274607075,0.015052780508995056
942,d1bb085d0f5572645579df9389729f6bd5f525c2bd60d8c392a516626b2ab365,0,0,1,1,1,0,0.014917332439090186,0.029036091945769865,1.7132952886341462,0.015052780508995056
950,e5df353f145e054a0f5b3f6794db2eed04859cf20ea8442318a3f7840bd1fd22,0,1,3,3,1,1,0.06273234798505548,0.0677163451289029,1.45184448437679,0.01505278144031763
951,7c80510ca6c4ffc4132ceaf963d9592f06b9ebda2e72f5d87a63887b7e17337b,2,0,3,3,0,0,0.10044101547311063,0.10688303844565575,1.4525680653706388,0.015052780508995056
989,9aa72499d3bfa3b43e7a9437a6efb67545ee08b252e30568473db225c1abcbc3,2,0,3,1,3,3,0.34177213829198483,0.4467467934656302,1.4959850769247967,0.015052780508995056
