{
  "llama": {
    "rms_mean": 0.8261841518165421,
    "count": 685
  },
  "qwen": {
    "rms_mean": 0.6743629559983302,
    "count": 685
  }
}