{
  "sst2": {
    "bridge_mean_ms": 203.5739536397159,
    "bridge_std_ms": 4.166462370899131,
    "text_relay_mean_ms": 939.6509611746296,
    "text_relay_std_ms": 8.332085267846878,
    "mistral_direct_mean_ms": 188.11942478641868,
    "mistral_direct_std_ms": 3.539410139264293,
    "speedup_vs_text_relay": 4.615772029645889
  },
  "agnews": {
    "bridge_mean_ms": 206.98900176212192,
    "bridge_std_ms": 3.08068274057188,
    "text_relay_mean_ms": 941.5069446200505,
    "text_relay_std_ms": 8.986210668188466,
    "mistral_direct_mean_ms": 187.96960399486125,
    "mistral_direct_std_ms": 4.600096884582043,
    "speedup_vs_text_relay": 4.548584401127066
  },
  "trec": {
    "bridge_mean_ms": 203.67915139067918,
    "bridge_std_ms": 3.331461208175223,
    "text_relay_mean_ms": 939.4738116301596,
    "text_relay_std_ms": 8.482397500809821,
    "mistral_direct_mean_ms": 184.62610056158155,
    "mistral_direct_std_ms": 3.657353939109259,
    "speedup_vs_text_relay": 4.612518292695283
  }
}