group,model,EM,F1,NLL/token,wall_clock_sec,compression,payload_bytes,samples,M,token_budget_mode,token_budget_k,dataset
text,llama,0.615,0.8094276466075133,12.403911339973977,29.99095582962036,7.65828125,1164800,200,32,content_only,32,squad
text,qwen,0.68,0.8516192862752388,24.624676366308734,29.99095582962036,7.2403125,1164800,200,32,content_only,32,squad
latent,llama,0.0,0.000999999991,12.4314515390634,36.449477195739746,7.65828125,1164800,200,32,content_only,32,squad
latent,qwen,0.0,0.014851133517620805,11.25658493973906,36.449477195739746,7.2403125,1164800,200,32,content_only,32,squad
token_budget,llama,0.005,0.04021474843730812,,28.501718997955322,7.65828125,1164800,200,32,content_only,32,squad
token_budget,qwen,0.04,0.08823398758088613,,28.501718997955322,7.2403125,1164800,200,32,content_only,32,squad
joint,both,0.0,0.000999999991,,,,1164800,200,32,content_only,32,squad
