group,model,EM,F1,NLL/token,wall_clock_sec,compression,payload_bytes,samples,M,token_budget_mode,token_budget_k,dataset
text,llama,0.615,0.8094276466075133,12.403911339973977,34.99869179725647,7.65828125,1164800,200,32,content_only,32,squad
text,qwen,0.68,0.8516192862752388,24.624676366308734,34.99869179725647,7.2403125,1164800,200,32,content_only,32,squad
latent,llama,0.0,0.004437691284205056,11.42535460562933,40.62505578994751,7.65828125,1164800,200,32,content_only,32,squad
latent,qwen,0.0,0.017582643166260535,10.422491482010594,40.62505578994751,7.2403125,1164800,200,32,content_only,32,squad
token_budget,llama,0.005,0.04021474843730812,,29.466665267944336,7.65828125,1164800,200,32,content_only,32,squad
token_budget,qwen,0.04,0.08823398758088613,,29.466665267944336,7.2403125,1164800,200,32,content_only,32,squad
joint,both,0.0,0.01267959319115324,,,,1164800,200,32,content_only,32,squad
