{
  "llama": {
    "rms_mean_raw": 0.010592156994555678,
    "rms_mean_cal": 0.010571069629596813,
    "embed_rms": 0.01057521253824234,
    "count": 350
  },
  "qwen": {
    "rms_mean_raw": 0.013629672732204199,
    "rms_mean_cal": 0.013640625349112919,
    "embed_rms": 0.013643525540828705,
    "count": 350
  }
}