{
  "llama": {
    "rms_mean_raw": 0.010582709915935993,
    "rms_mean_cal": 0.010571271428465843,
    "embed_rms": 0.01057521253824234,
    "count": 625
  },
  "qwen": {
    "rms_mean_raw": 0.013636246041953563,
    "rms_mean_cal": 0.013640909308195115,
    "embed_rms": 0.013643525540828705,
    "count": 625
  }
}