{
  "llama": {
    "rms_mean_raw": 0.010588526847958565,
    "rms_mean_cal": 0.010571295784413815,
    "embed_rms": 0.010574555024504662,
    "count": 625
  },
  "qwen": {
    "rms_mean_raw": 0.013653924775123597,
    "rms_mean_cal": 0.013641113474965095,
    "embed_rms": 0.013643929734826088,
    "count": 625
  }
}