group,model,EM,F1,NLL/token,wall_clock_sec,compression,payload_bytes,samples,M,token_budget_mode,token_budget_k,dataset
text,llama,0.585,0.7894288979645536,13.715866133954693,36.67076659202576,3.836046875,65536000,1000,64,content_only,64,squad
latent,llama,0.0,0.0017640238050164348,15.676112299324933,8.884636163711548,3.836046875,65536000,1000,64,content_only,64,squad
token_budget,llama,0.01,0.05815794471212505,,10.464420557022095,3.836046875,65536000,1000,64,content_only,64,squad
