{
  "llama": {
    "rms_mean": 0.8157548968809365,
    "count": 685
  },
  "qwen": {
    "rms_mean": 0.6673075740354775,
    "count": 685
  }
}