group,model,EM,F1,NLL/token,wall_clock_sec,compression,payload_bytes,samples,M,token_budget_mode,token_budget_k,dataset
text,llama,0.58,0.7994106570072514,12.72173482274305,15.732406854629517,15.3165625,16384,200,16,content_only,16,squad
text,qwen,0.68,0.8528460272957177,25.81069942126198,15.732406854629517,14.480625,16384,200,16,content_only,16,squad
latent,llama,0.0,0.028429176817334714,8.572221201833955,12.92491626739502,15.3165625,16384,200,16,content_only,16,squad
latent,qwen,0.0,0.022321204938851993,8.335433462309458,12.92491626739502,14.480625,16384,200,16,content_only,16,squad
token_budget,llama,0.0,0.038205738705738714,,11.761043310165405,15.3165625,16384,200,16,content_only,16,squad
token_budget,qwen,0.01,0.04269888444888446,,11.761043310165405,14.480625,16384,200,16,content_only,16,squad
joint,both,0.0,0.022510950435873037,,,,16384,200,16,content_only,16,squad
