group,model,EM,F1,NLL/token,wall_clock_sec,compression,payload_bytes,samples,M,token_budget_mode,token_budget_k,dataset
text,llama,0.0,0.13101654220840853,15.679386170409446,9.929578304290771,16.8253125,16384,200,16,content_only,16,squad
text,qwen,0.375,0.5976191602085568,13.036324268295651,9.929578304290771,14.418125,16384,200,16,content_only,16,squad
latent,llama,0.0,0.006594988344988345,9.65681403049203,9.317607879638672,16.8253125,16384,200,16,content_only,16,squad
latent,qwen,0.0,0.0,10.30171053403269,9.317607879638672,14.418125,16384,200,16,content_only,16,squad
token_budget,llama,0.0,0.0417471874530698,,9.05341124534607,16.8253125,16384,200,16,content_only,16,squad
token_budget,qwen,0.005,0.040937358393240746,,9.05341124534607,14.418125,16384,200,16,content_only,16,squad
joint,both,0.0,0.006594988344988345,,,,16384,200,16,content_only,16,squad
