{
  "llama": {
    "rms_mean_raw": 0.7855144534518547,
    "rms_mean_cal": 0.010571367737284057,
    "embed_rms": 0.010568837635219097,
    "count": 1369
  },
  "qwen": {
    "rms_mean_raw": 0.8534248640626081,
    "rms_mean_cal": 0.013640935438187824,
    "embed_rms": 0.013648761436343193,
    "count": 1369
  }
}