row_id,content_id,answer_index,full_prompt_prediction,frozen_target_slots_prediction,source_residual_prediction,source_top1_prediction,source_residual_kl_to_full,frozen_target_slots_kl_to_full,source_residual_rms,source_feature_norm
992,20a68cc2234ddc31f4a48593f788aa95c59236883f707aee4195c2ad490ed115,3,3,3,3,3,0.06038334220941338,0.06388561322772929,0.001931480597704649,1.8598667815807388
1005,ddadd2146716ee05a973177fefd3c04b9478d18d08a13137e9074658ccab196e,1,1,2,2,1,0.15987994879510667,0.22614419888539672,0.002335840370506048,1.9386365619092691
1012,031c33517e2acf54a7e5ee77e548717c601bd60e453f11c0fa8a0ce9c0611fb7,3,3,2,0,2,0.02022234734641737,0.021426705624895792,0.0016404835041612387,1.7230472942633785
1045,9c504c5da88e8aa131cdcb5cd2e8e270f56b4cf10b2843af434c714e5d3c5f8a,2,0,0,0,0,0.26565906459750477,0.31320228300678377,0.0020844286773353815,1.8042938902900878
1046,18a477f3c8686380e53b75c94375f13ff130e75e9176f61be09cdbd0d44bc58f,3,3,3,3,3,0.3275101085859572,0.33997898064103044,0.0019100981298834085,1.813406055827975
1047,ae8ce2cf35acf36ffa5627007c9799558caa3d0d73232d9f810cef8933be39fa,2,2,3,3,2,1.400869281331349,1.6820385619664278,0.0017127476166933775,1.8895375562839376
1050,0f7beabbec61913bab7fd901c04d710f7a724a3108c5728dba4e7dd806ab68c5,2,2,2,2,2,0.12678470385677817,0.1411880522996194,0.0016317182453349233,1.6901096318492554
1052,01eefd2edc7994d9c8a30592b107a8ffe5f1dc1b7c7477c589e2ce64cac5c65f,0,1,2,2,0,0.23316169355718178,0.2524062545471569,0.0019285707967355847,1.6979773589258282
