{
  "llama": {
    "rms_mean_raw": 0.8103973656958084,
    "rms_mean_cal": 0.010571269887187255,
    "embed_rms": 0.010571340098977089,
    "count": 1369
  },
  "qwen": {
    "rms_mean_raw": 0.8961544676015114,
    "rms_mean_cal": 0.013640918474375026,
    "embed_rms": 0.013638509437441826,
    "count": 1369
  }
}