metric,kind,threshold,validation_accuracy,validation_alt_rate,test_router_accuracy_mean,test_qwen_accuracy_mean,test_oracle_accuracy_mean,test_router_minus_qwen_mean,test_router_minus_qwen_min,test_router_alt_rate_mean,test_ci95_low_vs_qwen_min
source_index_pair_lookup,categorical_lookup,,0.4513888888888889,0.18055555555555555,0.3150105708245243,0.3171247357293869,0.5856236786469344,-0.00211416490486257,-0.0021141649048626032,0.160676532769556,-0.03070824524312896
negative_qwen_neg_entropy,scalar_threshold,1.371809960031774,0.3958333333333333,0.04861111111111111,0.3171247357293869,0.3171247357293869,0.5856236786469344,0.0,0.0,0.06553911205073996,-0.018023255813953486
alt_margin_minus_qwen_margin,scalar_threshold,0.16929411888122559,0.3958333333333333,0.25,0.3086680761099366,0.3171247357293869,0.5856236786469344,-0.008456659619450312,-0.008456659619450357,0.2748414376321353,-0.04450317124735729
negative_qwen_margin,scalar_threshold,5.229272365570068,0.3888888888888889,0.0,0.3171247357293869,0.3171247357293869,0.5856236786469344,0.0,0.0,0.0,0.0
alt_std_minus_qwen_std,scalar_threshold,8.650509541177867,0.3888888888888889,0.0,0.3171247357293869,0.3171247357293869,0.5856236786469344,0.0,0.0,0.0,0.0
alt_neg_entropy_minus_qwen_neg_entropy,scalar_threshold,3.1672756857735487,0.3888888888888889,0.0,0.3171247357293869,0.3171247357293869,0.5856236786469344,0.0,0.0,0.0,0.0
alt_neg_entropy,scalar_threshold,2.1636091094678678,0.3888888888888889,0.0,0.3171247357293869,0.3171247357293869,0.5856236786469344,0.0,0.0,0.0,0.0
alt_margin,scalar_threshold,9.580009460449219,0.3888888888888889,0.0,0.3171247357293869,0.3171247357293869,0.5856236786469344,0.0,0.0,0.0,0.0
alt_best_minus_qwen_best,scalar_threshold,14.735191583633423,0.3888888888888889,0.0,0.3171247357293869,0.3171247357293869,0.5856236786469344,0.0,0.0,0.0,0.0
