group,model,EM,F1,NLL/token,wall_clock_sec,compression,payload_bytes,samples,M,token_budget_mode,token_budget_k,dataset
text,llama,0.58,0.7994106570072514,12.72173482274305,16.191887855529785,15.3165625,16384,200,16,content_only,16,squad
text,qwen,0.68,0.8528460272957177,25.81069942126198,16.191887855529785,14.480625,16384,200,16,content_only,16,squad
latent,llama,0.0,0.030051619132501487,8.635882891765258,13.088459730148315,15.3165625,16384,200,16,content_only,16,squad
latent,qwen,0.0,0.026349588533092362,8.407447650319053,13.088459730148315,14.480625,16384,200,16,content_only,16,squad
token_budget,llama,0.0,0.038205738705738714,,11.534106254577637,15.3165625,16384,200,16,content_only,16,squad
token_budget,qwen,0.01,0.04269888444888446,,11.534106254577637,14.480625,16384,200,16,content_only,16,squad
joint,both,0.0,0.0238320649938297,,,,16384,200,16,content_only,16,squad
