group,model,EM,F1,NLL/token,wall_clock_sec,compression,payload_bytes,samples,M,token_budget_mode,token_budget_k,dataset
text,llama,0.59,0.8007829157729505,12.72173482274305,18.1662917137146,5.105520833333333,43008,200,48,content_only,32,squad
text,qwen,0.665,0.8383902733374898,25.81069942126198,18.1662917137146,4.826875,43008,200,48,content_only,32,squad
latent,llama,0.0,0.00921654198860109,9.80288500418198,3.801619052886963,5.105520833333333,43008,200,48,content_only,32,squad
latent,qwen,0.0,0.0,9.788916819310062,3.801619052886963,4.826875,43008,200,48,content_only,32,squad
token_budget,llama,0.005,0.04095895236860437,,3.635537624359131,5.105520833333333,43008,200,48,content_only,32,squad
token_budget,qwen,0.04,0.07479711898018827,,3.635537624359131,4.826875,43008,200,48,content_only,32,squad
joint,both,0.0,0.0,,,,43008,200,48,content_only,32,squad
