{
  "config": {
    "activation_noise": 0.035,
    "atoms": 28,
    "calibration_examples": 160,
    "calibration_noise": 0.025,
    "classes": 4,
    "cost_jitter": 0.14,
    "dim": 18,
    "distractor_atoms": 8,
    "distractor_scale": 7.0,
    "high_bits": 8,
    "keep_fraction": 0.68,
    "low_bits": 2,
    "protected_atoms": 6,
    "seed": 0,
    "signal_atoms": 8,
    "signal_scale": 2.3,
    "test_examples": 192,
    "verifier_noise": 0.1
  },
  "methods": [
    "prune_uniform_quant",
    "global_activation_protect",
    "verifier_saliency_protect",
    "quant_error_protect",
    "activation_x_verifier_protect",
    "random_protect",
    "oracle_protect"
  ],
  "rows": [
    {
      "accuracy": 0.6614583333333334,
      "accuracy_delta_vs_prune_uniform_quant": 0.0,
      "bytes_proxy": 89.58333333333333,
      "compute_proxy": 681.0,
      "false_prune_rate": 0.00920138888888889,
      "harm_vs_prune_uniform_quant": 0.0,
      "help_vs_prune_uniform_quant": 0.0,
      "kept_atoms": 18.916666666666668,
      "kept_rate": 0.6755952139695486,
      "method": "prune_uniform_quant",
      "missed_help_rate": 0.011067708333333334,
      "mse": 0.254347295112287,
      "mse_delta_vs_prune_uniform_quant": 0.0,
      "protected_atoms": 0.0,
      "protected_oracle_preservation_rate": 0.0,
      "protected_rate": 0.0,
      "protection_precision_rate": 0.0,
      "prune_rate": 0.3244047587116559,
      "top_atom_preservation_rate": 0.7859100877192972
    },
    {
      "accuracy": 0.7916666666666666,
      "accuracy_delta_vs_prune_uniform_quant": 0.13020833333333326,
      "bytes_proxy": 176.58333333333334,
      "compute_proxy": 681.0,
      "false_prune_rate": 0.00920138888888889,
      "harm_vs_prune_uniform_quant": 0.0,
      "help_vs_prune_uniform_quant": 0.13020833333333334,
      "kept_atoms": 18.916666666666668,
      "kept_rate": 0.6755952139695486,
      "method": "global_activation_protect",
      "missed_help_rate": 0.011067708333333334,
      "mse": 0.1905409813237687,
      "mse_delta_vs_prune_uniform_quant": -0.06380631378851828,
      "protected_atoms": 6.0,
      "protected_oracle_preservation_rate": 0.5381944444444446,
      "protected_rate": 0.2142857164144516,
      "protection_precision_rate": 0.5546875000000003,
      "prune_rate": 0.3244047587116559,
      "top_atom_preservation_rate": 0.7859100877192972
    },
    {
      "accuracy": 0.7708333333333334,
      "accuracy_delta_vs_prune_uniform_quant": 0.109375,
      "bytes_proxy": 176.58333333333334,
      "compute_proxy": 681.0,
      "false_prune_rate": 0.00920138888888889,
      "harm_vs_prune_uniform_quant": 0.015625,
      "help_vs_prune_uniform_quant": 0.125,
      "kept_atoms": 18.916666666666668,
      "kept_rate": 0.6755952139695486,
      "method": "verifier_saliency_protect",
      "missed_help_rate": 0.011067708333333334,
      "mse": 0.2228620252183949,
      "mse_delta_vs_prune_uniform_quant": -0.03148526989389208,
      "protected_atoms": 6.0,
      "protected_oracle_preservation_rate": 0.4088541666666668,
      "protected_rate": 0.2142857164144516,
      "protection_precision_rate": 0.5329861111111112,
      "prune_rate": 0.3244047587116559,
      "top_atom_preservation_rate": 0.7859100877192972
    },
    {
      "accuracy": 0.8072916666666666,
      "accuracy_delta_vs_prune_uniform_quant": 0.14583333333333326,
      "bytes_proxy": 176.58333333333334,
      "compute_proxy": 681.0,
      "false_prune_rate": 0.00920138888888889,
      "harm_vs_prune_uniform_quant": 0.0,
      "help_vs_prune_uniform_quant": 0.14583333333333334,
      "kept_atoms": 18.916666666666668,
      "kept_rate": 0.6755952139695486,
      "method": "quant_error_protect",
      "missed_help_rate": 0.011067708333333334,
      "mse": 0.186114855731527,
      "mse_delta_vs_prune_uniform_quant": -0.06823243938075998,
      "protected_atoms": 6.0,
      "protected_oracle_preservation_rate": 0.6475694444444446,
      "protected_rate": 0.2142857164144516,
      "protection_precision_rate": 0.5538194444444448,
      "prune_rate": 0.3244047587116559,
      "top_atom_preservation_rate": 0.7859100877192972
    },
    {
      "accuracy": 0.78125,
      "accuracy_delta_vs_prune_uniform_quant": 0.11979166666666663,
      "bytes_proxy": 176.58333333333334,
      "compute_proxy": 681.0,
      "false_prune_rate": 0.00920138888888889,
      "harm_vs_prune_uniform_quant": 0.005208333333333333,
      "help_vs_prune_uniform_quant": 0.125,
      "kept_atoms": 18.916666666666668,
      "kept_rate": 0.6755952139695486,
      "method": "activation_x_verifier_protect",
      "missed_help_rate": 0.011067708333333334,
      "mse": 0.2127381581813097,
      "mse_delta_vs_prune_uniform_quant": -0.041609136930977286,
      "protected_atoms": 6.0,
      "protected_oracle_preservation_rate": 0.4826388888888888,
      "protected_rate": 0.2142857164144516,
      "protection_precision_rate": 0.5546874999999999,
      "prune_rate": 0.3244047587116559,
      "top_atom_preservation_rate": 0.7859100877192972
    },
    {
      "accuracy": 0.7135416666666666,
      "accuracy_delta_vs_prune_uniform_quant": 0.05208333333333326,
      "bytes_proxy": 176.58333333333334,
      "compute_proxy": 681.0,
      "false_prune_rate": 0.00920138888888889,
      "harm_vs_prune_uniform_quant": 0.020833333333333332,
      "help_vs_prune_uniform_quant": 0.07291666666666667,
      "kept_atoms": 18.916666666666668,
      "kept_rate": 0.6755952139695486,
      "method": "random_protect",
      "missed_help_rate": 0.011067708333333334,
      "mse": 0.23520194836116085,
      "mse_delta_vs_prune_uniform_quant": -0.01914534675112614,
      "protected_atoms": 6.0,
      "protected_oracle_preservation_rate": 0.3003472222222223,
      "protected_rate": 0.2142857164144516,
      "protection_precision_rate": 0.40798611111111116,
      "prune_rate": 0.3244047587116559,
      "top_atom_preservation_rate": 0.7859100877192972
    },
    {
      "accuracy": 0.8072916666666666,
      "accuracy_delta_vs_prune_uniform_quant": 0.14583333333333326,
      "bytes_proxy": 176.58333333333334,
      "compute_proxy": 681.0,
      "false_prune_rate": 0.00920138888888889,
      "harm_vs_prune_uniform_quant": 0.0,
      "help_vs_prune_uniform_quant": 0.14583333333333334,
      "kept_atoms": 18.916666666666668,
      "kept_rate": 0.6755952139695486,
      "method": "oracle_protect",
      "missed_help_rate": 0.011067708333333334,
      "mse": 0.16983023607948175,
      "mse_delta_vs_prune_uniform_quant": -0.08451705903280524,
      "protected_atoms": 6.0,
      "protected_oracle_preservation_rate": 1.0,
      "protected_rate": 0.2142857164144516,
      "protection_precision_rate": 0.5520833333333338,
      "prune_rate": 0.3244047587116559,
      "top_atom_preservation_rate": 0.7859100877192972
    }
  ]
}
