{
  "model": "Rosetta",
  "dataset": "ai2-arc",
  "answer_method": "generate",
  "overall_accuracy": 0.5126903553299492,
  "subjects": {
    "SPLIT_0_OF_1": 0.5126903553299492
  },
  "length_statistics": {
    "subjects": {
      "SPLIT_0_OF_1": {
        "avg_input_length": 140.4263959390863,
        "avg_gen_length": 9.106598984771574,
        "avg_length_ratio": 0.06562408463903617,
        "accuracy": 0.5126903553299492,
        "total_samples": 197
      }
    }
  }
}