{
  "model": "Rosetta",
  "dataset": "ai2-arc",
  "answer_method": "generate",
  "overall_accuracy": 0.51010101010101,
  "subjects": {
    "SPLIT_0_OF_1": 0.51010101010101
  },
  "length_statistics": {
    "subjects": {
      "SPLIT_0_OF_1": {
        "avg_input_length": 142.0,
        "avg_gen_length": 8.994949494949495,
        "avg_length_ratio": 0.06482925183595041,
        "accuracy": 0.51010101010101,
        "total_samples": 198
      }
    }
  }
}