{
  "model": "Rosetta",
  "dataset": "ai2-arc",
  "answer_method": "generate",
  "overall_accuracy": 0.3834782608695652,
  "subjects": {
    "SPLIT_0_OF_1": 0.3834782608695652
  },
  "length_statistics": {
    "subjects": {
      "SPLIT_0_OF_1": {
        "avg_input_length": 141.31739130434784,
        "avg_gen_length": 11.490434782608695,
        "avg_length_ratio": 0.08213919661544189,
        "accuracy": 0.3834782608695652,
        "total_samples": 1150
      }
    }
  }
}