group,model,EM,F1,NLL/token,wall_clock_sec,compression,payload_bytes,samples,M,token_budget_mode,token_budget_k,dataset
text,llama,0.0,0.07699812687312685,15.679386170409446,7.969381809234619,16.8253125,16384,200,16,content_only,16,squad
text,qwen,0.365,0.5692489063224359,nan,7.969381809234619,14.418125,16384,200,16,content_only,16,squad
latent,llama,0.0,0.005166666666666666,9.782721981669582,9.212482452392578,16.8253125,16384,200,16,content_only,16,squad
latent,qwen,0.0,0.002,nan,9.212482452392578,14.418125,16384,200,16,content_only,16,squad
token_budget,llama,0.0,0.02959489998305788,,6.902597665786743,16.8253125,16384,200,16,content_only,16,squad
token_budget,qwen,0.005,0.042400183150183145,,6.902597665786743,14.418125,16384,200,16,content_only,16,squad
joint,both,0.0,0.0055000000000000005,,,,16384,200,16,content_only,16,squad
