{
  "model": "Rosetta",
  "dataset": "ai2-arc",
  "answer_method": "generate",
  "overall_accuracy": 0.494949494949495,
  "subjects": {
    "SPLIT_0_OF_1": 0.494949494949495
  },
  "length_statistics": {
    "subjects": {
      "SPLIT_0_OF_1": {
        "avg_input_length": 169.0,
        "avg_gen_length": 10.45959595959596,
        "avg_length_ratio": 0.06248005623200059,
        "accuracy": 0.494949494949495,
        "total_samples": 198
      }
    }
  }
}