{
  "model": "Rosetta",
  "dataset": "ai2-arc",
  "answer_method": "generate",
  "overall_accuracy": 0.48223350253807107,
  "subjects": {
    "SPLIT_0_OF_1": 0.48223350253807107
  },
  "length_statistics": {
    "subjects": {
      "SPLIT_0_OF_1": {
        "avg_input_length": 161.4263959390863,
        "avg_gen_length": 10.47715736040609,
        "avg_length_ratio": 0.0657598517486911,
        "accuracy": 0.48223350253807107,
        "total_samples": 197
      }
    }
  }
}