{
  "model": "Rosetta",
  "dataset": "ai2-arc",
  "answer_method": "generate",
  "overall_accuracy": 0.5412371134020618,
  "subjects": {
    "SPLIT_0_OF_1": 0.5412371134020618
  },
  "length_statistics": {
    "subjects": {
      "SPLIT_0_OF_1": {
        "avg_input_length": 164.87113402061857,
        "avg_gen_length": 11.015463917525773,
        "avg_length_ratio": 0.0682725408502761,
        "accuracy": 0.5412371134020618,
        "total_samples": 194
      }
    }
  }
}