{
  "model": "Rosetta",
  "dataset": "ai2-arc",
  "answer_method": "generate",
  "overall_accuracy": 0.4911242603550296,
  "subjects": {
    "SPLIT_0_OF_1": 0.4911242603550296
  },
  "length_statistics": {
    "subjects": {
      "SPLIT_0_OF_1": {
        "avg_input_length": 161.72189349112426,
        "avg_gen_length": 10.42603550295858,
        "avg_length_ratio": 0.06496963130892387,
        "accuracy": 0.4911242603550296,
        "total_samples": 169
      }
    }
  }
}