{
  "artifact_sha256": {
    "endpoint_proxy_rows.jsonl": "1a84a00cb513c1b83c7bee63c8acca425d9a8df0f2ba1d549575e1d2d4c34981",
    "summary.json": "1e101ad72f2f0a05a3ff8906d1eb594d7c1fb9cbb2ba3cce4daf147495187ee1",
    "summary.md": "7c0d65df6e3358deb5707ad480d1518db5b5dba80d22bd446bc23348cf32c821"
  },
  "artifacts": [
    "endpoint_proxy_rows.jsonl",
    "summary.json",
    "summary.md",
    "manifest.json",
    "manifest.md"
  ],
  "benchmark_sha256": "f1f918b549e795ef250498aa562f2e175dbdeca8f02039c61481d0ee4eea1d2d",
  "device": "cpu",
  "dtype": "float32",
  "limit": 32,
  "max_new_tokens": 24,
  "model_name": "Qwen/Qwen3-0.6B",
  "prompt_style": "audit",
  "run_utc": "2026-04-29T12:04:47.071091+00:00",
  "script_sha256": "87dc9bbf75dc91ffffbda0a8ca0c6719365f516ba764aa3d52d4d219e78f62dd",
  "summary": {
    "best_source_destroying_control_accuracy": 0.28125,
    "conditions": [
      "target_only",
      "matched_packet",
      "matched_byte_text_2",
      "random_same_byte_packet",
      "deranged_candidate_diag_table",
      "query_aware_diag_span",
      "structured_json_diag",
      "structured_free_text_diag",
      "full_hidden_log"
    ],
    "exact_id_parity": true,
    "exact_id_sha256": "29b8310938a9e3555d4706324390110f83caf8ff29eb3b4c7d1c5f55d93a88b3",
    "full_log_e2e_delta_vs_packet_ms": 231.16137449687812,
    "full_log_prompt_token_delta_vs_packet": 87.46875,
    "full_log_ttft_delta_vs_packet_ms": 159.16866599582136,
    "metrics": {
      "deranged_candidate_diag_table": {
        "accuracy": 0.0,
        "correct": 0,
        "mean_generated_tokens": 6.4375,
        "mean_payload_bytes": 2.0,
        "mean_payload_tokens_proxy": 1.0,
        "mean_prompt_bytes": 768.0,
        "mean_prompt_tokens": 193.34375,
        "p50_e2e_ms": 856.1319790023845,
        "p50_ttft_ms": 447.4805209974875,
        "p95_e2e_ms": 2164.331874999334,
        "p95_ttft_ms": 615.7119589915965,
        "strict_accuracy": 0.0,
        "strict_correct": 0,
        "strict_valid_prediction_rate": 0.34375,
        "valid_prediction_rate": 1.0
      },
      "full_hidden_log": {
        "accuracy": 0.40625,
        "correct": 13,
        "mean_generated_tokens": 3.59375,
        "mean_payload_bytes": 366.5,
        "mean_payload_tokens_proxy": 33.875,
        "mean_prompt_bytes": 1132.5,
        "mean_prompt_tokens": 280.8125,
        "p50_e2e_ms": 1020.2895414986415,
        "p50_ttft_ms": 620.0123954986339,
        "p95_e2e_ms": 1146.3205829932122,
        "p95_ttft_ms": 794.5722089934861,
        "strict_accuracy": 0.0,
        "strict_correct": 0,
        "strict_valid_prediction_rate": 0.0,
        "valid_prediction_rate": 0.40625
      },
      "matched_byte_text_2": {
        "accuracy": 0.28125,
        "correct": 9,
        "mean_generated_tokens": 11.75,
        "mean_payload_bytes": 2.0,
        "mean_payload_tokens_proxy": 1.0,
        "mean_prompt_bytes": 768.0,
        "mean_prompt_tokens": 192.34375,
        "p50_e2e_ms": 1949.9510415043915,
        "p50_ttft_ms": 451.2969789939234,
        "p95_e2e_ms": 2164.365499993437,
        "p95_ttft_ms": 611.0753329994623,
        "strict_accuracy": 0.21875,
        "strict_correct": 7,
        "strict_valid_prediction_rate": 0.875,
        "valid_prediction_rate": 1.0
      },
      "matched_packet": {
        "accuracy": 0.71875,
        "correct": 23,
        "mean_generated_tokens": 4.875,
        "mean_payload_bytes": 2.0,
        "mean_payload_tokens_proxy": 1.0,
        "mean_prompt_bytes": 768.0,
        "mean_prompt_tokens": 193.34375,
        "p50_e2e_ms": 789.1281670017634,
        "p50_ttft_ms": 460.8437295028125,
        "p95_e2e_ms": 2118.148249996011,
        "p95_ttft_ms": 626.5469169884454,
        "strict_accuracy": 0.15625,
        "strict_correct": 5,
        "strict_valid_prediction_rate": 0.1875,
        "valid_prediction_rate": 1.0
      },
      "query_aware_diag_span": {
        "accuracy": 0.78125,
        "correct": 25,
        "mean_generated_tokens": 8.34375,
        "mean_payload_bytes": 14.0,
        "mean_payload_tokens_proxy": 1.0,
        "mean_prompt_bytes": 780.0,
        "mean_prompt_tokens": 196.6875,
        "p50_e2e_ms": 879.3837500052177,
        "p50_ttft_ms": 473.5312284974498,
        "p95_e2e_ms": 2512.960749998456,
        "p95_ttft_ms": 617.8753329877509,
        "strict_accuracy": 0.375,
        "strict_correct": 12,
        "strict_valid_prediction_rate": 0.46875,
        "valid_prediction_rate": 1.0
      },
      "random_same_byte_packet": {
        "accuracy": 0.03125,
        "correct": 1,
        "mean_generated_tokens": 8.3125,
        "mean_payload_bytes": 2.0,
        "mean_payload_tokens_proxy": 1.0,
        "mean_prompt_bytes": 768.0,
        "mean_prompt_tokens": 193.34375,
        "p50_e2e_ms": 1928.0762289927225,
        "p50_ttft_ms": 493.2427914973232,
        "p95_e2e_ms": 2157.317541001248,
        "p95_ttft_ms": 632.7813750103815,
        "strict_accuracy": 0.0,
        "strict_correct": 0,
        "strict_valid_prediction_rate": 0.53125,
        "valid_prediction_rate": 1.0
      },
      "structured_free_text_diag": {
        "accuracy": 0.8125,
        "correct": 26,
        "mean_generated_tokens": 4.09375,
        "mean_payload_bytes": 17.0,
        "mean_payload_tokens_proxy": 4.0,
        "mean_prompt_bytes": 783.0,
        "mean_prompt_tokens": 196.34375,
        "p50_e2e_ms": 714.2777085027774,
        "p50_ttft_ms": 474.8518540072837,
        "p95_e2e_ms": 1971.953082989785,
        "p95_ttft_ms": 664.3630410108017,
        "strict_accuracy": 0.09375,
        "strict_correct": 3,
        "strict_valid_prediction_rate": 0.09375,
        "valid_prediction_rate": 1.0
      },
      "structured_json_diag": {
        "accuracy": 0.78125,
        "correct": 25,
        "mean_generated_tokens": 5.46875,
        "mean_payload_bytes": 21.0,
        "mean_payload_tokens_proxy": 2.0,
        "mean_prompt_bytes": 787.0,
        "mean_prompt_tokens": 198.34375,
        "p50_e2e_ms": 846.4335210010177,
        "p50_ttft_ms": 443.76922950323205,
        "p95_e2e_ms": 2283.3272499992745,
        "p95_ttft_ms": 639.6739580086432,
        "strict_accuracy": 0.1875,
        "strict_correct": 6,
        "strict_valid_prediction_rate": 0.21875,
        "valid_prediction_rate": 1.0
      },
      "target_only": {
        "accuracy": 0.25,
        "correct": 8,
        "mean_generated_tokens": 13.0,
        "mean_payload_bytes": 0.0,
        "mean_payload_tokens_proxy": 0.0,
        "mean_prompt_bytes": 773.0,
        "mean_prompt_tokens": 193.34375,
        "p50_e2e_ms": 2051.0680000006687,
        "p50_ttft_ms": 468.54839549632743,
        "p95_e2e_ms": 2251.143999994383,
        "p95_ttft_ms": 644.6687089919578,
        "strict_accuracy": 0.25,
        "strict_correct": 8,
        "strict_valid_prediction_rate": 1.0,
        "valid_prediction_rate": 1.0
      }
    },
    "n": 32,
    "packet_minus_best_source_destroying_control_accuracy": 0.4375,
    "packet_minus_matched_byte_text_accuracy": 0.4375,
    "packet_minus_target_accuracy": 0.46875,
    "packet_prompt_token_delta_vs_target": 0.0,
    "packet_strict_accuracy": 0.15625,
    "packet_strict_minus_target_accuracy": -0.09375,
    "packet_vs_full_log_payload_compression": 183.25,
    "packet_vs_query_payload_compression": 7.0,
    "pass_gate": true,
    "pass_rule": "Packet must beat target by >=0.15, all included source-destroying controls must stay within target+0.05, matched packet valid rate must be >=0.95, exact ID parity must hold, and query-aware/full-log payloads must be larger than the packet. Latency is reported, not gated.",
    "prompt_style": "audit"
  }
}