{
  "budget_summaries": [
    {
      "best_compression_baseline_accuracy": 0.462890625,
      "best_no_source_accuracy": 0.263671875,
      "budget_bytes": 6,
      "learned_vs_compression_pass": false,
      "matched_accuracy": 0.35546875,
      "matched_minus_best_compression": -0.107421875,
      "matched_minus_best_no_source": 0.091796875,
      "metrics": {
        "matched_learned_syndrome": {
          "accuracy": 0.35546875,
          "correct": 182,
          "mean_payload_bytes": 6.0,
          "mean_payload_tokens": 1.0,
          "n": 512,
          "p50_latency_ms": 33.55349999765167,
          "p95_latency_ms": 87.4274579982739
        },
        "qjl_answer_masked_source": {
          "accuracy": 0.263671875,
          "correct": 135,
          "mean_payload_bytes": 6.0,
          "mean_payload_tokens": 1.0,
          "n": 512,
          "p50_latency_ms": 29.17154199531069,
          "p95_latency_ms": 79.85845900839195
        },
        "qjl_constrained_shuffled_source": {
          "accuracy": 0.1796875,
          "correct": 92,
          "mean_payload_bytes": 6.0,
          "mean_payload_tokens": 1.0,
          "n": 512,
          "p50_latency_ms": 29.67177049140446,
          "p95_latency_ms": 75.27950000076089
        },
        "qjl_label_shuffled_ridge": {
          "accuracy": 0.236328125,
          "correct": 121,
          "mean_payload_bytes": 6.0,
          "mean_payload_tokens": 1.0,
          "n": 512,
          "p50_latency_ms": 32.006479501433205,
          "p95_latency_ms": 79.35225000255741
        },
        "qjl_random_same_byte": {
          "accuracy": 0.251953125,
          "correct": 129,
          "mean_payload_bytes": 6.0,
          "mean_payload_tokens": 1.0,
          "n": 512,
          "p50_latency_ms": 0.1291665030294098,
          "p95_latency_ms": 10.043250003946014
        },
        "qjl_residual_source": {
          "accuracy": 0.447265625,
          "correct": 229,
          "mean_payload_bytes": 6.0,
          "mean_payload_tokens": 1.0,
          "n": 512,
          "p50_latency_ms": 29.373104007390793,
          "p95_latency_ms": 77.924790995894
        },
        "random_same_byte": {
          "accuracy": 0.263671875,
          "correct": 135,
          "mean_payload_bytes": 6.0,
          "mean_payload_tokens": 1.0,
          "n": 512,
          "p50_latency_ms": 0.45124999451218173,
          "p95_latency_ms": 20.729500000015832
        },
        "raw_source_sign_sketch": {
          "accuracy": 0.33203125,
          "correct": 170,
          "mean_payload_bytes": 6.0,
          "mean_payload_tokens": 1.0,
          "n": 512,
          "p50_latency_ms": 19.318707993079443,
          "p95_latency_ms": 64.9752500030445
        },
        "scalar_answer_masked_source": {
          "accuracy": 0.263671875,
          "correct": 135,
          "mean_payload_bytes": 6.0,
          "mean_payload_tokens": 1.0,
          "n": 512,
          "p50_latency_ms": 18.63654200133169,
          "p95_latency_ms": 65.26912499975879
        },
        "scalar_constrained_shuffled_source": {
          "accuracy": 0.16796875,
          "correct": 86,
          "mean_payload_bytes": 6.0,
          "mean_payload_tokens": 1.0,
          "n": 512,
          "p50_latency_ms": 19.04997899691807,
          "p95_latency_ms": 57.803624993539415
        },
        "scalar_label_shuffled_ridge": {
          "accuracy": 0.26171875,
          "correct": 134,
          "mean_payload_bytes": 6.0,
          "mean_payload_tokens": 1.0,
          "n": 512,
          "p50_latency_ms": 17.380250006681308,
          "p95_latency_ms": 60.5030829901807
        },
        "scalar_quantized_source": {
          "accuracy": 0.462890625,
          "correct": 237,
          "mean_payload_bytes": 6.0,
          "mean_payload_tokens": 1.0,
          "n": 512,
          "p50_latency_ms": 17.883687498397194,
          "p95_latency_ms": 53.03616600576788
        },
        "scalar_shuffled_source": {
          "accuracy": 0.232421875,
          "correct": 119,
          "mean_payload_bytes": 6.0,
          "mean_payload_tokens": 1.0,
          "n": 512,
          "p50_latency_ms": 16.262416997051332,
          "p95_latency_ms": 59.84412500401959
        },
        "target_only": {
          "accuracy": 0.25,
          "correct": 128,
          "mean_payload_bytes": 0.0,
          "mean_payload_tokens": 0.0,
          "n": 512,
          "p50_latency_ms": 0.00224999530473724,
          "p95_latency_ms": 0.006166999810375273
        },
        "zero_source": {
          "accuracy": 0.25,
          "correct": 128,
          "mean_payload_bytes": 0.0,
          "mean_payload_tokens": 0.0,
          "n": 512,
          "p50_latency_ms": 0.0023329921532422304,
          "p95_latency_ms": 0.005333000444807112
        }
      },
      "pass_gate": false,
      "qjl_controls_ok": true,
      "qjl_minus_best_no_source": 0.18359375,
      "qjl_minus_scalar": -0.015625,
      "qjl_residual_source_accuracy": 0.447265625,
      "qjl_source_packet_pass": true,
      "scalar_controls_ok": true,
      "scalar_minus_best_no_source": 0.19921875,
      "scalar_quantized_source_accuracy": 0.462890625,
      "scalar_source_packet_pass": true,
      "target_only_accuracy": 0.25
    }
  ],
  "budgets": [
    6
  ],
  "candidate_pool_recall": 1.0,
  "candidate_view": "slot",
  "candidates": 4,
  "code_projection_sha256": "2316159096cb997523e1b262a4f333c0828a67b0827148dba4996cfcff811091",
  "created_utc": "2026-04-29T06:16:21.909503+00:00",
  "encoder_sha256": "404a8cfffd543750d2b33e577fcc4a5ba1e90fcea4ac2e3fb020ffcfb7e13b6b",
  "eval_examples": 512,
  "eval_family_set": "all",
  "eval_seed": 30,
  "exact_id_parity": true,
  "feature_dim": 512,
  "fit_intercept": false,
  "gate": "source_private_tool_trace_compression_baselines",
  "label_shuffle_encoder_sha256": "15aa6db3e41be34134a6e3a4e948931d21588159f6d186564b949d600d259d67",
  "label_shuffle_seed": 145117,
  "packet_variants": [
    "qjl_residual"
  ],
  "pass_gate": true,
  "pass_rule": "learned syndrome pass: beats target/no-source by >=0.15 and beats best matched-byte compression baseline by >=0.02. Scalar packet pass: scalar quantized source packet beats no-source by >=0.15 and scalar source-destroying controls stay within target_only +0.05. Optional packet variants are reported as comparator rows and do not change the historical pass gate.",
  "prediction_files": {
    "6": "predictions_budget6.jsonl"
  },
  "qjl_residual_projection_sha256": "7fa460b0cca8444fecd8c7f032dfe9f70ed34ce5b06806f8ef66b72016bcb72b",
  "remap_slot_seed": 101,
  "ridge": 0.01,
  "scalar_projection_sha256": "ee03d2d3d9f44a302b6b0abe476aaa37a676073274d2ef7ace0efe1351b92eec",
  "train_examples": 768,
  "train_family_set": "all",
  "train_seed": 29
}