slice_start,eval_rows,method_accuracy,fixed_hybrid_accuracy,delta_vs_fixed_hybrid,ci95_low_vs_fixed_hybrid,helps_vs_fixed_hybrid,harms_vs_fixed_hybrid
1024,384,0.4739583333333333,0.4869791666666667,-0.013020833333333334,-0.036458333333333336,8,13
1536,384,0.4348958333333333,0.4479166666666667,-0.013020833333333334,-0.033854166666666664,6,11
