{
  "model": "Rosetta",
  "dataset": "ai2-arc",
  "answer_method": "generate",
  "overall_accuracy": 0.5025125628140703,
  "subjects": {
    "SPLIT_0_OF_1": 0.5025125628140703
  },
  "kv_transfer_stats": {
    "count": 5572,
    "selected_min": 100,
    "selected_max": 213,
    "selected_sum": 773108,
    "total_sum": 773108,
    "selected_fraction_sum": 5572.0,
    "score_mean_sum": 27481.443105101585,
    "score_min": 0.14923298358917236,
    "score_max": 37.181861877441406,
    "prefill_count": 199,
    "prefill_time_sum_ms": 34980.58199486695,
    "selection_time_sum_ms": 1988.9315668260679,
    "projection_score_time_sum_ms": 0.0,
    "projection_transfer_time_sum_ms": 12063.935188227333,
    "fuse_time_sum_ms": 585.1198417367414,
    "rd_int8_sum": 0,
    "rd_int4_sum": 0,
    "rd_drop_sum": 0,
    "rd_budget_bytes_sum": 0.0,
    "rd_bytes_used_sum": 0.0,
    "rd_effective_bits_sum": 0.0,
    "rd_payload_bytes_sum": 0.0,
    "rd_index_bytes_sum": 0.0,
    "rd_scale_bytes_sum": 0.0,
    "selected_mean": 138.74874371859298,
    "total_mean": 138.74874371859298,
    "selected_fraction_mean": 1.0,
    "score_mean": 4.932060858776308,
    "prefill_time_mean_ms": 175.78181906968317,
    "selection_time_mean_ms": 0.3569511067527042,
    "projection_score_time_mean_ms": 0.0,
    "projection_transfer_time_mean_ms": 2.165099638949629,
    "fuse_time_mean_ms": 0.10501073972303326,
    "rd_int8_mean": 0.0,
    "rd_int4_mean": 0.0,
    "rd_drop_mean": 0.0,
    "rd_budget_bytes_mean": 0.0,
    "rd_bytes_used_mean": 0.0,
    "rd_effective_bits_mean": 0.0,
    "rd_payload_bytes_mean": 0.0,
    "rd_index_bytes_mean": 0.0,
    "rd_scale_bytes_mean": 0.0
  },
  "length_statistics": {
    "subjects": {
      "SPLIT_0_OF_1": {
        "avg_input_length": 139.74874371859298,
        "avg_gen_length": 10.537688442211055,
        "avg_length_ratio": 0.07581720419880122,
        "accuracy": 0.5025125628140703,
        "total_samples": 199
      }
    }
  }
}