{
  "model": "Rosetta",
  "dataset": "ai2-arc",
  "answer_method": "generate",
  "overall_accuracy": 0.5088757396449705,
  "subjects": {
    "SPLIT_0_OF_1": 0.5088757396449705
  },
  "kv_transfer_stats": {
    "count": 4732,
    "selected_min": 103,
    "selected_max": 197,
    "selected_sum": 661164,
    "total_sum": 661164,
    "selected_fraction_sum": 4732.0,
    "score_mean_sum": 23354.782807782292,
    "score_min": 0.14923298358917236,
    "score_max": 36.17033386230469,
    "prefill_count": 169,
    "prefill_time_sum_ms": 28296.051558922045,
    "selection_time_sum_ms": 1662.4287837184966,
    "projection_score_time_sum_ms": 0.0,
    "projection_transfer_time_sum_ms": 9934.866765630431,
    "fuse_time_sum_ms": 484.15604839101434,
    "rd_int8_sum": 0,
    "rd_int4_sum": 0,
    "rd_drop_sum": 0,
    "rd_budget_bytes_sum": 0.0,
    "rd_bytes_used_sum": 0.0,
    "rd_effective_bits_sum": 0.0,
    "rd_payload_bytes_sum": 0.0,
    "rd_index_bytes_sum": 0.0,
    "rd_scale_bytes_sum": 0.0,
    "selected_mean": 139.72189349112426,
    "total_mean": 139.72189349112426,
    "selected_fraction_mean": 1.0,
    "score_mean": 4.935499325397779,
    "prefill_time_mean_ms": 167.43225774510086,
    "selection_time_mean_ms": 0.35131631101405253,
    "projection_score_time_mean_ms": 0.0,
    "projection_transfer_time_mean_ms": 2.099506924266786,
    "fuse_time_mean_ms": 0.10231531031086524,
    "rd_int8_mean": 0.0,
    "rd_int4_mean": 0.0,
    "rd_drop_mean": 0.0,
    "rd_budget_bytes_mean": 0.0,
    "rd_bytes_used_mean": 0.0,
    "rd_effective_bits_mean": 0.0,
    "rd_payload_bytes_mean": 0.0,
    "rd_index_bytes_mean": 0.0,
    "rd_scale_bytes_mean": 0.0
  },
  "length_statistics": {
    "subjects": {
      "SPLIT_0_OF_1": {
        "avg_input_length": 140.72189349112426,
        "avg_gen_length": 11.449704142011834,
        "avg_length_ratio": 0.08133665063478121,
        "accuracy": 0.5088757396449705,
        "total_samples": 169
      }
    }
  }
}