{
  "model": "Rosetta",
  "dataset": "ai2-arc",
  "answer_method": "generate",
  "overall_accuracy": 0.6494845360824743,
  "subjects": {
    "SPLIT_0_OF_1": 0.6494845360824743
  },
  "kv_transfer_stats": {
    "count": 5432,
    "selected_min": 102,
    "selected_max": 231,
    "selected_sum": 776076,
    "total_sum": 776076,
    "selected_fraction_sum": 5432.0,
    "score_mean_sum": 26798.945991665125,
    "score_min": 0.1411195993423462,
    "score_max": 33.463619232177734,
    "prefill_count": 194,
    "prefill_time_sum_ms": 33774.45609460119,
    "selection_time_sum_ms": 1931.3887992175296,
    "projection_score_time_sum_ms": 0.0,
    "projection_transfer_time_sum_ms": 11689.87784651108,
    "fuse_time_sum_ms": 572.9977514129132,
    "rd_int8_sum": 0,
    "rd_int4_sum": 0,
    "rd_drop_sum": 0,
    "rd_budget_bytes_sum": 0.0,
    "rd_bytes_used_sum": 0.0,
    "rd_effective_bits_sum": 0.0,
    "rd_payload_bytes_sum": 0.0,
    "rd_index_bytes_sum": 0.0,
    "rd_scale_bytes_sum": 0.0,
    "selected_mean": 142.87113402061857,
    "total_mean": 142.87113402061857,
    "selected_fraction_mean": 1.0,
    "score_mean": 4.9335320308661865,
    "prefill_time_mean_ms": 174.09513450825355,
    "selection_time_mean_ms": 0.3555575845393096,
    "projection_score_time_mean_ms": 0.0,
    "projection_transfer_time_mean_ms": 2.152039367914411,
    "fuse_time_mean_ms": 0.10548559488455692,
    "rd_int8_mean": 0.0,
    "rd_int4_mean": 0.0,
    "rd_drop_mean": 0.0,
    "rd_budget_bytes_mean": 0.0,
    "rd_bytes_used_mean": 0.0,
    "rd_effective_bits_mean": 0.0,
    "rd_payload_bytes_mean": 0.0,
    "rd_index_bytes_mean": 0.0,
    "rd_scale_bytes_mean": 0.0
  },
  "length_statistics": {
    "subjects": {
      "SPLIT_0_OF_1": {
        "avg_input_length": 143.87113402061857,
        "avg_gen_length": 10.515463917525773,
        "avg_length_ratio": 0.0745809654036824,
        "accuracy": 0.6494845360824743,
        "total_samples": 194
      }
    }
  }
}