{
  "model": "Rosetta",
  "dataset": "ai2-arc",
  "answer_method": "generate",
  "overall_accuracy": 0.5699481865284974,
  "subjects": {
    "SPLIT_0_OF_1": 0.5699481865284974
  },
  "kv_transfer_stats": {
    "count": 5404,
    "selected_min": 101,
    "selected_max": 264,
    "selected_sum": 757092,
    "total_sum": 757092,
    "selected_fraction_sum": 5404.0,
    "score_mean_sum": 26684.54987436533,
    "score_min": 0.14777839183807373,
    "score_max": 34.04230880737305,
    "prefill_count": 193,
    "prefill_time_sum_ms": 33588.25947064906,
    "selection_time_sum_ms": 1929.099653963931,
    "projection_score_time_sum_ms": 0.0,
    "projection_transfer_time_sum_ms": 11751.249614870176,
    "fuse_time_sum_ms": 570.0343038188294,
    "rd_int8_sum": 0,
    "rd_int4_sum": 0,
    "rd_drop_sum": 0,
    "rd_budget_bytes_sum": 0.0,
    "rd_bytes_used_sum": 0.0,
    "rd_effective_bits_sum": 0.0,
    "rd_payload_bytes_sum": 0.0,
    "rd_index_bytes_sum": 0.0,
    "rd_scale_bytes_sum": 0.0,
    "selected_mean": 140.0984455958549,
    "total_mean": 140.0984455958549,
    "selected_fraction_mean": 1.0,
    "score_mean": 4.937925587410312,
    "prefill_time_mean_ms": 174.03243249040966,
    "selection_time_mean_ms": 0.35697624980827736,
    "projection_score_time_mean_ms": 0.0,
    "projection_transfer_time_mean_ms": 2.1745465608568053,
    "fuse_time_mean_ms": 0.1054837719872001,
    "rd_int8_mean": 0.0,
    "rd_int4_mean": 0.0,
    "rd_drop_mean": 0.0,
    "rd_budget_bytes_mean": 0.0,
    "rd_bytes_used_mean": 0.0,
    "rd_effective_bits_mean": 0.0,
    "rd_payload_bytes_mean": 0.0,
    "rd_index_bytes_mean": 0.0,
    "rd_scale_bytes_mean": 0.0
  },
  "length_statistics": {
    "subjects": {
      "SPLIT_0_OF_1": {
        "avg_input_length": 141.0984455958549,
        "avg_gen_length": 10.455958549222798,
        "avg_length_ratio": 0.07515539457570503,
        "accuracy": 0.5699481865284974,
        "total_samples": 193
      }
    }
  }
}