{
  "budget_summaries": [
    {
      "best_destructive_control_accuracy": 0.283203125,
      "best_no_source_accuracy": 0.283203125,
      "budget_bytes": 8,
      "full_diag_oracle_accuracy": 1.0,
      "margin_calibration": {
        "best_control_accuracy": 0.2890625,
        "control_ok": true,
        "matched_accuracy": 0.65234375,
        "target_accuracy": 0.25,
        "threshold": 0.873445
      },
      "margin_threshold": 0.873445,
      "matched_accuracy": 0.513671875,
      "matched_minus_best_destructive_control": 0.23046875,
      "matched_minus_target": 0.263671875,
      "metrics": {
        "answer_masked_source": {
          "accuracy": 0.251953125,
          "correct": 129,
          "mean_payload_bytes": 8.0,
          "mean_payload_tokens": 1.0,
          "n": 512,
          "p50_latency_ms": 7.596750001539476,
          "p95_latency_ms": 28.031750000081956
        },
        "answer_only": {
          "accuracy": 0.15234375,
          "correct": 78,
          "mean_payload_bytes": 8.0,
          "mean_payload_tokens": 1.0,
          "n": 512,
          "p50_latency_ms": 0.05695900472346693,
          "p95_latency_ms": 0.2839170047082007
        },
        "full_diag_oracle": {
          "accuracy": 1.0,
          "correct": 512,
          "mean_payload_bytes": 8.0,
          "mean_payload_tokens": 1.0,
          "n": 512,
          "p50_latency_ms": 3.1862500036368147,
          "p95_latency_ms": 12.983792024897411
        },
        "matched_candidate_embedding_receiver": {
          "accuracy": 0.513671875,
          "correct": 263,
          "mean_payload_bytes": 8.0,
          "mean_payload_tokens": 1.0,
          "n": 512,
          "p50_latency_ms": 8.135562486131676,
          "p95_latency_ms": 29.41479202127084
        },
        "random_same_byte": {
          "accuracy": 0.2421875,
          "correct": 124,
          "mean_payload_bytes": 8.0,
          "mean_payload_tokens": 1.0,
          "n": 512,
          "p50_latency_ms": 0.058874982642009854,
          "p95_latency_ms": 0.49245901755057275
        },
        "shuffled_source": {
          "accuracy": 0.271484375,
          "correct": 139,
          "mean_payload_bytes": 8.0,
          "mean_payload_tokens": 1.0,
          "n": 512,
          "p50_latency_ms": 7.257916513481177,
          "p95_latency_ms": 25.568499986547977
        },
        "structured_text_matched": {
          "accuracy": 0.201171875,
          "correct": 103,
          "mean_payload_bytes": 8.0,
          "mean_payload_tokens": 1.0,
          "n": 512,
          "p50_latency_ms": 0.04743698809761554,
          "p95_latency_ms": 0.29741699108853936
        },
        "target_derived_sidecar": {
          "accuracy": 0.25,
          "correct": 128,
          "mean_payload_bytes": 8.0,
          "mean_payload_tokens": 1.0,
          "n": 512,
          "p50_latency_ms": 3.2804585061967373,
          "p95_latency_ms": 15.663582977140322
        },
        "target_only": {
          "accuracy": 0.25,
          "correct": 128,
          "mean_payload_bytes": 0.0,
          "mean_payload_tokens": 0.0,
          "n": 512,
          "p50_latency_ms": 0.002334010787308216,
          "p95_latency_ms": 0.006875023245811462
        },
        "wrong_projection_source": {
          "accuracy": 0.283203125,
          "correct": 145,
          "mean_payload_bytes": 8.0,
          "mean_payload_tokens": 1.0,
          "n": 512,
          "p50_latency_ms": 7.595812508952804,
          "p95_latency_ms": 24.926832993514836
        },
        "zero_source": {
          "accuracy": 0.25,
          "correct": 128,
          "mean_payload_bytes": 0.0,
          "mean_payload_tokens": 0.0,
          "n": 512,
          "p50_latency_ms": 0.0022500171326100826,
          "p95_latency_ms": 0.005999987479299307
        }
      },
      "pass_gate": true,
      "receiver_sha256": "4a68d718f708044d3f6ca79a0a4243895fe48431cba958cc49c4ebad239bf843",
      "target_only_accuracy": 0.25
    }
  ],
  "budgets": [
    8
  ],
  "candidate_pool_recall": 1.0,
  "candidates": 4,
  "code_projection_sha256": "19931a1954a5da0968be6a3133bc3feac4b4b2f64c67d2089ff117e7a9651185",
  "created_utc": "2026-04-29T19:23:25.213963+00:00",
  "encoder_sha256": "8b4a7bc27a154e7e3c38a9c66df1be729358ec904f8722501577767ea9a152d5",
  "eval_examples": 512,
  "eval_family_set": "all",
  "eval_seed": 32,
  "exact_id_parity": true,
  "feature_dim": 512,
  "gate": "source_private_candidate_embedding_receiver",
  "interpretation": "This is a learned target-side receiver smoke: source evidence is compressed into a bit packet, and a trained candidate scorer decodes the packet using public candidate side information.",
  "pass_gate": true,
  "pass_rule": "Matched learned candidate-embedding receiver must beat target by >=0.15, beat every destructive control by >=0.15, keep all destructive controls within target+0.05, and keep full diagnostic oracle >=0.95.",
  "prediction_files": {
    "8": "predictions_budget8.jsonl"
  },
  "ridge": 0.01,
  "train_examples": 768,
  "train_family_set": "all",
  "train_seed": 31
}