{
  "model": "Rosetta",
  "dataset": "ai2-arc",
  "answer_method": "generate",
  "overall_accuracy": 0.49740932642487046,
  "subjects": {
    "SPLIT_0_OF_1": 0.49740932642487046
  },
  "length_statistics": {
    "subjects": {
      "SPLIT_0_OF_1": {
        "avg_input_length": 141.0984455958549,
        "avg_gen_length": 8.994818652849741,
        "avg_length_ratio": 0.06504923129968491,
        "accuracy": 0.49740932642487046,
        "total_samples": 193
      }
    }
  }
}