{
  "model": "Rosetta",
  "dataset": "ai2-arc",
  "answer_method": "generate",
  "overall_accuracy": 0.5773195876288659,
  "subjects": {
    "SPLIT_0_OF_1": 0.5773195876288659
  },
  "length_statistics": {
    "subjects": {
      "SPLIT_0_OF_1": {
        "avg_input_length": 143.87113402061857,
        "avg_gen_length": 9.47938144329897,
        "avg_length_ratio": 0.06764113839802102,
        "accuracy": 0.5773195876288659,
        "total_samples": 194
      }
    }
  }
}