{
  "model": "Rosetta",
  "dataset": "ai2-arc",
  "answer_method": "generate",
  "overall_accuracy": 0.5076142131979695,
  "subjects": {
    "SPLIT_0_OF_1": 0.5076142131979695
  },
  "length_statistics": {
    "subjects": {
      "SPLIT_0_OF_1": {
        "avg_input_length": 140.4263959390863,
        "avg_gen_length": 8.959390862944163,
        "avg_length_ratio": 0.06491273381267536,
        "accuracy": 0.5076142131979695,
        "total_samples": 197
      }
    }
  }
}