{
  "model": "Rosetta",
  "dataset": "ai2-arc",
  "answer_method": "generate",
  "overall_accuracy": 0.5207100591715976,
  "subjects": {
    "SPLIT_0_OF_1": 0.5207100591715976
  },
  "length_statistics": {
    "subjects": {
      "SPLIT_0_OF_1": {
        "avg_input_length": 140.72189349112426,
        "avg_gen_length": 9.017751479289942,
        "avg_length_ratio": 0.06452766994031922,
        "accuracy": 0.5207100591715976,
        "total_samples": 169
      }
    }
  }
}