group,model,EM,F1,NLL/token,wall_clock_sec,compression,payload_bytes,samples,M,token_budget_mode,token_budget_k,dataset
text,llama,0.58,0.7994106570072514,12.72173482274305,16.257566928863525,7.65828125,32768,200,32,content_only,32,squad
text,qwen,0.68,0.8528460272957177,25.81069942126198,16.257566928863525,7.2403125,32768,200,32,content_only,32,squad
latent,llama,0.0,0.02050281662781663,8.168305497591188,13.417166233062744,7.65828125,32768,200,32,content_only,32,squad
latent,qwen,0.0,0.003478535353535353,7.782977277639682,13.417166233062744,7.2403125,32768,200,32,content_only,32,squad
token_budget,llama,0.005,0.04086507936507937,,11.505087614059448,7.65828125,32768,200,32,content_only,32,squad
token_budget,qwen,0.04,0.07479711954711955,,11.505087614059448,7.2403125,32768,200,32,content_only,32,squad
joint,both,0.0,0.003478535353535353,,,,32768,200,32,content_only,32,squad
