{
  "model": "Rosetta",
  "dataset": "ai2-arc",
  "answer_method": "generate",
  "overall_accuracy": 0.6082474226804123,
  "subjects": {
    "SPLIT_0_OF_1": 0.6082474226804123
  },
  "kv_transfer_stats": {
    "count": 5432,
    "selected_min": 26,
    "selected_max": 58,
    "selected_sum": 194124,
    "total_sum": 776076,
    "selected_fraction_sum": 1358.6995940077006,
    "score_mean_sum": 95548.34086191654,
    "score_min": 1.3432960510253906,
    "score_max": 88.60650634765625,
    "prefill_count": 194,
    "prefill_time_sum_ms": 34444.6157963248,
    "selection_time_sum_ms": 1983.0267584184185,
    "projection_score_time_sum_ms": 11359.417267958634,
    "projection_transfer_time_sum_ms": 0.0,
    "fuse_time_sum_ms": 820.7748904824257,
    "rd_int8_sum": 0,
    "rd_int4_sum": 0,
    "rd_drop_sum": 0,
    "rd_budget_bytes_sum": 0.0,
    "rd_bytes_used_sum": 0.0,
    "rd_effective_bits_sum": 0.0,
    "rd_payload_bytes_sum": 0.0,
    "rd_index_bytes_sum": 0.0,
    "rd_scale_bytes_sum": 0.0,
    "selected_mean": 35.73711340206186,
    "total_mean": 142.87113402061857,
    "selected_fraction_mean": 0.25012879123853105,
    "score_mean": 17.589900747775506,
    "prefill_time_mean_ms": 177.5495659604371,
    "selection_time_mean_ms": 0.36506383623314037,
    "projection_score_time_mean_ms": 2.0912034734828118,
    "projection_transfer_time_mean_ms": 0.0,
    "fuse_time_mean_ms": 0.15109994301959237,
    "rd_int8_mean": 0.0,
    "rd_int4_mean": 0.0,
    "rd_drop_mean": 0.0,
    "rd_budget_bytes_mean": 0.0,
    "rd_bytes_used_mean": 0.0,
    "rd_effective_bits_mean": 0.0,
    "rd_payload_bytes_mean": 0.0,
    "rd_index_bytes_mean": 0.0,
    "rd_scale_bytes_mean": 0.0
  },
  "length_statistics": {
    "subjects": {
      "SPLIT_0_OF_1": {
        "avg_input_length": 143.87113402061857,
        "avg_gen_length": 9.082474226804123,
        "avg_length_ratio": 0.06420226375595536,
        "accuracy": 0.6082474226804123,
        "total_samples": 194
      }
    }
  }
}