{
  "model": "Rosetta",
  "dataset": "ai2-arc",
  "answer_method": "generate",
  "overall_accuracy": 0.46260869565217394,
  "subjects": {
    "SPLIT_0_OF_1": 0.46260869565217394
  },
  "length_statistics": {
    "subjects": {
      "SPLIT_0_OF_1": {
        "avg_input_length": 141.31739130434784,
        "avg_gen_length": 10.72,
        "avg_length_ratio": 0.07661024109013441,
        "accuracy": 0.46260869565217394,
        "total_samples": 1150
      }
    }
  }
}