{
  "llama": {
    "rms_mean_raw": 0.010572597291320563,
    "rms_mean_cal": 0.010569874569773674,
    "embed_rms": 0.010571543127298355,
    "count": 10
  },
  "qwen": {
    "rms_mean_raw": 0.013659418653696775,
    "rms_mean_cal": 0.013635240402072668,
    "embed_rms": 0.013653330504894257,
    "count": 10
  }
}