{
  "alpha_minus_random_walk_median": {
    "m11_alpha_0_1": 0.1289142282030642,
    "m11_alpha_0_3": 1.157943015320209,
    "m11_alpha_0_5": 1.2544048324869794
  },
  "alpha_minus_static_1pct_median": {
    "m11_alpha_0_1": -1.0771913201462333,
    "m11_alpha_0_3": -0.04816253302908857,
    "m11_alpha_0_5": 0.048299284137681975
  },
  "controls": {
    "random_walk_protection": {
      "bootstrap_ci95": {
        "ci95_high": 0.643482239144803,
        "ci95_low": -3.761249514922784
      },
      "included_trace_count": 8,
      "mean_recovery": -43.58789284254471,
      "median_recovery": -1.2061055483492975,
      "no_recoverable_static_gap_count": 4,
      "no_recoverable_static_gap_fraction": 0.3333333333333333,
      "total_trace_count": 12
    },
    "static_1pct": {
      "median_recovery": 0.0
    }
  },
  "created_at_utc": "2026-05-16T19:20:33Z",
  "schema_version": "om_phase9_m11_v1_control_metrics"
}
