{
  "alphas": [
    0.1,
    0.3,
    0.5
  ],
  "artifacts": {
    "activation_magnitudes": "activation_magnitudes.jsonl.gz",
    "activation_magnitudes_sha256": "sha256:b761e88aacd87502962f1851e0f82b8267eefc1e213b6ca16d5d42759edcb269",
    "bf16_traces": "bf16_traces.jsonl.gz",
    "bf16_traces_sha256": "sha256:44ce60a6eb6231ac25cc8129978e8ae13d810b89c1935357b88024c219444877",
    "run_dir": "/workspace/LatentWire/experimental/outlier_migrate/phase9/results/om_phase9_m11_granite_small_vac12_20260516T010728Z"
  },
  "best_alpha": "m11_alpha_0_5",
  "created_at_utc": "2026-05-16T19:20:32Z",
  "effective_trace_count": 12,
  "included_trace_count": 8,
  "metric_formula": "1 - (perplexity_regime - perplexity_BF16) / (perplexity_static_1pct - perplexity_BF16)",
  "metric_name": "positive-static-1pct-gap per-trace recovery",
  "model_id": "ibm-granite/granite-4.0-h-small",
  "model_snapshot_commit": "b8c0982bab7fde4eb48110f5a069527c008fab39",
  "no_recoverable_static_gap_count": 4,
  "no_recoverable_static_gap_fraction": 0.3333333333333333,
  "preregistration": "experimental/outlier_migrate/phase9/preregister_om_phase9_m11_ema_drift.md",
  "preregistration_sha256": "sha256:f6c1260f66f7de018852c5465680e138724b9db2f3cea1724ccfa200191a8a5f",
  "primary_result": {
    "bootstrap_ci95": {
      "ci95_high": 0.7045992558730417,
      "ci95_low": -8.94115615101423
    },
    "included_trace_count": 8,
    "mean_recovery": -62.972270575686004,
    "median_recovery": 0.048299284137681975,
    "no_recoverable_static_gap_count": 4,
    "no_recoverable_static_gap_fraction": 0.3333333333333333,
    "total_trace_count": 12
  },
  "primary_results_by_alpha": {
    "m11_alpha_0_1": {
      "bootstrap_ci95": {
        "ci95_high": 0.314294972206246,
        "ci95_low": -8.115530358174327
      },
      "included_trace_count": 8,
      "mean_recovery": -54.65189052848554,
      "median_recovery": -1.0771913201462333,
      "no_recoverable_static_gap_count": 4,
      "no_recoverable_static_gap_fraction": 0.3333333333333333,
      "total_trace_count": 12
    },
    "m11_alpha_0_3": {
      "bootstrap_ci95": {
        "ci95_high": 0.62180911268009,
        "ci95_low": -11.228499920632984
      },
      "included_trace_count": 8,
      "mean_recovery": -72.02364704715225,
      "median_recovery": -0.04816253302908857,
      "no_recoverable_static_gap_count": 4,
      "no_recoverable_static_gap_fraction": 0.3333333333333333,
      "total_trace_count": 12
    },
    "m11_alpha_0_5": {
      "bootstrap_ci95": {
        "ci95_high": 0.7045992558730417,
        "ci95_low": -8.94115615101423
      },
      "included_trace_count": 8,
      "mean_recovery": -62.972270575686004,
      "median_recovery": 0.048299284137681975,
      "no_recoverable_static_gap_count": 4,
      "no_recoverable_static_gap_fraction": 0.3333333333333333,
      "total_trace_count": 12
    }
  },
  "prompt_sha256": "sha256:2f27c54baa8448e033d6e82f53f775dc6abe38188e4f1e5c0b97e3c74fe7c1dd",
  "protected_set_count_stats": {
    "m11_alpha_0_1": {
      "max": 43,
      "mean": 41.125,
      "median": 41.0,
      "min": 41
    },
    "m11_alpha_0_3": {
      "max": 43,
      "mean": 41.15,
      "median": 41.0,
      "min": 41
    },
    "m11_alpha_0_5": {
      "max": 41,
      "mean": 41.0,
      "median": 41.0,
      "min": 41
    },
    "random_walk_protection": {
      "max": 43,
      "mean": 41.15,
      "median": 41.0,
      "min": 41
    },
    "static_1pct": {
      "max": 41,
      "mean": 41.0,
      "median": 41.0,
      "min": 41
    }
  },
  "schema_version": "om_phase9_m11_v1_metrics",
  "scoring_position": 10000,
  "scoring_window_tokens": 512,
  "thresholds": {
    "absolute_cap_fraction": 0.03,
    "bootstrap_seed": 20260525,
    "ema_threshold": 0.5,
    "kill_within_static_1pct_abs_le": 0.05,
    "pass_beats_random_walk_by_ge": 0.2,
    "pass_beats_static_1pct_by_ge": 0.15,
    "pass_ci95_low_gt": 0.1,
    "pass_median_recovery_min": 0.3,
    "random_control_beats_by_gt": 0.1
  },
  "trace_count": 12,
  "update_cadence": 100
}
