group,model,EM,F1,NLL/token,wall_clock_sec,compression,payload_bytes,samples,M,token_budget_mode,token_budget_k,dataset
text,llama,0.615,0.8094276466075133,12.403911339973977,30.893933296203613,7.65828125,1164800,200,32,content_only,32,squad
text,qwen,0.68,0.8516192862752388,24.624676366308734,30.893933296203613,7.2403125,1164800,200,32,content_only,32,squad
latent,llama,0.0,0.010603507254129653,11.860308006507198,35.611183404922485,7.65828125,1164800,200,32,content_only,32,squad
latent,qwen,0.0,0.00971888517088629,10.832428025347847,35.611183404922485,7.2403125,1164800,200,32,content_only,32,squad
token_budget,llama,0.005,0.04021474843730812,,25.80277371406555,7.65828125,1164800,200,32,content_only,32,squad
token_budget,qwen,0.04,0.08823398758088613,,25.80277371406555,7.2403125,1164800,200,32,content_only,32,squad
joint,both,0.0,0.009159889668237282,,,,1164800,200,32,content_only,32,squad
