group,model,EM,F1,NLL/token,wall_clock_sec,compression,payload_bytes,samples,M,token_budget_mode,token_budget_k,dataset
text,llama,0.615,0.8094276466075133,12.403911339973977,34.041300535202026,7.65828125,1164800,200,32,content_only,32,squad
text,qwen,0.68,0.8516192862752388,24.624676366308734,34.041300535202026,7.2403125,1164800,200,32,content_only,32,squad
latent,llama,0.0,0.009110813740079979,11.693009008355693,40.29586982727051,7.65828125,1164800,200,32,content_only,32,squad
latent,qwen,0.0,0.018505271955832337,10.5923120358949,40.29586982727051,7.2403125,1164800,200,32,content_only,32,squad
token_budget,llama,0.005,0.04021474843730812,,28.591562509536743,7.65828125,1164800,200,32,content_only,32,squad
token_budget,qwen,0.04,0.08823398758088613,,28.591562509536743,7.2403125,1164800,200,32,content_only,32,squad
joint,both,0.0,0.017667350133497232,,,,1164800,200,32,content_only,32,squad
