row_id,content_id,answer_index,full_prompt_prediction,query_prediction,chunk_prediction,slots_prediction,query_kl_to_full,slots_kl_to_full,query_prefix_rms,chunk_prefix_rms,mean_attention_entropy,normalized_attention_entropy,mean_attention_max
992,20a68cc2234ddc31f4a48593f788aa95c59236883f707aee4195c2ad490ed115,3,3,3,3,3,0.06049444078199959,0.052873282997863896,0.0,0.015052780508995056,3.526360511779785,1.0,0.029411764815449715
1005,ddadd2146716ee05a973177fefd3c04b9478d18d08a13137e9074658ccab196e,1,1,2,2,2,0.536394297055024,0.07044039888800899,0.0,0.015052780508995056,3.0910422801971436,0.9999999403953552,0.04545454680919647
1012,031c33517e2acf54a7e5ee77e548717c601bd60e453f11c0fa8a0ce9c0611fb7,3,3,0,3,2,0.010407101191326984,0.10277857308286947,0.0,0.015052780508995056,3.526360511779785,1.0,0.029411764815449715
1045,9c504c5da88e8aa131cdcb5cd2e8e270f56b4cf10b2843af434c714e5d3c5f8a,2,0,0,0,0,0.41858833580529875,0.12860487145384852,0.0,0.015052780508995056,3.367295980453491,1.0000001192092896,0.03448275849223137
1046,18a477f3c8686380e53b75c94375f13ff130e75e9176f61be09cdbd0d44bc58f,3,3,3,3,3,0.15748366722423066,0.27652374213109165,0.0,0.015052780508995056,3.6888794898986816,1.0,0.02500000037252903
1047,ae8ce2cf35acf36ffa5627007c9799558caa3d0d73232d9f810cef8933be39fa,2,2,3,3,3,2.293748554255935,0.856422872219371,0.0,0.015052780508995056,3.6375863552093506,1.0000001192092896,0.02631578966975212
1050,0f7beabbec61913bab7fd901c04d710f7a724a3108c5728dba4e7dd806ab68c5,2,2,2,2,2,0.1315859493449818,0.1485194539229795,0.0,0.015052780508995056,3.295837163925171,1.0000001192092896,0.03703703731298447
1052,01eefd2edc7994d9c8a30592b107a8ffe5f1dc1b7c7477c589e2ce64cac5c65f,0,1,2,2,2,0.8548946926126343,0.10760408694016982,0.0,0.015052780508995056,3.7841899394989014,1.0000001192092896,0.022727273404598236
