{
  "model": "Rosetta",
  "dataset": "ai2-arc",
  "answer_method": "generate",
  "overall_accuracy": 0.4956521739130435,
  "subjects": {
    "SPLIT_0_OF_1": 0.4956521739130435
  },
  "length_statistics": {
    "subjects": {
      "SPLIT_0_OF_1": {
        "avg_input_length": 162.31739130434784,
        "avg_gen_length": 10.662608695652175,
        "avg_length_ratio": 0.06677132951169264,
        "accuracy": 0.4956521739130435,
        "total_samples": 1150
      }
    }
  }
}