{
  "model": "Rosetta",
  "dataset": "ai2-arc",
  "answer_method": "generate",
  "overall_accuracy": 0.5353535353535354,
  "subjects": {
    "SPLIT_0_OF_1": 0.5353535353535354
  },
  "kv_transfer_stats": {
    "count": 5544,
    "selected_min": 64,
    "selected_max": 64,
    "selected_sum": 354816,
    "total_sum": 781704,
    "selected_fraction_sum": 2583.741612796563,
    "score_mean_sum": 86080.18004214764,
    "score_min": 1.2498971223831177,
    "score_max": 88.78279113769531,
    "prefill_count": 198,
    "prefill_time_sum_ms": 109910.38710682187,
    "selection_time_sum_ms": 958.763676462695,
    "projection_score_time_sum_ms": 12672.241436666809,
    "projection_transfer_time_sum_ms": 25209.998704493046,
    "fuse_time_sum_ms": 1224.841955699958,
    "rd_int8_sum": 349272,
    "rd_int4_sum": 5544,
    "rd_drop_sum": 426888,
    "rd_budget_bytes_sum": 91032480.0,
    "rd_bytes_used_sum": 91010304.0,
    "rd_effective_bits_sum": 44438.625,
    "rd_payload_bytes_sum": 90123264.0,
    "rd_index_bytes_sum": 709632.0,
    "rd_scale_bytes_sum": 177408.0,
    "selected_mean": 64.0,
    "total_mean": 141.0,
    "selected_fraction_mean": 0.4660428594510395,
    "score_mean": 15.526728001830381,
    "prefill_time_mean_ms": 555.1029651859691,
    "selection_time_mean_ms": 0.1729371710791297,
    "projection_score_time_mean_ms": 2.2857578348966108,
    "projection_transfer_time_mean_ms": 4.547258063580997,
    "fuse_time_mean_ms": 0.2209310886904686,
    "rd_int8_mean": 63.0,
    "rd_int4_mean": 1.0,
    "rd_drop_mean": 77.0,
    "rd_budget_bytes_mean": 16420.0,
    "rd_bytes_used_mean": 16416.0,
    "rd_effective_bits_mean": 8.015625,
    "rd_payload_bytes_mean": 16256.0,
    "rd_index_bytes_mean": 128.0,
    "rd_scale_bytes_mean": 32.0
  },
  "length_statistics": {
    "subjects": {
      "SPLIT_0_OF_1": {
        "avg_input_length": 142.0,
        "avg_gen_length": 10.106060606060606,
        "avg_length_ratio": 0.07207057684685025,
        "accuracy": 0.5353535353535354,
        "total_samples": 198
      }
    }
  }
}