{
  "model": "Rosetta",
  "dataset": "ai2-arc",
  "answer_method": "generate",
  "overall_accuracy": 0.5699481865284974,
  "subjects": {
    "SPLIT_0_OF_1": 0.5699481865284974
  },
  "kv_transfer_stats": {
    "count": 5404,
    "selected_min": 64,
    "selected_max": 64,
    "selected_sum": 345856,
    "total_sum": 757092,
    "selected_fraction_sum": 2534.7530133167215,
    "score_mean_sum": 83778.86060547829,
    "score_min": 1.2495698928833008,
    "score_max": 88.81431579589844,
    "prefill_count": 193,
    "prefill_time_sum_ms": 96803.60171943903,
    "selection_time_sum_ms": 807.4894454330206,
    "projection_score_time_sum_ms": 11306.621724157594,
    "projection_transfer_time_sum_ms": 21993.925510090776,
    "fuse_time_sum_ms": 1017.0514616183937,
    "rd_int8_sum": 340452,
    "rd_int4_sum": 5404,
    "rd_drop_sum": 411236,
    "rd_budget_bytes_sum": 88733680.0,
    "rd_bytes_used_sum": 88712064.0,
    "rd_effective_bits_sum": 43316.4375,
    "rd_payload_bytes_sum": 87847424.0,
    "rd_index_bytes_sum": 691712.0,
    "rd_scale_bytes_sum": 172928.0,
    "selected_mean": 64.0,
    "total_mean": 140.0984455958549,
    "selected_fraction_mean": 0.46905126079139925,
    "score_mean": 15.50312002321952,
    "prefill_time_mean_ms": 501.57306590382916,
    "selection_time_mean_ms": 0.14942439774852342,
    "projection_score_time_mean_ms": 2.092269008911472,
    "projection_transfer_time_mean_ms": 4.069934402311395,
    "fuse_time_mean_ms": 0.18820345329726013,
    "rd_int8_mean": 63.0,
    "rd_int4_mean": 1.0,
    "rd_drop_mean": 76.09844559585493,
    "rd_budget_bytes_mean": 16420.0,
    "rd_bytes_used_mean": 16416.0,
    "rd_effective_bits_mean": 8.015625,
    "rd_payload_bytes_mean": 16256.0,
    "rd_index_bytes_mean": 128.0,
    "rd_scale_bytes_mean": 32.0
  },
  "length_statistics": {
    "subjects": {
      "SPLIT_0_OF_1": {
        "avg_input_length": 141.0984455958549,
        "avg_gen_length": 9.787564766839377,
        "avg_length_ratio": 0.07061628404866063,
        "accuracy": 0.5699481865284974,
        "total_samples": 193
      }
    }
  }
}