{
  "llama": {
    "rms_mean_raw": 0.01056872570887208,
    "rms_mean_cal": 0.010571328611778362,
    "embed_rms": 0.010570296086370945,
    "count": 350
  },
  "qwen": {
    "rms_mean_raw": 0.013618153639669929,
    "rms_mean_cal": 0.013641307731824261,
    "embed_rms": 0.01364416815340519,
    "count": 350
  }
}