{
  "llama": {
    "rms_mean_raw": 0.010555511069084917,
    "rms_mean_cal": 0.010570976127471243,
    "embed_rms": 0.010562099516391754,
    "count": 350
  },
  "qwen": {
    "rms_mean_raw": 0.013642840345523186,
    "rms_mean_cal": 0.013640508111566306,
    "embed_rms": 0.013636281713843346,
    "count": 350
  }
}