{
  "llama": {
    "rms_mean_raw": 0.010565713650601752,
    "rms_mean_cal": 0.010570165372508414,
    "embed_rms": 0.010571998544037342,
    "count": 17
  },
  "qwen": {
    "rms_mean_raw": 0.01365536533515243,
    "rms_mean_cal": 0.013646027511533569,
    "embed_rms": 0.013622836209833622,
    "count": 17
  }
}