group,model,EM,F1,NLL/token,wall_clock_sec,compression,payload_bytes,samples,M,token_budget_mode,token_budget_k,dataset
text,llama,0.58,0.7994106570072514,12.72173482274305,16.692883253097534,7.65828125,32768,200,32,content_only,32,squad
text,qwen,0.68,0.8528460272957177,25.81069942126198,16.692883253097534,7.2403125,32768,200,32,content_only,32,squad
latent,llama,0.0,0.02957262852386692,7.050568657126827,15.478205680847168,7.65828125,32768,200,32,content_only,32,squad
latent,qwen,0.0,0.019997076452958805,7.118333921703712,15.478205680847168,7.2403125,32768,200,32,content_only,32,squad
token_budget,llama,0.005,0.04086507936507937,,13.07660436630249,7.65828125,32768,200,32,content_only,32,squad
token_budget,qwen,0.04,0.07479711954711955,,13.07660436630249,7.2403125,32768,200,32,content_only,32,squad
joint,both,0.0,0.021055923007161397,,,,32768,200,32,content_only,32,squad
