group,model,EM,F1,NLL/token,wall_clock_sec,compression,payload_bytes,samples,M,token_budget_mode,token_budget_k,dataset
text,llama,0.0,0.07699812687312685,15.679386170409446,7.996275424957275,16.8253125,16384,200,16,content_only,16,squad
text,qwen,0.365,0.5692489063224359,nan,7.996275424957275,14.418125,16384,200,16,content_only,16,squad
latent,llama,0.0,0.00426923076923077,9.782721981669582,9.178614854812622,16.8253125,16384,200,16,content_only,16,squad
latent,qwen,0.0,0.002,nan,9.178614854812622,14.418125,16384,200,16,content_only,16,squad
token_budget,llama,0.0,0.02959489998305788,,7.167890310287476,16.8253125,16384,200,16,content_only,16,squad
token_budget,qwen,0.005,0.042400183150183145,,7.167890310287476,14.418125,16384,200,16,content_only,16,squad
joint,both,0.0,0.00426923076923077,,,,16384,200,16,content_only,16,squad
