group,model,EM,F1,NLL/token,wall_clock_sec,compression,payload_bytes,samples,M,token_budget_mode,token_budget_k,dataset
text,llama,0.58,0.7994106570072514,12.72173482274305,18.0193030834198,7.65828125,32768,200,32,content_only,32,squad
text,qwen,0.68,0.8528460272957177,25.81069942126198,18.0193030834198,7.2403125,32768,200,32,content_only,32,squad
latent,llama,0.0,0.025761797842680196,7.14402152999999,15.595868825912476,7.65828125,32768,200,32,content_only,32,squad
latent,qwen,0.0,0.01936976911976912,7.233355877102998,15.595868825912476,7.2403125,32768,200,32,content_only,32,squad
token_budget,llama,0.005,0.04086507936507937,,13.222400188446045,7.65828125,32768,200,32,content_only,32,squad
token_budget,qwen,0.04,0.07479711954711955,,13.222400188446045,7.2403125,32768,200,32,content_only,32,squad
joint,both,0.0,0.01871800421800422,,,,32768,200,32,content_only,32,squad
