{
  "llama": {
    "rms_mean_raw": 0.8036467395096996,
    "rms_mean_cal": 0.010571455290449894,
    "embed_rms": 0.010574369691312313,
    "count": 1369
  },
  "qwen": {
    "rms_mean_raw": 0.8828116254792586,
    "rms_mean_cal": 0.013641180619570223,
    "embed_rms": 0.013646555133163929,
    "count": 1369
  }
}