{
  "model": "Rosetta",
  "dataset": "ai2-arc",
  "answer_method": "generate",
  "overall_accuracy": 0.6185567010309279,
  "subjects": {
    "SPLIT_0_OF_1": 0.6185567010309279
  },
  "length_statistics": {
    "subjects": {
      "SPLIT_0_OF_1": {
        "avg_input_length": 143.87113402061857,
        "avg_gen_length": 9.731958762886597,
        "avg_length_ratio": 0.06975170326839157,
        "accuracy": 0.6185567010309279,
        "total_samples": 194
      }
    }
  }
}