{
  "model": "Rosetta",
  "dataset": "ai2-arc",
  "answer_method": "generate",
  "overall_accuracy": 0.5279187817258884,
  "subjects": {
    "SPLIT_0_OF_1": 0.5279187817258884
  },
  "length_statistics": {
    "subjects": {
      "SPLIT_0_OF_1": {
        "avg_input_length": 140.4263959390863,
        "avg_gen_length": 9.913705583756345,
        "avg_length_ratio": 0.07112989076149281,
        "accuracy": 0.5279187817258884,
        "total_samples": 197
      }
    }
  }
}