group,model,EM,F1,NLL/token,wall_clock_sec,compression,payload_bytes,samples,M,token_budget_mode,token_budget_k,dataset
text,llama,0.58,0.7994106570072514,12.72173482274305,15.907333850860596,15.3165625,16384,200,16,content_only,16,squad
text,qwen,0.68,0.8528460272957177,25.81069942126198,15.907333850860596,14.480625,16384,200,16,content_only,16,squad
latent,llama,0.0,0.007413059163059165,9.694262968439634,13.189993619918823,15.3165625,16384,200,16,content_only,16,squad
latent,qwen,0.0,0.0018288367978770458,9.537757828122093,13.189993619918823,14.480625,16384,200,16,content_only,16,squad
token_budget,llama,0.0,0.038205738705738714,,11.718528509140015,15.3165625,16384,200,16,content_only,16,squad
token_budget,qwen,0.01,0.04269888444888446,,11.718528509140015,14.480625,16384,200,16,content_only,16,squad
joint,both,0.0,0.004904233623273872,,,,16384,200,16,content_only,16,squad
