{
  "llama": {
    "rms_mean_raw": 0.010563585115596652,
    "rms_mean_cal": 0.010571655249223114,
    "embed_rms": 0.010573300532996655,
    "count": 100
  },
  "qwen": {
    "rms_mean_raw": 0.013676938703283667,
    "rms_mean_cal": 0.013641893761232496,
    "embed_rms": 0.013628016225993633,
    "count": 100
  }
}