group,model,EM,F1,NLL/token,wall_clock_sec,compression,payload_bytes,samples,M,token_budget_mode,token_budget_k,dataset
text,llama,0.59,0.8007829157729505,12.72173482274305,17.06862735748291,5.105520833333333,43008,200,48,content_only,32,squad
text,qwen,0.665,0.8383902733374898,25.81069942126198,17.06862735748291,4.826875,43008,200,48,content_only,32,squad
latent,llama,0.0,0.008944960153532728,9.92245334292215,3.8534185886383057,5.105520833333333,43008,200,48,content_only,32,squad
latent,qwen,0.0,0.001999999976,9.77806029401759,3.8534185886383057,4.826875,43008,200,48,content_only,32,squad
token_budget,llama,0.005,0.04095895236860437,,3.515306234359741,5.105520833333333,43008,200,48,content_only,32,squad
token_budget,qwen,0.04,0.07479711898018827,,3.515306234359741,4.826875,43008,200,48,content_only,32,squad
joint,both,0.0,0.0048026314332108785,,,,43008,200,48,content_only,32,squad
