{
  "samples": 400,
  "max_new_tokens": 16,
  "latent_len": 48,
  "device": "cuda",
  "dtype": "torch.bfloat16",
  "avg_prompt_tokens": {
    "llama": 245.3875,
    "qwen": 231.6975
  },
  "compression": {
    "llama": 5.112239583333333,
    "qwen": 4.82703125
  },
  "payload_bytes": 43008,
  "payload_bytes_detail": {
    "fp32": 17203200,
    "fp16": 8601600,
    "selected": null
  },
  "wire": {
    "prompt_chars": {
      "llama": 501115,
      "qwen": 440315
    },
    "prompt_count": 400,
    "latent_shape": [
      400,
      42,
      256
    ],
    "latent_bytes": {
      "fp32": 17203200,
      "fp16": 8601600
    },
    "group_size": 32,
    "scale_bits": 16,
    "selected_latent_bytes": null,
    "base_latent_bytes": 43008,
    "wire_ratio": {}
  },
  "text": {
    "llama": {
      "em": 0.53,
      "f1": 0.7789608369278556,
      "nll_token": 12.783967164200934
    },
    "qwen": {
      "em": 0.585,
      "f1": 0.7931015706541418,
      "nll_token": 25.918280501998048
    },
    "wall_clock_sec": 35.784770011901855
  },
  "latent": {
    "llama": {
      "em": 0.0,
      "f1": 0.007178867907655829,
      "nll": 11.139645238234378,
      "first_token_top1": 0.0,
      "first_token_top5": 0.0024999999441206455,
      "nll_token": 11.139645238234378
    },
    "qwen": {
      "em": 0.0,
      "f1": 0.005739216521887851,
      "nll": 16.735313057974402,
      "first_token_top1": 0.0,
      "first_token_top5": 0.0,
      "nll_token": 16.735313057974402
    },
    "wall_clock_sec": 6.230425834655762
  },
  "token_budget": {
    "mode": "content_only",
    "k": 32,
    "llama": {
      "em": 0.0075,
      "f1": 0.040241602193382305
    },
    "qwen": {
      "em": 0.035,
      "f1": 0.07612336216088741
    },
    "wall_clock_sec": 6.810436248779297
  },
  "joint": {
    "em": 0.0,
    "f1": 0.004479499153316909,
    "agreement": 0.0,
    "oracle": {
      "em": 0.0,
      "f1": 0.011343212864361072
    }
  },
  "debug": {
    "llama": {},
    "qwen": {},
    "settings": {
      "latent_anchor_mode": "auto",
      "latent_anchor_text": "",
      "prefix_gain": 1.15,
      "calibration_mode": "embed_rms",
      "append_bos_after_prefix": "yes",
      "decode": {
        "min_new_tokens": 3,
        "eos_ban_steps": 6,
        "first_token_top_p": 1.0,
        "first_token_temperature": 0.0
      }
    }
  },
  "oracle": {
    "em": 0.0,
    "f1": 0.011343212864361072
  },
  "dataset": "squad"
}