group,model,EM,F1,NLL/token,wall_clock_sec,compression,payload_bytes,samples,M,token_budget_mode,token_budget_k,dataset
text,llama,0.53,0.7789608369278556,12.783967164200934,35.784770011901855,5.112239583333333,43008,400,48,content_only,32,squad
text,qwen,0.585,0.7931015706541418,25.918280501998048,35.784770011901855,4.82703125,43008,400,48,content_only,32,squad
latent,llama,0.0,0.007178867907655829,11.139645238234378,6.230425834655762,5.112239583333333,43008,400,48,content_only,32,squad
latent,qwen,0.0,0.005739216521887851,16.735313057974402,6.230425834655762,4.82703125,43008,400,48,content_only,32,squad
token_budget,llama,0.0075,0.040241602193382305,,6.810436248779297,5.112239583333333,43008,400,48,content_only,32,squad
token_budget,qwen,0.035,0.07612336216088741,,6.810436248779297,4.82703125,43008,400,48,content_only,32,squad
joint,both,0.0,0.004479499153316909,,,,43008,400,48,content_only,32,squad
