{
  "llama": {
    "rms_mean": 0.741214579648345,
    "count": 685
  },
  "qwen": {
    "rms_mean": 0.6336935089452423,
    "count": 685
  }
}