{
  "llama": {
    "rms_mean": 0.8350168023666326,
    "count": 685
  },
  "qwen": {
    "rms_mean": 0.6810845429879906,
    "count": 685
  }
}