{
  "best_control_accuracy": 0.25,
  "exact_id_count": 64,
  "exact_id_parity": true,
  "exact_id_sha256": "99374daeaecd406a14e67b0808ce3a5ce205f7835eff8a6cfaf8fd7d90bb7294",
  "matched_accuracy": 0.65625,
  "matched_minus_best_control": 0.40625,
  "matched_minus_target": 0.40625,
  "metrics": {
    "matched_packet": {
      "accuracy": 0.65625,
      "correct": 42,
      "correct_ids": [
        "sphr_0000",
        "sphr_0001",
        "sphr_0002",
        "sphr_0004",
        "sphr_0005",
        "sphr_0006",
        "sphr_0008",
        "sphr_0009",
        "sphr_0012",
        "sphr_0013",
        "sphr_0014",
        "sphr_0016",
        "sphr_0017",
        "sphr_0020",
        "sphr_0021",
        "sphr_0022",
        "sphr_0024",
        "sphr_0025",
        "sphr_0026",
        "sphr_0028",
        "sphr_0029",
        "sphr_0030",
        "sphr_0032",
        "sphr_0034",
        "sphr_0036",
        "sphr_0037",
        "sphr_0038",
        "sphr_0040",
        "sphr_0041",
        "sphr_0044",
        "sphr_0045",
        "sphr_0046",
        "sphr_0048",
        "sphr_0049",
        "sphr_0052",
        "sphr_0053",
        "sphr_0054",
        "sphr_0056",
        "sphr_0057",
        "sphr_0060",
        "sphr_0061",
        "sphr_0062"
      ],
      "mean_generated_tokens": 13.0,
      "mean_payload_bytes": 2.0,
      "mean_payload_tokens": 1.0,
      "p50_latency_ms": 2181.9882500058156,
      "valid_prediction_rate": 1.0
    },
    "random_same_byte": {
      "accuracy": 0.25,
      "correct": 16,
      "correct_ids": [
        "sphr_0000",
        "sphr_0004",
        "sphr_0008",
        "sphr_0012",
        "sphr_0016",
        "sphr_0020",
        "sphr_0024",
        "sphr_0028",
        "sphr_0032",
        "sphr_0036",
        "sphr_0040",
        "sphr_0044",
        "sphr_0048",
        "sphr_0052",
        "sphr_0056",
        "sphr_0060"
      ],
      "mean_generated_tokens": 13.0,
      "mean_payload_bytes": 2.0,
      "mean_payload_tokens": 1.0,
      "p50_latency_ms": 2168.601833494904,
      "valid_prediction_rate": 1.0
    },
    "shuffled_packet": {
      "accuracy": 0.25,
      "correct": 16,
      "correct_ids": [
        "sphr_0000",
        "sphr_0004",
        "sphr_0008",
        "sphr_0012",
        "sphr_0016",
        "sphr_0020",
        "sphr_0024",
        "sphr_0028",
        "sphr_0032",
        "sphr_0036",
        "sphr_0040",
        "sphr_0044",
        "sphr_0048",
        "sphr_0052",
        "sphr_0056",
        "sphr_0060"
      ],
      "mean_generated_tokens": 13.0,
      "mean_payload_bytes": 2.0,
      "mean_payload_tokens": 1.0,
      "p50_latency_ms": 2163.9151874987874,
      "valid_prediction_rate": 1.0
    },
    "structured_free_text_2byte": {
      "accuracy": 0.25,
      "correct": 16,
      "correct_ids": [
        "sphr_0000",
        "sphr_0004",
        "sphr_0008",
        "sphr_0012",
        "sphr_0016",
        "sphr_0020",
        "sphr_0024",
        "sphr_0028",
        "sphr_0032",
        "sphr_0036",
        "sphr_0040",
        "sphr_0044",
        "sphr_0048",
        "sphr_0052",
        "sphr_0056",
        "sphr_0060"
      ],
      "mean_generated_tokens": 13.0,
      "mean_payload_bytes": 2.0,
      "mean_payload_tokens": 1.0,
      "p50_latency_ms": 2180.7686460015248,
      "valid_prediction_rate": 1.0
    },
    "structured_json_2byte": {
      "accuracy": 0.25,
      "correct": 16,
      "correct_ids": [
        "sphr_0000",
        "sphr_0004",
        "sphr_0008",
        "sphr_0012",
        "sphr_0016",
        "sphr_0020",
        "sphr_0024",
        "sphr_0028",
        "sphr_0032",
        "sphr_0036",
        "sphr_0040",
        "sphr_0044",
        "sphr_0048",
        "sphr_0052",
        "sphr_0056",
        "sphr_0060"
      ],
      "mean_generated_tokens": 13.0,
      "mean_payload_bytes": 2.0,
      "mean_payload_tokens": 1.0,
      "p50_latency_ms": 2159.83681200305,
      "valid_prediction_rate": 1.0
    },
    "target_only": {
      "accuracy": 0.25,
      "correct": 16,
      "correct_ids": [
        "sphr_0000",
        "sphr_0004",
        "sphr_0008",
        "sphr_0012",
        "sphr_0016",
        "sphr_0020",
        "sphr_0024",
        "sphr_0028",
        "sphr_0032",
        "sphr_0036",
        "sphr_0040",
        "sphr_0044",
        "sphr_0048",
        "sphr_0052",
        "sphr_0056",
        "sphr_0060"
      ],
      "mean_generated_tokens": 13.0,
      "mean_payload_bytes": 0.0,
      "mean_payload_tokens": 0.0,
      "p50_latency_ms": 2163.2951665014843,
      "valid_prediction_rate": 1.0
    }
  },
  "n": 64,
  "pass_gate": true,
  "pass_rule": "matched LLM target decoder must beat target-only by >=0.15 while shuffled/random/2-byte structured relay controls stay within +0.05.",
  "target_only_accuracy": 0.25
}