{
  "llama": {
    "rms_mean_raw": 0.01056800426586586,
    "rms_mean_cal": 0.010572466670590289,
    "embed_rms": 0.01056531723588705,
    "count": 17
  },
  "qwen": {
    "rms_mean_raw": 0.013654226820696802,
    "rms_mean_cal": 0.01364117521135246,
    "embed_rms": 0.01363969687372446,
    "count": 17
  }
}