{
  "llama": {
    "rms_mean_raw": 0.01056522953457066,
    "rms_mean_cal": 0.010571293192250388,
    "embed_rms": 0.01056915707886219,
    "count": 350
  },
  "qwen": {
    "rms_mean_raw": 0.013627264688589743,
    "rms_mean_cal": 0.013641619102231094,
    "embed_rms": 0.013653635047376156,
    "count": 350
  }
}