{
  "model": "Rosetta",
  "dataset": "ai2-arc",
  "answer_method": "generate",
  "overall_accuracy": 0.4873096446700508,
  "subjects": {
    "SPLIT_0_OF_1": 0.4873096446700508
  },
  "length_statistics": {
    "subjects": {
      "SPLIT_0_OF_1": {
        "avg_input_length": 140.4263959390863,
        "avg_gen_length": 10.279187817258883,
        "avg_length_ratio": 0.07385442419569696,
        "accuracy": 0.4873096446700508,
        "total_samples": 197
      }
    }
  }
}