group,model,EM,F1,NLL/token,wall_clock_sec,compression,payload_bytes,samples,M,token_budget_mode,token_budget_k,dataset
text,llama,0.59,0.8007829157729505,12.72173482274305,17.29073452949524,5.105520833333333,43008,200,48,content_only,32,squad
text,qwen,0.665,0.8383902733374898,25.81069942126198,17.29073452949524,4.826875,43008,200,48,content_only,32,squad
latent,llama,0.0,0.011232025867604665,9.733569304688988,3.946791172027588,5.105520833333333,43008,200,48,content_only,32,squad
latent,qwen,0.0,0.0,9.81825069365678,3.946791172027588,4.826875,43008,200,48,content_only,32,squad
token_budget,llama,0.005,0.04095895236860437,,4.1194703578948975,5.105520833333333,43008,200,48,content_only,32,squad
token_budget,qwen,0.04,0.07479711898018827,,4.1194703578948975,4.826875,43008,200,48,content_only,32,squad
joint,both,0.0,0.003958333286501737,,,,43008,200,48,content_only,32,squad
