group,model,EM,F1,NLL/token,wall_clock_sec,compression,payload_bytes,samples,M,token_budget_mode,token_budget_k,dataset
text,llama,0.5275,0.7778926129970251,12.783967164200934,34.36465120315552,5.112239583333333,8752,400,48,content_only,48,squad
text,qwen,0.62,0.8134641899953049,25.918280501998048,34.36465120315552,4.82703125,8752,400,48,content_only,48,squad
latent,llama,0.0,0.016775602514960103,11.535219765946003,34.98008871078491,5.112239583333333,8752,400,48,content_only,48,squad
latent,qwen,0.0,0.003666666666666667,11.046543532164122,34.98008871078491,4.82703125,8752,400,48,content_only,48,squad
token_budget,llama,0.0125,0.05350790124671197,,26.91114377975464,5.112239583333333,8752,400,48,content_only,48,squad
token_budget,qwen,0.0325,0.08204202741702739,,26.91114377975464,4.82703125,8752,400,48,content_only,48,squad
joint,both,0.0,0.003666666666666667,,,,8752,400,48,content_only,48,squad
