{
  "conditions": [
    "target_only",
    "matched_packet",
    "matched_byte_text_2",
    "query_aware_diag_span",
    "structured_json_diag",
    "structured_free_text_diag",
    "full_hidden_log"
  ],
  "exact_id_parity": true,
  "exact_id_sha256": "0722cebb12497355219b4625ba14372a52b8c0a5932345c7668c8ecbbd6de565",
  "full_log_e2e_delta_vs_packet_ms": -38.85779199481476,
  "full_log_prompt_token_delta_vs_packet": 87.5,
  "full_log_ttft_delta_vs_packet_ms": 181.14475000766106,
  "metrics": {
    "full_hidden_log": {
      "accuracy": 1.0,
      "correct": 8,
      "mean_generated_tokens": 6.0,
      "mean_payload_bytes": 366.5,
      "mean_payload_tokens_proxy": 33.875,
      "mean_prompt_bytes": 1228.5,
      "mean_prompt_tokens": 303.875,
      "p50_e2e_ms": 1373.7388955050847,
      "p50_ttft_ms": 669.212979504664,
      "p95_e2e_ms": 1478.3712079952238,
      "p95_ttft_ms": 780.4789999936474,
      "valid_prediction_rate": 1.0
    },
    "matched_byte_text_2": {
      "accuracy": 0.25,
      "correct": 2,
      "mean_generated_tokens": 13.0,
      "mean_payload_bytes": 2.0,
      "mean_payload_tokens_proxy": 1.0,
      "mean_prompt_bytes": 864.0,
      "mean_prompt_tokens": 215.375,
      "p50_e2e_ms": 2120.744937499694,
      "p50_ttft_ms": 560.6182914998499,
      "p95_e2e_ms": 2202.4924169963924,
      "p95_ttft_ms": 628.7259999953676,
      "valid_prediction_rate": 1.0
    },
    "matched_packet": {
      "accuracy": 0.75,
      "correct": 6,
      "mean_generated_tokens": 8.0,
      "mean_payload_bytes": 2.0,
      "mean_payload_tokens_proxy": 1.0,
      "mean_prompt_bytes": 864.0,
      "mean_prompt_tokens": 216.375,
      "p50_e2e_ms": 1412.5966874998994,
      "p50_ttft_ms": 488.0682294970029,
      "p95_e2e_ms": 2031.410750001669,
      "p95_ttft_ms": 668.6352499964414,
      "valid_prediction_rate": 1.0
    },
    "query_aware_diag_span": {
      "accuracy": 0.75,
      "correct": 6,
      "mean_generated_tokens": 10.5,
      "mean_payload_bytes": 14.0,
      "mean_payload_tokens_proxy": 1.0,
      "mean_prompt_bytes": 876.0,
      "mean_prompt_tokens": 219.75,
      "p50_e2e_ms": 2075.6239790061954,
      "p50_ttft_ms": 509.9772704998031,
      "p95_e2e_ms": 2147.914832996321,
      "p95_ttft_ms": 566.0422920045676,
      "valid_prediction_rate": 1.0
    },
    "structured_free_text_diag": {
      "accuracy": 1.0,
      "correct": 8,
      "mean_generated_tokens": 5.5,
      "mean_payload_bytes": 17.0,
      "mean_payload_tokens_proxy": 4.0,
      "mean_prompt_bytes": 879.0,
      "mean_prompt_tokens": 219.375,
      "p50_e2e_ms": 860.7815415016375,
      "p50_ttft_ms": 544.8798124998575,
      "p95_e2e_ms": 1832.8464170044754,
      "p95_ttft_ms": 634.6227089961758,
      "valid_prediction_rate": 1.0
    },
    "structured_json_diag": {
      "accuracy": 1.0,
      "correct": 8,
      "mean_generated_tokens": 8.0,
      "mean_payload_bytes": 21.0,
      "mean_payload_tokens_proxy": 2.0,
      "mean_prompt_bytes": 883.0,
      "mean_prompt_tokens": 221.375,
      "p50_e2e_ms": 1400.4904789981083,
      "p50_ttft_ms": 569.6531454959768,
      "p95_e2e_ms": 2014.12325000274,
      "p95_ttft_ms": 635.9987080068095,
      "valid_prediction_rate": 1.0
    },
    "target_only": {
      "accuracy": 0.25,
      "correct": 2,
      "mean_generated_tokens": 13.0,
      "mean_payload_bytes": 0.0,
      "mean_payload_tokens_proxy": 0.0,
      "mean_prompt_bytes": 881.0,
      "mean_prompt_tokens": 218.375,
      "p50_e2e_ms": 2056.190333496488,
      "p50_ttft_ms": 494.5614999960526,
      "p95_e2e_ms": 2193.6514580011135,
      "p95_ttft_ms": 597.9359170014504,
      "valid_prediction_rate": 1.0
    }
  },
  "n": 8,
  "packet_minus_matched_byte_text_accuracy": 0.5,
  "packet_minus_target_accuracy": 0.5,
  "packet_prompt_token_delta_vs_target": -2.0,
  "packet_vs_full_log_payload_compression": 183.25,
  "packet_vs_query_payload_compression": 7.0,
  "pass_gate": true,
  "pass_rule": "Packet must beat target by >=0.15, matched-byte text must stay within target+0.05, and query-aware/full-log payloads must be larger than the packet. Latency is reported, not gated."
}