{
  "artifact_complete": true,
  "control_results": {
    "control_stop_condition": false,
    "control_stop_details": [],
    "magnitude_average": {
      "bootstrap_ci95": {
        "ci95_high": 0.04790382998102477,
        "ci95_low": 0.0
      },
      "mean_recovery": -0.12352267423352499,
      "median_recovery": 0.0,
      "no_recoverable_static_gap_count": 9,
      "no_recoverable_static_gap_fraction": 0.375,
      "per_trace_recovery": [
        0.0,
        -2.3783284431703446,
        -0.18124772753578244,
        -0.9421836661653002,
        -0.05811720766832673,
        0.0,
        0.6815622566496287,
        0.0,
        0.06648320532869112,
        1.1872445671755685,
        0.0,
        -0.5746053642379148,
        0.0,
        0.7114760958657412,
        0.0,
        0.0,
        1.0400630092320804,
        0.0,
        -4.931801126777847,
        0.02932445463335842,
        1.0795746006966045,
        -0.21723735171848735,
        0.0,
        1.5232485160877305
      ],
      "recovery_gt_0_50_count": 6,
      "recovery_gt_0_50_fraction": 0.25,
      "trace_count": 24
    },
    "static_2pct": {
      "bootstrap_ci95": {
        "ci95_high": 0.5094477435032524,
        "ci95_low": 0.0
      },
      "mean_recovery": -0.24514524639252536,
      "median_recovery": 0.0,
      "no_recoverable_static_gap_count": 9,
      "no_recoverable_static_gap_fraction": 0.375,
      "per_trace_recovery": [
        0.0,
        1.062468789374982,
        0.856739143377999,
        3.0893999925547555,
        -6.393984575251436,
        0.0,
        0.7652522299048616,
        0.0,
        0.08616534878494253,
        1.1101969651409056,
        0.0,
        0.5496448869055057,
        0.0,
        -0.06680999234007157,
        0.0,
        0.0,
        0.5094477435032524,
        0.0,
        -5.037507594259258,
        0.07529195237634734,
        0.5735616780427697,
        -0.5830125130458856,
        0.0,
        -2.480339968490278
      ],
      "recovery_gt_0_50_count": 8,
      "recovery_gt_0_50_fraction": 0.3333333333333333,
      "trace_count": 24
    },
    "union_outperforms_both_controls": false
  },
  "decision": "KILL_OM_PHASE4_INTERVENTION_FAILS",
  "grid_sensitivity": {
    "dense": {
      "bootstrap_ci95": {
        "ci95_high": 0.05511581803135268,
        "ci95_low": -0.4747405977542132
      },
      "mean_recovery": -0.23717920052358757,
      "median_recovery": 0.0,
      "no_recoverable_static_gap_count": 9,
      "no_recoverable_static_gap_fraction": 0.375,
      "per_trace_recovery": [
        0.0,
        -1.1819806506885122,
        -1.3349884772323128,
        -3.4970218639456565,
        -0.9494811955084264,
        0.0,
        0.9385891397209304,
        0.0,
        0.11023163606270536,
        -1.722900821681137,
        0.0,
        -1.2073790336886092,
        0.0,
        0.7025705243916164,
        0.0,
        0.0,
        0.3884790463050706,
        0.0,
        -0.24023088732225983,
        0.11769092194061492,
        1.018455394980083,
        -1.3278281924683135,
        0.0,
        2.4934936465681052
      ],
      "recovery_gt_0_50_count": 4,
      "recovery_gt_0_50_fraction": 0.16666666666666666,
      "trace_count": 24
    },
    "primary": {
      "bootstrap_ci95": {
        "ci95_high": 0.06954064195470389,
        "ci95_low": 0.0
      },
      "mean_recovery": -0.7721917703472639,
      "median_recovery": 0.0,
      "no_recoverable_static_gap_count": 9,
      "no_recoverable_static_gap_fraction": 0.375,
      "per_trace_recovery": [
        0.0,
        -1.3502598739408542,
        -4.739255919676664,
        -6.203756061884162,
        -7.761407520986191,
        0.0,
        0.6861390569112341,
        0.0,
        0.07538565697346278,
        0.41615114030580824,
        0.0,
        -2.024101523532238,
        0.0,
        0.5676325114594223,
        0.0,
        0.0,
        0.41630214175221814,
        0.0,
        -1.583865861956434,
        0.063695626935945,
        1.0042080480970992,
        -0.6511475367851605,
        0.0,
        2.5516776279921793
      ],
      "recovery_gt_0_50_count": 4,
      "recovery_gt_0_50_fraction": 0.16666666666666666,
      "trace_count": 24
    },
    "sparse": {
      "bootstrap_ci95": {
        "ci95_high": 0.0574807098503432,
        "ci95_low": -0.3372181604566842
      },
      "mean_recovery": -0.8489796487766051,
      "median_recovery": 0.0,
      "no_recoverable_static_gap_count": 9,
      "no_recoverable_static_gap_fraction": 0.375,
      "per_trace_recovery": [
        0.0,
        -2.297446439384747,
        -1.7003250840928192,
        -17.95604736002085,
        -0.900041197928277,
        0.0,
        0.7124549356310963,
        0.0,
        0.09965093839436467,
        -0.6744363209133684,
        0.0,
        -2.2350834781770885,
        0.0,
        0.6929615702718552,
        0.0,
        0.0,
        0.5919751670841538,
        0.0,
        0.32199715837950704,
        0.015310481306321733,
        1.1092756328998379,
        -0.7430320809775115,
        0.0,
        2.5872745068890017
      ],
      "recovery_gt_0_50_count": 5,
      "recovery_gt_0_50_fraction": 0.20833333333333334,
      "trace_count": 24
    }
  },
  "primary_result": {
    "bootstrap_ci95": {
      "ci95_high": 0.06954064195470389,
      "ci95_low": 0.0
    },
    "mean_recovery": -0.7721917703472639,
    "median_recovery": 0.0,
    "no_recoverable_static_gap_count": 9,
    "no_recoverable_static_gap_fraction": 0.375,
    "per_trace_recovery": [
      0.0,
      -1.3502598739408542,
      -4.739255919676664,
      -6.203756061884162,
      -7.761407520986191,
      0.0,
      0.6861390569112341,
      0.0,
      0.07538565697346278,
      0.41615114030580824,
      0.0,
      -2.024101523532238,
      0.0,
      0.5676325114594223,
      0.0,
      0.0,
      0.41630214175221814,
      0.0,
      -1.583865861956434,
      0.063695626935945,
      1.0042080480970992,
      -0.6511475367851605,
      0.0,
      2.5516776279921793
    ],
    "recovery_gt_0_50_count": 4,
    "recovery_gt_0_50_fraction": 0.16666666666666666,
    "trace_count": 24
  },
  "reasons": [
    "median recovery 0.00000000 < 0.20"
  ],
  "run_dir": "/workspace/LatentWire/experimental/outlier_migrate/phase4/results/om_phase4_20260511T054000Z",
  "thresholds": {
    "control_stop_outperforms_union_by_gt": 0.1,
    "kill_ci95_high_lt": 0.3,
    "kill_median_recovery_lt": 0.2,
    "max_no_recoverable_static_gap_fraction": 0.25,
    "pass_ci95_low_gt": 0.3,
    "pass_median_recovery_min": 0.5
  }
}
