{
  "controls": {
    "magnitude_average": {
      "bootstrap_ci95": {
        "ci95_high": 0.04790382998102477,
        "ci95_low": 0.0
      },
      "mean_recovery": -0.12352267423352499,
      "median_recovery": 0.0,
      "per_trace_recovery": [
        0.0,
        -2.3783284431703446,
        -0.18124772753578244,
        -0.9421836661653002,
        -0.05811720766832673,
        0.0,
        0.6815622566496287,
        0.0,
        0.06648320532869112,
        1.1872445671755685,
        0.0,
        -0.5746053642379148,
        0.0,
        0.7114760958657412,
        0.0,
        0.0,
        1.0400630092320804,
        0.0,
        -4.931801126777847,
        0.02932445463335842,
        1.0795746006966045,
        -0.21723735171848735,
        0.0,
        1.5232485160877305
      ],
      "recovery_gt_0_50_count": 6,
      "recovery_gt_0_50_fraction": 0.25,
      "trace_count": 24
    },
    "static_2pct": {
      "bootstrap_ci95": {
        "ci95_high": 0.5094477435032524,
        "ci95_low": 0.0
      },
      "mean_recovery": -0.24514524639252536,
      "median_recovery": 0.0,
      "per_trace_recovery": [
        0.0,
        1.062468789374982,
        0.856739143377999,
        3.0893999925547555,
        -6.393984575251436,
        0.0,
        0.7652522299048616,
        0.0,
        0.08616534878494253,
        1.1101969651409056,
        0.0,
        0.5496448869055057,
        0.0,
        -0.06680999234007157,
        0.0,
        0.0,
        0.5094477435032524,
        0.0,
        -5.037507594259258,
        0.07529195237634734,
        0.5735616780427697,
        -0.5830125130458856,
        0.0,
        -2.480339968490278
      ],
      "recovery_gt_0_50_count": 8,
      "recovery_gt_0_50_fraction": 0.3333333333333333,
      "trace_count": 24
    }
  },
  "created_at_utc": "2026-05-12T05:20:32Z",
  "schema_version": "om_phase4_v1_control_metrics",
  "union_outperforms_both_controls": false,
  "union_primary": {
    "bootstrap_ci95": {
      "ci95_high": 0.06954064195470389,
      "ci95_low": 0.0
    },
    "mean_recovery": -0.7721917703472639,
    "median_recovery": 0.0,
    "no_recoverable_static_gap_count": 9,
    "no_recoverable_static_gap_fraction": 0.375,
    "per_trace_recovery": [
      0.0,
      -1.3502598739408542,
      -4.739255919676664,
      -6.203756061884162,
      -7.761407520986191,
      0.0,
      0.6861390569112341,
      0.0,
      0.07538565697346278,
      0.41615114030580824,
      0.0,
      -2.024101523532238,
      0.0,
      0.5676325114594223,
      0.0,
      0.0,
      0.41630214175221814,
      0.0,
      -1.583865861956434,
      0.063695626935945,
      1.0042080480970992,
      -0.6511475367851605,
      0.0,
      2.5516776279921793
    ],
    "recovery_gt_0_50_count": 4,
    "recovery_gt_0_50_fraction": 0.16666666666666666,
    "trace_count": 24
  }
}
