group,model,EM,F1,NLL/token,wall_clock_sec,compression,payload_bytes,samples,M,token_budget_mode,token_budget_k,dataset
text,llama,0.58,0.7994106570072514,12.72173482274305,19.187469244003296,7.65828125,32768,200,32,content_only,32,squad
text,qwen,0.68,0.8528460272957177,25.81069942126198,19.187469244003296,7.2403125,32768,200,32,content_only,32,squad
latent,llama,0.0,0.024617243867243864,7.23870018604391,16.800423860549927,7.65828125,32768,200,32,content_only,32,squad
latent,qwen,0.0,0.012846495008259714,7.365889173020761,16.800423860549927,7.2403125,32768,200,32,content_only,32,squad
token_budget,llama,0.005,0.04086507936507937,,14.154929637908936,7.65828125,32768,200,32,content_only,32,squad
token_budget,qwen,0.04,0.07479711954711955,,14.154929637908936,7.2403125,32768,200,32,content_only,32,squad
joint,both,0.0,0.012017740429505137,,,,32768,200,32,content_only,32,squad
