{
  "model": "Rosetta",
  "dataset": "ai2-arc",
  "answer_method": "generate",
  "overall_accuracy": 0.3787878787878788,
  "subjects": {
    "SPLIT_0_OF_1": 0.3787878787878788
  },
  "length_statistics": {
    "subjects": {
      "SPLIT_0_OF_1": {
        "avg_input_length": 142.0,
        "avg_gen_length": 10.732323232323232,
        "avg_length_ratio": 0.07729018613067157,
        "accuracy": 0.3787878787878788,
        "total_samples": 198
      }
    }
  }
}