group,model,EM,F1,NLL/token,wall_clock_sec,compression,payload_bytes,samples,M,token_budget_mode,token_budget_k,dataset
text,llama,0.005,0.056785177241059595,15.681324996504673,108.91459918022156,16.8253125,16384,200,16,content_only,32,squad
text,qwen,0.23,0.39575623885918004,13.044476828877889,108.91459918022156,14.418125,16384,200,16,content_only,32,squad
latent,llama,0.0,0.028276066039223943,7.579885916820793,65.47808766365051,16.8253125,16384,200,16,content_only,32,squad
latent,qwen,0.0,0.0,9.65742606176901,65.47808766365051,14.418125,16384,200,16,content_only,32,squad
token_budget,llama,0.0,0.03346892873208663,,51.26872706413269,16.8253125,16384,200,16,content_only,32,squad
token_budget,qwen,0.0,0.051748848373848376,,51.26872706413269,14.418125,16384,200,16,content_only,32,squad
joint,both,0.0,0.0,,,,16384,200,16,content_only,32,squad
