unit_id,root,path,file_count,row_count,partition_status,scan_statuses
experimental/cross_layer_error/results/cle_theoretical_20260508T191327Z,experimental,experimental/cross_layer_error/results/cle_theoretical_20260508T191327Z,16,16,no_named_partition_detected,"['large_json_file_level', 'large_jsonl_file_level']"
experimental/decode_microkernel/phase0/results/decode_microkernel_phase0_20260507T233130Z,experimental,experimental/decode_microkernel/phase0/results/decode_microkernel_phase0_20260507T233130Z,5,5,no_named_partition_detected,['large_json_file_level']
experimental/decode_microkernel/phase1/results/dmc_phase1_20260508T000525Z,experimental,experimental/decode_microkernel/phase1/results/dmc_phase1_20260508T000525Z,24,24,no_named_partition_detected,['large_json_file_level']
experimental/decode_microkernel/phase2/results/dmc_phase2_20260508T0045Z,experimental,experimental/decode_microkernel/phase2/results/dmc_phase2_20260508T0045Z,8,8,no_named_partition_detected,['large_json_file_level']
experimental/hbsm/phase2/results/hbsm_synthetic_b1,experimental,experimental/hbsm/phase2/results/hbsm_synthetic_b1,3,3,no_named_partition_detected,"['large_json_file_level', 'large_jsonl_file_level']"
experimental/horn/phase2/results/horn_synthetic_h1,experimental,experimental/horn/phase2/results/horn_synthetic_h1,3,3,no_named_partition_detected,"['large_json_file_level', 'large_jsonl_file_level']"
experimental/hybridkernel/phase2/results/hybridkernel_profiler_gate_20260507T212428Z,experimental,experimental/hybridkernel/phase2/results/hybridkernel_profiler_gate_20260507T212428Z,12,12,prior_eval_rows_present_no_clean_confirm,['large_json_file_level']
experimental/outlier_migrate/phase0/results/om_phase0_20260508T011824Z,experimental,experimental/outlier_migrate/phase0/results/om_phase0_20260508T011824Z,13,13,no_named_partition_detected,"['large_json_file_level', 'large_jsonl_file_level']"
experimental/outlier_migrate/phase2/results/om_phase2_nemotron3_20260508T231723Z,experimental,experimental/outlier_migrate/phase2/results/om_phase2_nemotron3_20260508T231723Z,15,15,prior_eval_rows_present_no_clean_confirm,"['large_json_file_level', 'large_jsonl_file_level']"
experimental/outlier_migrate/phase3/results/layer_stratified_migration.json,experimental,experimental/outlier_migrate/phase3/results/layer_stratified_migration.json,1,1,no_named_partition_detected,['large_json_file_level']
experimental/outlier_migrate/phase3/results/om_phase3_20260509T212000Z,experimental,experimental/outlier_migrate/phase3/results/om_phase3_20260509T212000Z,24,24,no_named_partition_detected,"['large_csv_file_level', 'large_json_file_level', 'large_jsonl_file_level']"
experimental/outlier_migrate/phase4/results/om_phase4_20260511T054000Z,experimental,experimental/outlier_migrate/phase4/results/om_phase4_20260511T054000Z,23,23,no_named_partition_detected,"['large_json_file_level', 'large_jsonl_file_level']"
experimental/outlier_migrate/phase5_double_prime/results/om_phase5dp_qwen36_20260512T070500Z,experimental,experimental/outlier_migrate/phase5_double_prime/results/om_phase5dp_qwen36_20260512T070500Z,10,10,no_named_partition_detected,"['large_json_file_level', 'large_jsonl_file_level']"
experimental/outlier_migrate/phase5_prime/results/om_phase5p_20260512T053800Z,experimental,experimental/outlier_migrate/phase5_prime/results/om_phase5p_20260512T053800Z,14,14,no_named_partition_detected,"['large_json_file_level', 'large_jsonl_file_level']"
experimental/outlier_migrate/phase7/results/om_phase7_falcon_h1_20260512T223600Z,experimental,experimental/outlier_migrate/phase7/results/om_phase7_falcon_h1_20260512T223600Z,15,15,no_named_partition_detected,"['large_json_file_level', 'large_jsonl_file_level']"
experimental/outlier_migrate/phase9/results/om_driftrot_deepseek_clip_tight_20260528T2318Z,experimental,experimental/outlier_migrate/phase9/results/om_driftrot_deepseek_clip_tight_20260528T2318Z,25,25,no_named_partition_detected,"['large_json_file_level', 'large_jsonl_file_level']"
experimental/outlier_migrate/phase9/results/om_driftrot_falcon_clip_tight_20260528T2343Z,experimental,experimental/outlier_migrate/phase9/results/om_driftrot_falcon_clip_tight_20260528T2343Z,25,25,no_named_partition_detected,"['large_json_file_level', 'large_jsonl_file_level']"
experimental/outlier_migrate/phase9/results/om_driftrot_granite_clip_loose_confirmation_20260528T1735Z,experimental,experimental/outlier_migrate/phase9/results/om_driftrot_granite_clip_loose_confirmation_20260528T1735Z,17,17,no_named_partition_detected,"['large_json_file_level', 'large_jsonl_file_level']"
experimental/outlier_migrate/phase9/results/om_driftrot_granite_clip_tight_confirmation_20260528T1735Z,experimental,experimental/outlier_migrate/phase9/results/om_driftrot_granite_clip_tight_confirmation_20260528T1735Z,17,17,no_named_partition_detected,"['large_json_file_level', 'large_jsonl_file_level']"
experimental/outlier_migrate/phase9/results/om_driftrot_granite_clip_tight_finalpos8_20260528T2251Z,experimental,experimental/outlier_migrate/phase9/results/om_driftrot_granite_clip_tight_finalpos8_20260528T2251Z,17,17,no_named_partition_detected,"['large_json_file_level', 'large_jsonl_file_level']"
experimental/outlier_migrate/phase9/results/om_driftrot_granite_clip_tight_holdout_20260528T2144Z,experimental,experimental/outlier_migrate/phase9/results/om_driftrot_granite_clip_tight_holdout_20260528T2144Z,17,17,named_dev_gate_no_confirm,"['large_json_file_level', 'large_jsonl_file_level']"
experimental/outlier_migrate/phase9/results/om_driftrot_residual_granite_tail4_diag_20260528T2052Z,experimental,experimental/outlier_migrate/phase9/results/om_driftrot_residual_granite_tail4_diag_20260528T2052Z,18,18,no_named_partition_detected,"['large_json_file_level', 'large_jsonl_file_level']"
experimental/outlier_migrate/phase9/results/om_driftrot_residual_granite_tail4_diag_fixed_20260528T2116Z,experimental,experimental/outlier_migrate/phase9/results/om_driftrot_residual_granite_tail4_diag_fixed_20260528T2116Z,18,18,no_named_partition_detected,"['large_json_file_level', 'large_jsonl_file_level']"
experimental/outlier_migrate/phase9/results/om_paroquant_granite_small_20260520T1555Z,experimental,experimental/outlier_migrate/phase9/results/om_paroquant_granite_small_20260520T1555Z,25,25,no_named_partition_detected,"['large_json_file_level', 'large_jsonl_file_level']"
experimental/outlier_migrate/phase9/results/om_phase9_decdec_granite_small_vac12_20260517T141500Z,experimental,experimental/outlier_migrate/phase9/results/om_phase9_decdec_granite_small_vac12_20260517T141500Z,28,28,no_named_partition_detected,"['large_json_file_level', 'large_jsonl_file_level']"
experimental/outlier_migrate/phase9/results/om_phase9_kl_granite_small_dense_20260519T085400Z,experimental,experimental/outlier_migrate/phase9/results/om_phase9_kl_granite_small_dense_20260519T085400Z,23,23,no_named_partition_detected,"['large_json_file_level', 'large_jsonl_file_level']"
experimental/outlier_migrate/phase9/results/om_phase9_m10_granite_small_vac12_20260515T085800Z,experimental,experimental/outlier_migrate/phase9/results/om_phase9_m10_granite_small_vac12_20260515T085800Z,28,28,no_named_partition_detected,"['large_json_file_level', 'large_jsonl_file_level']"
experimental/outlier_migrate/phase9/results/om_phase9_m11_granite_small_vac12_20260516T010728Z,experimental,experimental/outlier_migrate/phase9/results/om_phase9_m11_granite_small_vac12_20260516T010728Z,27,27,no_named_partition_detected,"['large_json_file_level', 'large_jsonl_file_level']"
experimental/outlier_migrate/phase9/results/om_phase9_m11b_granite_small_vac12_reuse_20260518T030300Z,experimental,experimental/outlier_migrate/phase9/results/om_phase9_m11b_granite_small_vac12_reuse_20260518T030300Z,28,28,no_named_partition_detected,"['large_json_file_level', 'large_jsonl_file_level']"
experimental/outlier_migrate/phase9/results/om_phase9_m18_granite_small_vac12_20260516T193500Z,experimental,experimental/outlier_migrate/phase9/results/om_phase9_m18_granite_small_vac12_20260516T193500Z,29,29,no_named_partition_detected,"['large_json_file_level', 'large_jsonl_file_level']"
experimental/outlier_migrate/phase9/results/om_phase9_m26_granite_small_vac12_20260518T203000Z,experimental,experimental/outlier_migrate/phase9/results/om_phase9_m26_granite_small_vac12_20260518T203000Z,26,26,no_named_partition_detected,"['large_json_file_level', 'large_jsonl_file_level']"
experimental/outlier_migrate/phase9/results/om_phase9_m2_granite_small_20260513T042800Z,experimental,experimental/outlier_migrate/phase9/results/om_phase9_m2_granite_small_20260513T042800Z,17,17,no_named_partition_detected,"['large_json_file_level', 'large_jsonl_file_level']"
experimental/outlier_migrate/phase9/results/om_phase9_m2_granite_small_vac12_finalized_20260514T233800Z,experimental,experimental/outlier_migrate/phase9/results/om_phase9_m2_granite_small_vac12_finalized_20260514T233800Z,27,27,no_named_partition_detected,"['large_json_file_level', 'large_jsonl_file_level']"
experimental/outlier_migrate/phase9/results/om_phase9_mpred_deepseek_extension_20260528T005045Z,experimental,experimental/outlier_migrate/phase9/results/om_phase9_mpred_deepseek_extension_20260528T005045Z,27,27,no_named_partition_detected,"['large_json_file_level', 'large_jsonl_file_level']"
experimental/outlier_migrate/phase9/results/om_phase9_mpred_falcon_extension_20260528T011658Z,experimental,experimental/outlier_migrate/phase9/results/om_phase9_mpred_falcon_extension_20260528T011658Z,27,27,no_named_partition_detected,"['large_json_file_level', 'large_jsonl_file_level']"
experimental/outlier_migrate/phase9/results/om_phase9_mpred_granite_reduced_20260527T201251Z,experimental,experimental/outlier_migrate/phase9/results/om_phase9_mpred_granite_reduced_20260527T201251Z,28,28,no_named_partition_detected,"['large_json_file_level', 'large_jsonl_file_level']"
experimental/outlier_migrate/phase9/results/om_phase9_msurface_granite_internals_20260529T030958Z,experimental,experimental/outlier_migrate/phase9/results/om_phase9_msurface_granite_internals_20260529T030958Z,10,10,no_named_partition_detected,"['large_csv_file_level', 'large_json_file_level', 'large_jsonl_file_level']"
experimental/outlier_migrate/phase9/results/om_phase9_msurface_granite_sanity_20260529T0032Z,experimental,experimental/outlier_migrate/phase9/results/om_phase9_msurface_granite_sanity_20260529T0032Z,10,10,no_named_partition_detected,"['large_csv_file_level', 'large_json_file_level', 'large_jsonl_file_level']"
experimental/outlier_migrate/phase9/results/om_stage1_e15_bca_holm_20260527T093931Z,experimental,experimental/outlier_migrate/phase9/results/om_stage1_e15_bca_holm_20260527T093931Z,2,2,no_named_partition_detected,['large_json_file_level']
experimental/outlier_migrate/phase9/results/om_stage1_e1_deepseek_falcon_20260526T2335Z,experimental,experimental/outlier_migrate/phase9/results/om_stage1_e1_deepseek_falcon_20260526T2335Z,40,40,no_named_partition_detected,"['large_json_file_level', 'large_jsonl_file_level', 'npz_file_level']"
experimental/outlier_migrate/phase9/results/om_stage1_e2_mathonly_20260526T1202Z,experimental,experimental/outlier_migrate/phase9/results/om_stage1_e2_mathonly_20260526T1202Z,112,112,no_named_partition_detected,"['large_json_file_level', 'large_jsonl_file_level']"
experimental/outlier_migrate/phase9/results/om_stage1_e3_granite_20260526T034442Z,experimental,experimental/outlier_migrate/phase9/results/om_stage1_e3_granite_20260526T034442Z,26,26,no_named_partition_detected,"['large_json_file_level', 'large_jsonl_file_level']"
experimental/outlier_migrate/phase9/results/om_stage1_e4_granite_probe_20260527T093400Z,experimental,experimental/outlier_migrate/phase9/results/om_stage1_e4_granite_probe_20260527T093400Z,7,7,no_named_partition_detected,['large_json_file_level']
experimental/outlier_migrate/phase9/results/om_stage1_e5_qwen3_skipinfra_20260527T093749Z,experimental,experimental/outlier_migrate/phase9/results/om_stage1_e5_qwen3_skipinfra_20260527T093749Z,13,13,no_named_partition_detected,"['large_json_file_level', 'large_jsonl_file_level']"
experimental/outlier_migrate/phase9/results/om_v1_paroquant_deepseek_20260528T162858Z,experimental,experimental/outlier_migrate/phase9/results/om_v1_paroquant_deepseek_20260528T162858Z,29,29,no_named_partition_detected,"['large_json_file_level', 'large_jsonl_file_level']"
experimental/outlier_migrate/phase9/results/om_v1_paroquant_falcon_20260528T154653Z,experimental,experimental/outlier_migrate/phase9/results/om_v1_paroquant_falcon_20260528T154653Z,30,30,no_named_partition_detected,"['large_json_file_level', 'large_jsonl_file_level']"
experimental/residual_migration/phase0/results/rm_phase0_20260508T161556Z,experimental,experimental/residual_migration/phase0/results/rm_phase0_20260508T161556Z,13,13,no_named_partition_detected,"['large_json_file_level', 'large_jsonl_file_level']"
experimental/residual_migration/phase1/results/rm_phase1_20260508T204839Z,experimental,experimental/residual_migration/phase1/results/rm_phase1_20260508T204839Z,15,15,no_named_partition_detected,"['large_json_file_level', 'large_jsonl_file_level']"
experimental/shared/results/hbsm_local_sensitivity_20260507,experimental,experimental/shared/results/hbsm_local_sensitivity_20260507,9,9,prior_eval_rows_present_no_clean_confirm,"['large_json_file_level', 'large_jsonl_file_level']"
experimental/shared/results/hbsm_prompt2_sensitivity_20260507,experimental,experimental/shared/results/hbsm_prompt2_sensitivity_20260507,9,9,prior_eval_rows_present_no_clean_confirm,"['large_json_file_level', 'large_jsonl_file_level']"
experimental/shared/results/horn_h2_noise_replay_scout_20260507,experimental,experimental/shared/results/horn_h2_noise_replay_scout_20260507,6,6,no_named_partition_detected,"['large_json_file_level', 'large_jsonl_file_level']"
experimental/shared/results/hybrid_architecture_maps_20260506,experimental,experimental/shared/results/hybrid_architecture_maps_20260506,8,8,no_named_partition_detected,"['large_json_file_level', 'large_jsonl_file_level']"
experimental/shared/results/hybrid_capture_manifests_20260507,experimental,experimental/shared/results/hybrid_capture_manifests_20260507,20,20,no_named_partition_detected,['large_json_file_level']
experimental/shared/results/hybrid_capture_manifests_s1b_holdout_20260507,experimental,experimental/shared/results/hybrid_capture_manifests_s1b_holdout_20260507,20,20,prior_eval_rows_present_no_clean_confirm,['large_json_file_level']
experimental/shared/results/hybrid_local_capture_preflight_20260507,experimental,experimental/shared/results/hybrid_local_capture_preflight_20260507,6,6,no_named_partition_detected,"['large_json_file_level', 'large_jsonl_file_level']"
experimental/shared/results/hybrid_manifest_local_capture_20260507,experimental,experimental/shared/results/hybrid_manifest_local_capture_20260507,26,26,prior_eval_rows_present_no_clean_confirm,"['large_json_file_level', 'large_jsonl_file_level']"
experimental/shared/results/hybrid_model_eligibility_20260506,experimental,experimental/shared/results/hybrid_model_eligibility_20260506,6,6,no_named_partition_detected,"['large_json_file_level', 'large_jsonl_file_level']"
experimental/shared/results/hybrid_trace_plan_20260507,experimental,experimental/shared/results/hybrid_trace_plan_20260507,10,10,no_named_partition_detected,"['large_json_file_level', 'large_jsonl_file_level']"
experimental/shared/results/hybrid_trace_plan_s1b_holdout_20260507,experimental,experimental/shared/results/hybrid_trace_plan_s1b_holdout_20260507,10,10,prior_eval_rows_present_no_clean_confirm,"['large_json_file_level', 'large_jsonl_file_level']"
experimental/shared/results/hybrid_transformers_smoke_probe_20260507,experimental,experimental/shared/results/hybrid_transformers_smoke_probe_20260507,4,4,no_named_partition_detected,['large_json_file_level']
experimental/shared/results/ssq_lr_all_layer_scout_20260507,experimental,experimental/shared/results/ssq_lr_all_layer_scout_20260507,4,4,no_named_partition_detected,"['large_json_file_level', 'large_jsonl_file_level']"
experimental/shared/results/ssq_lr_local_bucket_capture_20260507,experimental,experimental/shared/results/ssq_lr_local_bucket_capture_20260507,9,9,prior_eval_rows_present_no_clean_confirm,"['large_json_file_level', 'large_jsonl_file_level']"
experimental/shared/results/ssq_lr_local_multilayer_capture_20260507,experimental,experimental/shared/results/ssq_lr_local_multilayer_capture_20260507,11,11,prior_eval_rows_present_no_clean_confirm,"['large_json_file_level', 'large_jsonl_file_level']"
experimental/shared/results/ssq_lr_prompt_repeat_scout_20260507,experimental,experimental/shared/results/ssq_lr_prompt_repeat_scout_20260507,4,4,no_named_partition_detected,"['large_json_file_level', 'large_jsonl_file_level']"
experimental/shared/results/ssq_lr_prompt_repeat_tensor_capture_20260507,experimental,experimental/shared/results/ssq_lr_prompt_repeat_tensor_capture_20260507,12,12,prior_eval_rows_present_no_clean_confirm,"['large_json_file_level', 'large_jsonl_file_level']"
experimental/shared/results/ssq_lr_s1b_holdout_metrics_scout_20260507,experimental,experimental/shared/results/ssq_lr_s1b_holdout_metrics_scout_20260507,4,4,prior_eval_rows_present_no_clean_confirm,"['large_json_file_level', 'large_jsonl_file_level']"
experimental/shared/results/ssq_lr_s1b_holdout_tensor_capture_20260507,experimental,experimental/shared/results/ssq_lr_s1b_holdout_tensor_capture_20260507,12,12,prior_eval_rows_present_no_clean_confirm,"['large_json_file_level', 'large_jsonl_file_level']"
experimental/shared/results/ssq_lr_s2_layer0_block256_20260507,experimental,experimental/shared/results/ssq_lr_s2_layer0_block256_20260507,3,3,no_named_partition_detected,"['large_json_file_level', 'large_jsonl_file_level']"
experimental/shared/results/ssq_lr_s2_mixed_block256_12p_20260507,experimental,experimental/shared/results/ssq_lr_s2_mixed_block256_12p_20260507,3,3,no_named_partition_detected,"['large_json_file_level', 'large_jsonl_file_level']"
experimental/shared/results/ssq_lr_s2_state_replay_scout_20260507,experimental,experimental/shared/results/ssq_lr_s2_state_replay_scout_20260507,6,6,no_named_partition_detected,"['large_json_file_level', 'large_jsonl_file_level']"
experimental/shared/results/ssq_lr_s2_state_replay_scout_block256_20260507,experimental,experimental/shared/results/ssq_lr_s2_state_replay_scout_block256_20260507,6,6,no_named_partition_detected,"['large_json_file_level', 'large_jsonl_file_level']"
experimental/shared/results/ssq_lr_s2_state_replay_scout_debug_20260507,experimental,experimental/shared/results/ssq_lr_s2_state_replay_scout_debug_20260507,3,3,no_named_partition_detected,"['large_json_file_level', 'large_jsonl_file_level']"
experimental/shared/results/ssq_lr_s2_state_replay_scout_int3_block256_12p_20260507,experimental,experimental/shared/results/ssq_lr_s2_state_replay_scout_int3_block256_12p_20260507,6,6,no_named_partition_detected,"['large_json_file_level', 'large_jsonl_file_level']"
experimental/shared/results/ssq_lr_s2_state_replay_scout_int3_block256_20260507,experimental,experimental/shared/results/ssq_lr_s2_state_replay_scout_int3_block256_20260507,6,6,no_named_partition_detected,"['large_json_file_level', 'large_jsonl_file_level']"
experimental/shared/results/ssq_lr_s2_state_replay_scout_int3_block64_12p_20260507,experimental,experimental/shared/results/ssq_lr_s2_state_replay_scout_int3_block64_12p_20260507,6,6,no_named_partition_detected,"['large_json_file_level', 'large_jsonl_file_level']"
experimental/shared/results/ssq_lr_s2_state_replay_scout_mixed_block256_12p_20260507,experimental,experimental/shared/results/ssq_lr_s2_state_replay_scout_mixed_block256_12p_20260507,6,6,no_named_partition_detected,"['large_json_file_level', 'large_jsonl_file_level']"
experimental/shared/results/ssq_lr_s2_state_replay_scout_mixed_block256_12p_ctx24_20260507,experimental,experimental/shared/results/ssq_lr_s2_state_replay_scout_mixed_block256_12p_ctx24_20260507,6,6,no_named_partition_detected,"['large_json_file_level', 'large_jsonl_file_level']"
experimental/shared/results/ssq_lr_s2_state_replay_scout_mixed_block256_12p_ctx24_layer0_20260507,experimental,experimental/shared/results/ssq_lr_s2_state_replay_scout_mixed_block256_12p_ctx24_layer0_20260507,6,6,no_named_partition_detected,"['large_json_file_level', 'large_jsonl_file_level']"
experimental/shared/results/ssq_lr_s2_state_replay_scout_mixed_block256_12p_ctx24_layer12_20260507,experimental,experimental/shared/results/ssq_lr_s2_state_replay_scout_mixed_block256_12p_ctx24_layer12_20260507,6,6,no_named_partition_detected,"['large_json_file_level', 'large_jsonl_file_level']"
experimental/shared/results/ssq_lr_s2_state_replay_scout_mixed_block256_12p_ctx24_layer30_20260507,experimental,experimental/shared/results/ssq_lr_s2_state_replay_scout_mixed_block256_12p_ctx24_layer30_20260507,6,6,no_named_partition_detected,"['large_json_file_level', 'large_jsonl_file_level']"
experimental/shared/results/ssq_lr_s2_state_replay_scout_mixed_block256_12p_ctx24_layers0_30_20260507,experimental,experimental/shared/results/ssq_lr_s2_state_replay_scout_mixed_block256_12p_ctx24_layers0_30_20260507,6,6,no_named_partition_detected,"['large_json_file_level', 'large_jsonl_file_level']"
experimental/shared/results/ssq_lr_s3_local_transfer_prefilter_int3_granite_tiny_350m_layer0_12p_20260507,experimental,experimental/shared/results/ssq_lr_s3_local_transfer_prefilter_int3_granite_tiny_350m_layer0_12p_20260507,10,10,no_named_partition_detected,"['large_json_file_level', 'large_jsonl_file_level']"
experimental/shared/results/ssq_lr_s3_local_transfer_prefilter_mixed25_granite_tiny_350m_layer0_12p_20260507,experimental,experimental/shared/results/ssq_lr_s3_local_transfer_prefilter_mixed25_granite_tiny_350m_layer0_12p_20260507,10,10,no_named_partition_detected,"['large_json_file_level', 'large_jsonl_file_level']"
experimental/shared/results/ssq_lr_s3_local_transfer_prefilter_mixed25_granite_tiny_350m_layers0_30_20260507,experimental,experimental/shared/results/ssq_lr_s3_local_transfer_prefilter_mixed25_granite_tiny_350m_layers0_30_20260507,5,5,no_named_partition_detected,"['large_json_file_level', 'large_jsonl_file_level']"
experimental/shared/results/ssq_lr_s3_prefilter_granite_tiny_layers0_30_20260507,experimental,experimental/shared/results/ssq_lr_s3_prefilter_granite_tiny_layers0_30_20260507,6,6,no_named_partition_detected,"['large_json_file_level', 'large_jsonl_file_level']"
experimental/shared/results/ssq_lr_s3_source_granite_tiny_12p_layer0_ctx32_20260507,experimental,experimental/shared/results/ssq_lr_s3_source_granite_tiny_12p_layer0_ctx32_20260507,6,6,no_named_partition_detected,"['large_json_file_level', 'large_jsonl_file_level']"
experimental/shared/results/ssq_lr_s3_transfer_granite_350m_12p_layer0_20260507,experimental,experimental/shared/results/ssq_lr_s3_transfer_granite_350m_12p_layer0_20260507,6,6,no_named_partition_detected,"['large_json_file_level', 'large_jsonl_file_level']"
experimental/shared/results/ssq_lr_s3_transfer_granite_350m_12p_layer30_20260507,experimental,experimental/shared/results/ssq_lr_s3_transfer_granite_350m_12p_layer30_20260507,6,6,no_named_partition_detected,"['large_json_file_level', 'large_jsonl_file_level']"
experimental/shared/results/ssq_lr_s3_transfer_granite_350m_12p_layers0_30_20260507,experimental,experimental/shared/results/ssq_lr_s3_transfer_granite_350m_12p_layers0_30_20260507,6,6,no_named_partition_detected,"['large_json_file_level', 'large_jsonl_file_level']"
experimental/shared/results/ssq_lr_s3_transfer_prefilter_layers0_30_20260507,experimental,experimental/shared/results/ssq_lr_s3_transfer_prefilter_layers0_30_20260507,5,5,no_named_partition_detected,"['large_json_file_level', 'large_jsonl_file_level']"
experimental/shared/results/ssq_lr_s3_transfer_prefilter_mixed25_layers0_30_20260507,experimental,experimental/shared/results/ssq_lr_s3_transfer_prefilter_mixed25_layers0_30_20260507,10,10,no_named_partition_detected,"['large_json_file_level', 'large_jsonl_file_level']"
experimental/shared/results/ssq_lr_s3_transfer_smoke_granite_350m_layers0_30_20260507,experimental,experimental/shared/results/ssq_lr_s3_transfer_smoke_granite_350m_layers0_30_20260507,3,3,no_named_partition_detected,"['large_json_file_level', 'large_jsonl_file_level']"
experimental/sinkkv/phase2/results/sinkkv_deterministic_probe,experimental,experimental/sinkkv/phase2/results/sinkkv_deterministic_probe,3,3,no_named_partition_detected,"['large_json_file_level', 'large_jsonl_file_level']"
experimental/ssm_lifecycle/phase0/results/ssml_phase0_20260508T165752Z,experimental,experimental/ssm_lifecycle/phase0/results/ssml_phase0_20260508T165752Z,47,47,no_named_partition_detected,"['large_json_file_level', 'large_jsonl_file_level', 'npz_file_level']"
experimental/ssm_shape_codec/phase0/results/ssc_phase0_20260508T173705Z,experimental,experimental/ssm_shape_codec/phase0/results/ssc_phase0_20260508T173705Z,47,47,no_named_partition_detected,"['large_json_file_level', 'large_jsonl_file_level', 'npz_file_level']"
experimental/ssq_lr/phase2/results/ssq_lr_synthetic_s1,experimental,experimental/ssq_lr/phase2/results/ssq_lr_synthetic_s1,3,3,no_named_partition_detected,"['large_json_file_level', 'large_jsonl_file_level']"
experimental/thoughtflow_fp8/phase2/results/thoughtflow_paper_polish_20260508T0050Z,experimental,experimental/thoughtflow_fp8/phase2/results/thoughtflow_paper_polish_20260508T0050Z,3,3,no_named_partition_detected,['large_json_file_level']
results/anchor_relative_sparse_packet_gate_20260429_smoke,results,results/anchor_relative_sparse_packet_gate_20260429_smoke,14,14,named_dev_gate_no_confirm,"['large_json_file_level', 'large_jsonl_file_level']"
results/answer_null_predicate_syndrome_20260427,results,results/answer_null_predicate_syndrome_20260427,2,2,prior_eval_rows_present_no_clean_confirm,['large_json_file_level']
results/arc_controls_20260415,results,results/arc_controls_20260415,1,1,no_named_partition_detected,['large_json_file_level']
results/arc_controls_fast_20260415_phase1,results,results/arc_controls_fast_20260415_phase1,9,9,no_named_partition_detected,"['large_csv_file_level', 'large_json_file_level', 'large_jsonl_file_level']"
results/arc_controls_fast_20260415_phase1b,results,results/arc_controls_fast_20260415_phase1b,9,9,prior_eval_rows_present_no_clean_confirm,"['large_csv_file_level', 'large_json_file_level', 'large_jsonl_file_level']"
results/arc_controls_fast_20260415_phase2,results,results/arc_controls_fast_20260415_phase2,3,3,prior_eval_rows_present_no_clean_confirm,['large_jsonl_file_level']
results/arc_controls_fast_20260415_phase3,results,results/arc_controls_fast_20260415_phase3,7,7,no_named_partition_detected,"['large_csv_file_level', 'large_json_file_level', 'large_jsonl_file_level']"
results/arc_heldout_gate_20260415,results,results/arc_heldout_gate_20260415,2,2,prior_eval_rows_present_no_clean_confirm,['large_jsonl_file_level']
results/arc_k_only_fixed_20260417,results,results/arc_k_only_fixed_20260417,8,8,no_named_partition_detected,"['large_json_file_level', 'large_jsonl_file_level']"
results/asym_kv_qwen_20260421,results,results/asym_kv_qwen_20260421,42,42,prior_eval_rows_present_no_clean_confirm,"['large_json_file_level', 'large_jsonl_file_level']"
results/asym_kv_real_20260421,results,results/asym_kv_real_20260421,2,2,no_named_partition_detected,"['large_json_file_level', 'large_jsonl_file_level']"
results/attention_fidelity_20260418,results,results/attention_fidelity_20260418,2,2,no_named_partition_detected,"['large_json_file_level', 'large_jsonl_file_level']"
results/attention_fidelity_gate_20260419,results,results/attention_fidelity_gate_20260419,2,2,prior_eval_rows_present_no_clean_confirm,"['large_json_file_level', 'large_jsonl_file_level']"
results/attention_match_20260418,results,results/attention_match_20260418,2,2,no_named_partition_detected,"['large_json_file_level', 'large_jsonl_file_level']"
results/attention_procrustes_20260418,results,results/attention_procrustes_20260418,2,2,no_named_partition_detected,"['large_json_file_level', 'large_jsonl_file_level']"
results/attention_stratified_selector_20260420,results,results/attention_stratified_selector_20260420,4,4,no_named_partition_detected,"['large_json_file_level', 'large_jsonl_file_level']"
results/attention_template_transport_20260418,results,results/attention_template_transport_20260418,2,2,no_named_partition_detected,"['large_json_file_level', 'large_jsonl_file_level']"
results/bridge_qkcab_20260419,results,results/bridge_qkcab_20260419,4,4,no_named_partition_detected,"['large_json_file_level', 'large_jsonl_file_level']"
results/bridge_qkcabbank_20260419,results,results/bridge_qkcabbank_20260419,2,2,no_named_partition_detected,"['large_json_file_level', 'large_jsonl_file_level']"
results/bridge_qkemkd_20260420,results,results/bridge_qkemkd_20260420,4,4,no_named_partition_detected,"['large_json_file_level', 'large_jsonl_file_level']"
results/bridge_ridge_qk_asym_adapter_20260420,results,results/bridge_ridge_qk_asym_adapter_20260420,4,4,no_named_partition_detected,"['large_json_file_level', 'large_jsonl_file_level']"
results/bridge_ridge_qk_asym_dynmap_adapter_20260420,results,results/bridge_ridge_qk_asym_dynmap_adapter_20260420,4,4,no_named_partition_detected,"['large_json_file_level', 'large_jsonl_file_level']"
results/bridge_ridge_qk_asym_predkl_adapter_20260420,results,results/bridge_ridge_qk_asym_predkl_adapter_20260420,4,4,no_named_partition_detected,"['large_json_file_level', 'large_jsonl_file_level']"
results/bridge_ridge_qk_asym_projector_20260420,results,results/bridge_ridge_qk_asym_projector_20260420,2,2,no_named_partition_detected,"['large_json_file_level', 'large_jsonl_file_level']"
results/bridge_ridge_qk_bytespan_module_replace_20260420_diag,results,results/bridge_ridge_qk_bytespan_module_replace_20260420_diag,4,4,no_named_partition_detected,"['large_json_file_level', 'large_jsonl_file_level']"
results/bridge_ridge_qk_ctxalign_module_replace_20260420,results,results/bridge_ridge_qk_ctxalign_module_replace_20260420,2,2,no_named_partition_detected,"['large_json_file_level', 'large_jsonl_file_level']"
results/bridge_ridge_qk_dpalign_module_replace_20260420_diag,results,results/bridge_ridge_qk_dpalign_module_replace_20260420_diag,2,2,no_named_partition_detected,"['large_json_file_level', 'large_jsonl_file_level']"
results/bridge_ridge_qk_dynalign_ctxonly_module_replace_20260420_diag,results,results/bridge_ridge_qk_dynalign_ctxonly_module_replace_20260420_diag,4,4,no_named_partition_detected,"['large_json_file_level', 'large_jsonl_file_level']"
results/bridge_ridge_qk_dynalign_dwainteract_module_replace_20260420_diag,results,results/bridge_ridge_qk_dynalign_dwainteract_module_replace_20260420_diag,4,4,no_named_partition_detected,"['large_json_file_level', 'large_jsonl_file_level']"
results/bridge_ridge_qk_dynalign_dwakd_module_replace_20260420_diag,results,results/bridge_ridge_qk_dynalign_dwakd_module_replace_20260420_diag,4,4,no_named_partition_detected,"['large_json_file_level', 'large_jsonl_file_level']"
results/bridge_ridge_qk_dynalign_interact_module_replace_20260420_diag,results,results/bridge_ridge_qk_dynalign_interact_module_replace_20260420_diag,4,4,no_named_partition_detected,"['large_json_file_level', 'large_jsonl_file_level']"
results/bridge_ridge_qk_dynalign_likelihood_module_replace_20260420_diag,results,results/bridge_ridge_qk_dynalign_likelihood_module_replace_20260420_diag,4,4,no_named_partition_detected,"['large_json_file_level', 'large_jsonl_file_level']"
results/bridge_ridge_qk_dynalign_module_replace_20260420,results,results/bridge_ridge_qk_dynalign_module_replace_20260420,4,4,no_named_partition_detected,"['large_json_file_level', 'large_jsonl_file_level']"
results/bridge_ridge_qk_dynalign_prefdist_module_replace_20260420_diag,results,results/bridge_ridge_qk_dynalign_prefdist_module_replace_20260420_diag,4,4,no_named_partition_detected,"['large_json_file_level', 'large_jsonl_file_level']"
results/bridge_ridge_qk_dynalign_spanalm_module_replace_20260420_diag,results,results/bridge_ridge_qk_dynalign_spanalm_module_replace_20260420_diag,4,4,no_named_partition_detected,"['large_json_file_level', 'large_jsonl_file_level']"
results/bridge_ridge_qk_generated_adapter_20260420,results,results/bridge_ridge_qk_generated_adapter_20260420,2,2,no_named_partition_detected,"['large_json_file_level', 'large_jsonl_file_level']"
results/bridge_ridge_qk_module_adapter_20260420,results,results/bridge_ridge_qk_module_adapter_20260420,4,4,no_named_partition_detected,"['large_json_file_level', 'large_jsonl_file_level']"
results/bridge_ridge_qk_module_replace_20260420,results,results/bridge_ridge_qk_module_replace_20260420,4,4,no_named_partition_detected,"['large_json_file_level', 'large_jsonl_file_level']"
results/bridge_ridge_qk_readout_adapter_20260420,results,results/bridge_ridge_qk_readout_adapter_20260420,4,4,no_named_partition_detected,"['large_json_file_level', 'large_jsonl_file_level']"
results/bridge_ridge_qk_sae_adapter_20260420,results,results/bridge_ridge_qk_sae_adapter_20260420,2,2,no_named_partition_detected,"['large_json_file_level', 'large_jsonl_file_level']"
results/bridge_ridge_qk_spanalign_module_replace_20260420,results,results/bridge_ridge_qk_spanalign_module_replace_20260420,4,4,no_named_partition_detected,"['large_json_file_level', 'large_jsonl_file_level']"
results/bridge_ridge_qk_tokenbasis_replace_20260420,results,results/bridge_ridge_qk_tokenbasis_replace_20260420,4,4,no_named_partition_detected,"['large_json_file_level', 'large_jsonl_file_level']"
results/bridge_ridge_qk_xattn_adapter_20260420,results,results/bridge_ridge_qk_xattn_adapter_20260420,4,4,no_named_partition_detected,"['large_json_file_level', 'large_jsonl_file_level']"
results/bridge_ridge_qk_xattn_dynmap_adapter_20260420,results,results/bridge_ridge_qk_xattn_dynmap_adapter_20260420,4,4,no_named_partition_detected,"['large_json_file_level', 'large_jsonl_file_level']"
results/broadcast_peak_template_ot_transport_20260419,results,results/broadcast_peak_template_ot_transport_20260419,2,2,no_named_partition_detected,"['large_json_file_level', 'large_jsonl_file_level']"
results/broadcast_qk_template_ot_transport_20260419,results,results/broadcast_qk_template_ot_transport_20260419,2,2,no_named_partition_detected,"['large_json_file_level', 'large_jsonl_file_level']"
results/broadcast_retrieval_spectrum_ot_transport_20260419,results,results/broadcast_retrieval_spectrum_ot_transport_20260419,4,4,no_named_partition_detected,"['large_json_file_level', 'large_jsonl_file_level']"
results/broadcast_template_ot_transport_20260419,results,results/broadcast_template_ot_transport_20260419,2,2,no_named_partition_detected,"['large_json_file_level', 'large_jsonl_file_level']"
results/broadcast_template_transport_20260419,results,results/broadcast_template_transport_20260419,2,2,no_named_partition_detected,"['large_json_file_level', 'large_jsonl_file_level']"
results/byte_alignment_audit_20260420,results,results/byte_alignment_audit_20260420,1,1,no_named_partition_detected,['large_jsonl_file_level']
results/c2c_bootstrap_20260418,results,results/c2c_bootstrap_20260418,1,1,no_named_partition_detected,['large_json_file_level']
results/c2c_gsm100_20260418,results,results/c2c_gsm100_20260418,2,2,no_named_partition_detected,"['large_json_file_level', 'large_jsonl_file_level']"
results/c2c_gsm70_20260418,results,results/c2c_gsm70_20260418,3,3,no_named_partition_detected,"['large_json_file_level', 'large_jsonl_file_level']"
results/c2c_smoke_20260418,results,results/c2c_smoke_20260418,2,2,no_named_partition_detected,"['large_json_file_level', 'large_jsonl_file_level']"
results/c2c_svamp70_20260418,results,results/c2c_svamp70_20260418,3,3,no_named_partition_detected,"['large_json_file_level', 'large_jsonl_file_level']"
results/candidate_syndrome_decoder_20260427,results,results/candidate_syndrome_decoder_20260427,1,1,no_named_partition_detected,['large_json_file_level']
results/competitor_bootstrap_20260421,results,results/competitor_bootstrap_20260421,14,14,no_named_partition_detected,"['large_json_file_level', 'large_jsonl_file_level']"
results/competitor_gap_20260421,results,results/competitor_gap_20260421,1,1,no_named_partition_detected,['large_json_file_level']
results/competitor_next_runnable_20260421,results,results/competitor_next_runnable_20260421,28,28,no_named_partition_detected,"['large_json_file_level', 'large_jsonl_file_level']"
results/condition_likelihood_receiver_live_feasibility_20260427,results,results/condition_likelihood_receiver_live_feasibility_20260427,1,1,no_named_partition_detected,['large_json_file_level']
results/control_suite_20260414_125853,results,results/control_suite_20260414_125853,3,3,no_named_partition_detected,"['large_csv_file_level', 'large_json_file_level', 'large_jsonl_file_level']"
results/cosine_g010_controls_20260417,results,results/cosine_g010_controls_20260417,8,8,no_named_partition_detected,"['large_json_file_level', 'large_jsonl_file_level']"
results/cross_family_interface_proxy_20260426,results,results/cross_family_interface_proxy_20260426,7,7,no_named_partition_detected,"['large_json_file_level', 'large_jsonl_file_level']"
results/deepseek_per_head_budget_20260418,results,results/deepseek_per_head_budget_20260418,2,2,no_named_partition_detected,"['large_json_file_level', 'large_jsonl_file_level']"
results/deepseek_runtime_head_selection_20260418,results,results/deepseek_runtime_head_selection_20260418,2,2,no_named_partition_detected,"['large_json_file_level', 'large_jsonl_file_level']"
results/deepseek_selector_controls_20260417,results,results/deepseek_selector_controls_20260417,10,10,no_named_partition_detected,"['large_json_file_level', 'large_jsonl_file_level']"
results/dense_baseline_mcqa_smoke_20260505,results,results/dense_baseline_mcqa_smoke_20260505,69,69,prior_eval_rows_present_no_clean_confirm,"['large_json_file_level', 'large_jsonl_file_level']"
results/durable_source_surface_ranking_20260427,results,results/durable_source_surface_ranking_20260427,1,1,no_named_partition_detected,['large_json_file_level']
results/expected_attention_20260419,results,results/expected_attention_20260419,8,8,no_named_partition_detected,"['large_json_file_level', 'large_jsonl_file_level']"
results/fresh_cpu_svamp8_answernull_20260427,results,results/fresh_cpu_svamp8_answernull_20260427,31,31,no_named_partition_detected,"['large_json_file_level', 'large_jsonl_file_level']"
results/fresh_cpu_svamp8b_answernull_20260427,results,results/fresh_cpu_svamp8b_answernull_20260427,31,31,no_named_partition_detected,"['large_json_file_level', 'large_jsonl_file_level']"
results/frozen_candidate_score_sidecar_20260427,results,results/frozen_candidate_score_sidecar_20260427,3,3,named_dev_gate_no_confirm,"['large_json_file_level', 'large_jsonl_file_level']"
results/grouped_canonical_transport_20260419,results,results/grouped_canonical_transport_20260419,2,2,no_named_partition_detected,"['large_json_file_level', 'large_jsonl_file_level']"
results/grouped_cca_expected_attention_20260418,results,results/grouped_cca_expected_attention_20260418,8,8,no_named_partition_detected,"['large_json_file_level', 'large_jsonl_file_level']"
results/grouped_contrastive_template_resid4_20260419,results,results/grouped_contrastive_template_resid4_20260419,2,2,no_named_partition_detected,"['large_json_file_level', 'large_jsonl_file_level']"
results/grouped_covariance_resid4_20260419,results,results/grouped_covariance_resid4_20260419,2,2,no_named_partition_detected,"['large_json_file_level', 'large_jsonl_file_level']"
results/grouped_fitted_rotation_transport_20260420,results,results/grouped_fitted_rotation_transport_20260420,4,4,no_named_partition_detected,"['large_json_file_level', 'large_jsonl_file_level']"
results/grouped_head_20260416,results,results/grouped_head_20260416,3,3,prior_eval_rows_present_no_clean_confirm,['large_jsonl_file_level']
results/grouped_permutation_20260419,results,results/grouped_permutation_20260419,2,2,no_named_partition_detected,"['large_json_file_level', 'large_jsonl_file_level']"
results/grouped_qk_retrieval_resid4_20260419,results,results/grouped_qk_retrieval_resid4_20260419,2,2,no_named_partition_detected,"['large_json_file_level', 'large_jsonl_file_level']"
results/grouped_rotational_transport_20260420,results,results/grouped_rotational_transport_20260420,4,4,no_named_partition_detected,"['large_json_file_level', 'large_jsonl_file_level']"
results/grouped_shared_basis_transport_20260420,results,results/grouped_shared_basis_transport_20260420,4,4,no_named_partition_detected,"['large_json_file_level', 'large_jsonl_file_level']"
results/grouped_signature_resid8_20260419,results,results/grouped_signature_resid8_20260419,2,2,no_named_partition_detected,"['large_json_file_level', 'large_jsonl_file_level']"
results/grouped_signature_transport_20260419,results,results/grouped_signature_transport_20260419,2,2,no_named_partition_detected,"['large_json_file_level', 'large_jsonl_file_level']"
results/grouped_subspace_bridgeaffine_20260419,results,results/grouped_subspace_bridgeaffine_20260419,4,4,no_named_partition_detected,"['large_json_file_level', 'large_jsonl_file_level']"
results/grouped_subspace_bridgelowrankbank_20260419,results,results/grouped_subspace_bridgelowrankbank_20260419,2,2,no_named_partition_detected,"['large_json_file_level', 'large_jsonl_file_level']"
results/grouped_subspace_bridgepredkl_20260420,results,results/grouped_subspace_bridgepredkl_20260420,4,4,no_named_partition_detected,"['large_json_file_level', 'large_jsonl_file_level']"
results/grouped_subspace_bridgepredklbank_20260420,results,results/grouped_subspace_bridgepredklbank_20260420,2,2,no_named_partition_detected,"['large_json_file_level', 'large_jsonl_file_level']"
results/grouped_subspace_bridgeqkadapter_20260419,results,results/grouped_subspace_bridgeqkadapter_20260419,4,4,no_named_partition_detected,"['large_json_file_level', 'large_jsonl_file_level']"
results/grouped_subspace_bridgeqkaffinity_20260419,results,results/grouped_subspace_bridgeqkaffinity_20260419,4,4,no_named_partition_detected,"['large_json_file_level', 'large_jsonl_file_level']"
results/grouped_subspace_bridgeqkattnkl_20260419,results,results/grouped_subspace_bridgeqkattnkl_20260419,2,2,no_named_partition_detected,"['large_json_file_level', 'large_jsonl_file_level']"
results/grouped_subspace_bridgeqkprojector_20260419,results,results/grouped_subspace_bridgeqkprojector_20260419,2,2,no_named_partition_detected,"['large_json_file_level', 'large_jsonl_file_level']"
results/grouped_subspace_bridgeqkresbank_20260419,results,results/grouped_subspace_bridgeqkresbank_20260419,2,2,no_named_partition_detected,"['large_json_file_level', 'large_jsonl_file_level']"
results/grouped_subspace_bridgeqkweighted_20260419,results,results/grouped_subspace_bridgeqkweighted_20260419,4,4,no_named_partition_detected,"['large_json_file_level', 'large_jsonl_file_level']"
results/grouped_subspace_bridgeridge_20260419,results,results/grouped_subspace_bridgeridge_20260419,8,8,no_named_partition_detected,"['large_json_file_level', 'large_jsonl_file_level']"
results/grouped_subspace_bridgeridgequery_20260419,results,results/grouped_subspace_bridgeridgequery_20260419,4,4,no_named_partition_detected,"['large_json_file_level', 'large_jsonl_file_level']"
results/grouped_subspace_bridgeridgeresbank_20260419,results,results/grouped_subspace_bridgeridgeresbank_20260419,2,2,no_named_partition_detected,"['large_json_file_level', 'large_jsonl_file_level']"
results/grouped_subspace_lowrankcorr_20260419,results,results/grouped_subspace_lowrankcorr_20260419,4,4,no_named_partition_detected,"['large_json_file_level', 'large_jsonl_file_level']"
results/grouped_subspace_lowrankcorr_headridge_20260419,results,results/grouped_subspace_lowrankcorr_headridge_20260419,2,2,no_named_partition_detected,"['large_json_file_level', 'large_jsonl_file_level']"
results/grouped_subspace_lowrankcorr_stack_20260419,results,results/grouped_subspace_lowrankcorr_stack_20260419,6,6,no_named_partition_detected,"['large_json_file_level', 'large_jsonl_file_level']"
results/grouped_subspace_resid4_20260419,results,results/grouped_subspace_resid4_20260419,2,2,no_named_partition_detected,"['large_json_file_level', 'large_jsonl_file_level']"
results/grouped_subspace_transport_20260419,results,results/grouped_subspace_transport_20260419,2,2,no_named_partition_detected,"['large_json_file_level', 'large_jsonl_file_level']"
results/grouped_template_resid4_20260419,results,results/grouped_template_resid4_20260419,2,2,no_named_partition_detected,"['large_json_file_level', 'large_jsonl_file_level']"
results/grouped_template_subspace_resid4_20260419,results,results/grouped_template_subspace_resid4_20260419,2,2,no_named_partition_detected,"['large_json_file_level', 'large_jsonl_file_level']"
results/grouped_transport_20260419,results,results/grouped_transport_20260419,2,2,no_named_partition_detected,"['large_json_file_level', 'large_jsonl_file_level']"
results/gsm8k32_query_innovation_answer_likelihood_cpu_smoke_20260426,results,results/gsm8k32_query_innovation_answer_likelihood_cpu_smoke_20260426,10,10,no_named_partition_detected,"['large_json_file_level', 'large_jsonl_file_level']"
results/gsm8k70_accept_fallback_replay_20260423,results,results/gsm8k70_accept_fallback_replay_20260423,1,1,no_named_partition_detected,['large_json_file_level']
results/gsm8k70_communication_headroom_20260423,results,results/gsm8k70_communication_headroom_20260423,2,2,no_named_partition_detected,['large_json_file_level']
results/gsm8k70_seed4_dynalign_source_controls_20260426,results,results/gsm8k70_seed4_dynalign_source_controls_20260426,4,4,no_named_partition_detected,"['large_json_file_level', 'large_jsonl_file_level']"
results/gsm8k70_seed_repeat_full_20260422,results,results/gsm8k70_seed_repeat_full_20260422,18,18,no_named_partition_detected,"['large_json_file_level', 'large_jsonl_file_level']"
results/gsm8k70_source_controls_20260423,results,results/gsm8k70_source_controls_20260423,6,6,no_named_partition_detected,"['large_json_file_level', 'large_jsonl_file_level']"
results/gsm8k_adaptive_fusion_20260416,results,results/gsm8k_adaptive_fusion_20260416,5,5,prior_eval_rows_present_no_clean_confirm,['large_jsonl_file_level']
results/gsm8k_attention_disagreement_20260417,results,results/gsm8k_attention_disagreement_20260417,2,2,no_named_partition_detected,"['large_json_file_level', 'large_jsonl_file_level']"
results/gsm8k_attention_margin_20260418,results,results/gsm8k_attention_margin_20260418,10,10,no_named_partition_detected,"['large_json_file_level', 'large_jsonl_file_level']"
results/gsm8k_contract_campaign_slice128_seed0_20260422,results,results/gsm8k_contract_campaign_slice128_seed0_20260422,14,14,no_named_partition_detected,"['large_json_file_level', 'large_jsonl_file_level']"
results/gsm8k_contract_campaign_slice70_seeds12_20260422,results,results/gsm8k_contract_campaign_slice70_seeds12_20260422,6,6,no_named_partition_detected,"['large_json_file_level', 'large_jsonl_file_level']"
results/gsm8k_contract_checkpoint_sweep_20260421,results,results/gsm8k_contract_checkpoint_sweep_20260421,9,9,no_named_partition_detected,"['large_json_file_level', 'large_jsonl_file_level']"
results/gsm8k_contract_checkpoint_sweep_expanded_20260421,results,results/gsm8k_contract_checkpoint_sweep_expanded_20260421,11,11,no_named_partition_detected,"['large_json_file_level', 'large_jsonl_file_level']"
results/gsm8k_contract_gauge_wrapper_adaptive_canonical_20260421,results,results/gsm8k_contract_gauge_wrapper_adaptive_canonical_20260421,3,3,no_named_partition_detected,"['large_json_file_level', 'large_jsonl_file_level']"
results/gsm8k_contract_gauge_wrapper_fitted_rotation_20260421,results,results/gsm8k_contract_gauge_wrapper_fitted_rotation_20260421,3,3,no_named_partition_detected,"['large_json_file_level', 'large_jsonl_file_level']"
results/gsm8k_contract_gauge_wrapper_shared_basis_20260421,results,results/gsm8k_contract_gauge_wrapper_shared_basis_20260421,3,3,no_named_partition_detected,"['large_json_file_level', 'large_jsonl_file_level']"
results/gsm8k_contract_residual_baseline_20260421,results,results/gsm8k_contract_residual_baseline_20260421,5,5,no_named_partition_detected,"['large_json_file_level', 'large_jsonl_file_level']"
results/gsm8k_contract_residual_eigenspace_20260421,results,results/gsm8k_contract_residual_eigenspace_20260421,3,3,no_named_partition_detected,"['large_json_file_level', 'large_jsonl_file_level']"
results/gsm8k_contract_residual_preserve_20260421,results,results/gsm8k_contract_residual_preserve_20260421,3,3,no_named_partition_detected,"['large_json_file_level', 'large_jsonl_file_level']"
results/gsm8k_contract_residual_rank16_20260421,results,results/gsm8k_contract_residual_rank16_20260421,2,2,no_named_partition_detected,"['large_json_file_level', 'large_jsonl_file_level']"
results/gsm8k_contract_residual_rank16_dynalign_20260421,results,results/gsm8k_contract_residual_rank16_dynalign_20260421,7,7,no_named_partition_detected,"['large_json_file_level', 'large_jsonl_file_level']"
results/gsm8k_contract_residual_rank16_tokenbasis_20260421,results,results/gsm8k_contract_residual_rank16_tokenbasis_20260421,3,3,no_named_partition_detected,"['large_json_file_level', 'large_jsonl_file_level']"
results/gsm8k_contract_residual_routed_20260421,results,results/gsm8k_contract_residual_routed_20260421,3,3,no_named_partition_detected,"['large_json_file_level', 'large_jsonl_file_level']"
results/gsm8k_contract_residual_saliency_20260421,results,results/gsm8k_contract_residual_saliency_20260421,3,3,no_named_partition_detected,"['large_json_file_level', 'large_jsonl_file_level']"
results/gsm8k_contract_residual_saliency_preserve_20260421,results,results/gsm8k_contract_residual_saliency_preserve_20260421,3,3,no_named_partition_detected,"['large_json_file_level', 'large_jsonl_file_level']"
results/gsm8k_contract_residual_seed1_health_20260422,results,results/gsm8k_contract_residual_seed1_health_20260422,1,1,no_named_partition_detected,['large_json_file_level']
results/gsm8k_contract_residual_value_bank_20260422,results,results/gsm8k_contract_residual_value_bank_20260422,3,3,no_named_partition_detected,"['large_json_file_level', 'large_jsonl_file_level']"
results/gsm8k_contract_residual_value_query_bank_20260422,results,results/gsm8k_contract_residual_value_query_bank_20260422,3,3,no_named_partition_detected,"['large_json_file_level', 'large_jsonl_file_level']"
results/gsm8k_contract_residual_value_routed_20260422,results,results/gsm8k_contract_residual_value_routed_20260422,3,3,no_named_partition_detected,"['large_json_file_level', 'large_jsonl_file_level']"
results/gsm8k_contract_residual_value_routed_bank_20260422,results,results/gsm8k_contract_residual_value_routed_bank_20260422,3,3,no_named_partition_detected,"['large_json_file_level', 'large_jsonl_file_level']"
results/gsm8k_contract_residual_value_verifier_sidecar_20260422,results,results/gsm8k_contract_residual_value_verifier_sidecar_20260422,3,3,no_named_partition_detected,"['large_json_file_level', 'large_jsonl_file_level']"
results/gsm8k_cosine_g010_reasoning_modes_20260417,results,results/gsm8k_cosine_g010_reasoning_modes_20260417,2,2,no_named_partition_detected,['large_jsonl_file_level']
results/gsm8k_fixed_prior_cycle_20260417,results,results/gsm8k_fixed_prior_cycle_20260417,8,8,no_named_partition_detected,['large_jsonl_file_level']
results/gsm8k_grouped_cca_20260418,results,results/gsm8k_grouped_cca_20260418,8,8,no_named_partition_detected,"['large_json_file_level', 'large_jsonl_file_level']"
results/gsm8k_head_prior_20260418,results,results/gsm8k_head_prior_20260418,4,4,no_named_partition_detected,"['large_json_file_level', 'large_jsonl_file_level']"
results/gsm8k_headprior_budget_sweep_20260418,results,results/gsm8k_headprior_budget_sweep_20260418,20,20,no_named_partition_detected,"['large_json_file_level', 'large_jsonl_file_level']"
results/gsm8k_headprior_shrinkage_20260418,results,results/gsm8k_headprior_shrinkage_20260418,8,8,no_named_partition_detected,"['large_json_file_level', 'large_jsonl_file_level']"
results/gsm8k_heldout_20260416,results,results/gsm8k_heldout_20260416,12,12,prior_eval_rows_present_no_clean_confirm,['large_jsonl_file_level']
results/gsm8k_k_only_cosine_gate_micro_20260417,results,results/gsm8k_k_only_cosine_gate_micro_20260417,5,5,prior_eval_rows_present_no_clean_confirm,"['large_json_file_level', 'large_jsonl_file_level']"
results/gsm8k_k_only_cosine_position_sparse_20260417,results,results/gsm8k_k_only_cosine_position_sparse_20260417,1,1,no_named_partition_detected,['large_jsonl_file_level']
results/gsm8k_k_only_cosine_position_sparse_fp32_20260417,results,results/gsm8k_k_only_cosine_position_sparse_fp32_20260417,3,3,no_named_partition_detected,['large_jsonl_file_level']
results/gsm8k_k_only_fixed_20260417,results,results/gsm8k_k_only_fixed_20260417,9,9,no_named_partition_detected,"['large_json_file_level', 'large_jsonl_file_level']"
results/gsm8k_k_only_followup_20260416,results,results/gsm8k_k_only_followup_20260416,8,8,no_named_partition_detected,"['large_json_file_level', 'large_jsonl_file_level']"
results/gsm8k_k_only_fusion_rules_20260417,results,results/gsm8k_k_only_fusion_rules_20260417,7,7,no_named_partition_detected,"['large_json_file_level', 'large_jsonl_file_level']"
results/gsm8k_k_only_gate_bracket_20260417,results,results/gsm8k_k_only_gate_bracket_20260417,3,3,prior_eval_rows_present_no_clean_confirm,"['large_json_file_level', 'large_jsonl_file_level']"
results/gsm8k_kv_transport_20260416,results,results/gsm8k_kv_transport_20260416,10,10,no_named_partition_detected,"['large_json_file_level', 'large_jsonl_file_level']"
results/gsm8k_live_seed_repeat_20260418,results,results/gsm8k_live_seed_repeat_20260418,6,6,no_named_partition_detected,"['large_json_file_level', 'large_jsonl_file_level']"
results/gsm8k_method_upgrade_20260416,results,results/gsm8k_method_upgrade_20260416,4,4,prior_eval_rows_present_no_clean_confirm,['large_jsonl_file_level']
results/gsm8k_per_head_budget_20260418,results,results/gsm8k_per_head_budget_20260418,10,10,no_named_partition_detected,"['large_json_file_level', 'large_jsonl_file_level']"
results/gsm8k_query_attention_20260417,results,results/gsm8k_query_attention_20260417,10,10,no_named_partition_detected,['large_jsonl_file_level']
results/gsm8k_repro_controls_20260417,results,results/gsm8k_repro_controls_20260417,1,1,no_named_partition_detected,['large_jsonl_file_level']
results/gsm8k_repro_venv_arm64_20260417,results,results/gsm8k_repro_venv_arm64_20260417,9,9,no_named_partition_detected,['large_jsonl_file_level']
results/gsm8k_runtime_head_selection_20260418,results,results/gsm8k_runtime_head_selection_20260418,4,4,no_named_partition_detected,"['large_json_file_level', 'large_jsonl_file_level']"
results/gsm8k_seed_repeat_20260418,results,results/gsm8k_seed_repeat_20260418,4,4,no_named_partition_detected,"['large_json_file_level', 'large_jsonl_file_level']"
results/gsm8k_smoke_contract_20260421,results,results/gsm8k_smoke_contract_20260421,7,7,no_named_partition_detected,"['large_json_file_level', 'large_jsonl_file_level']"
results/gsm_source_residual_prompt_control_clean2_20260427,results,results/gsm_source_residual_prompt_control_clean2_20260427,13,13,no_named_partition_detected,"['large_json_file_level', 'large_jsonl_file_level']"
results/head_expected_attention_20260418,results,results/head_expected_attention_20260418,2,2,no_named_partition_detected,"['large_json_file_level', 'large_jsonl_file_level']"
results/head_prior_transfer_20260418,results,results/head_prior_transfer_20260418,8,8,no_named_partition_detected,"['large_json_file_level', 'large_jsonl_file_level']"
results/headwise_route_atom_20260421,results,results/headwise_route_atom_20260421,10,10,no_named_partition_detected,"['large_json_file_level', 'large_jsonl_file_level']"
results/iclr_colm_v2_live_branch_triage_20260504,results,results/iclr_colm_v2_live_branch_triage_20260504,3,3,no_named_partition_detected,"['large_csv_file_level', 'large_json_file_level']"
results/kvcomm_gsm70_20260419,results,results/kvcomm_gsm70_20260419,2,2,no_named_partition_detected,"['large_json_file_level', 'large_jsonl_file_level']"
results/kvpress_expected_20260420,results,results/kvpress_expected_20260420,8,8,no_named_partition_detected,"['large_json_file_level', 'large_jsonl_file_level']"
results/latentmas_competitor_20260421,results,results/latentmas_competitor_20260421,6,6,no_named_partition_detected,"['large_json_file_level', 'large_jsonl_file_level']"
results/latentwire_colm_v2_iclr_evidence_table_20260504,results,results/latentwire_colm_v2_iclr_evidence_table_20260504,2,2,no_named_partition_detected,"['large_csv_file_level', 'large_json_file_level']"
results/latentwire_colm_v2_review_packet_20260504,results,results/latentwire_colm_v2_review_packet_20260504,12,12,no_named_partition_detected,"['large_csv_file_level', 'large_json_file_level']"
results/latentwire_colm_v3_review_packet_20260505,results,results/latentwire_colm_v3_review_packet_20260505,16,16,prior_eval_rows_present_no_clean_confirm,"['large_csv_file_level', 'large_json_file_level']"
results/latentwire_phi3_failure_diagnostic_20260505,results,results/latentwire_phi3_failure_diagnostic_20260505,2,2,no_named_partition_detected,"['large_csv_file_level', 'large_json_file_level']"
results/layer_knockout_20260420,results,results/layer_knockout_20260420,4,4,no_named_partition_detected,"['large_json_file_level', 'large_jsonl_file_level']"
results/learned_affine_20260419,results,results/learned_affine_20260419,2,2,no_named_partition_detected,"['large_json_file_level', 'large_jsonl_file_level']"
results/learned_head_ridge_20260419,results,results/learned_head_ridge_20260419,2,2,no_named_partition_detected,"['large_json_file_level', 'large_jsonl_file_level']"
results/live_validation_20260414_1,results,results/live_validation_20260414_1,6,6,prior_eval_rows_present_no_clean_confirm,"['large_csv_file_level', 'large_json_file_level', 'large_jsonl_file_level']"
results/live_validation_20260414_1_resume,results,results/live_validation_20260414_1_resume,3,3,prior_eval_rows_present_no_clean_confirm,"['large_csv_file_level', 'large_json_file_level', 'large_jsonl_file_level']"
results/live_validation_20260414_1_resume_dryrun,results,results/live_validation_20260414_1_resume_dryrun,1,1,prior_eval_rows_present_no_clean_confirm,['large_json_file_level']
results/masked_process_verifier_sidecars_20260427,results,results/masked_process_verifier_sidecars_20260427,5,5,prior_eval_rows_present_no_clean_confirm,"['large_json_file_level', 'large_jsonl_file_level']"
results/mps_micro_qwen25_7b_qwen3_svamp8_surface_20260427,results,results/mps_micro_qwen25_7b_qwen3_svamp8_surface_20260427,10,10,no_named_partition_detected,"['large_json_file_level', 'large_jsonl_file_level']"
results/mps_micro_qwen25math15_qwen3_svamp8_answermasked_20260427,results,results/mps_micro_qwen25math15_qwen3_svamp8_answermasked_20260427,10,10,no_named_partition_detected,"['large_json_file_level', 'large_jsonl_file_level']"
results/mps_qwen25_7b_disagreement12_answer_likelihood_cpu_20260427,results,results/mps_qwen25_7b_disagreement12_answer_likelihood_cpu_20260427,33,33,prior_eval_rows_present_no_clean_confirm,"['large_json_file_level', 'large_jsonl_file_level']"
results/mps_qwen25_7b_disagreement12_discovery_20260427,results,results/mps_qwen25_7b_disagreement12_discovery_20260427,12,12,no_named_partition_detected,"['large_json_file_level', 'large_jsonl_file_level']"
results/mps_qwen25_7b_historical_clean6_discovery_20260427,results,results/mps_qwen25_7b_historical_clean6_discovery_20260427,12,12,no_named_partition_detected,"['large_json_file_level', 'large_jsonl_file_level']"
results/no_source_candidate_surface_20260427,results,results/no_source_candidate_surface_20260427,6,6,no_named_partition_detected,"['large_json_file_level', 'large_jsonl_file_level']"
results/noharm_source_predicate_pruning_20260427,results,results/noharm_source_predicate_pruning_20260427,5,5,prior_eval_rows_present_no_clean_confirm,"['large_json_file_level', 'large_jsonl_file_level']"
results/overnight_control_suite,results,results/overnight_control_suite,1,1,no_named_partition_detected,['large_json_file_level']
results/overnight_rotalign_20260413,results,results/overnight_rotalign_20260413,3,3,no_named_partition_detected,"['large_csv_file_level', 'large_jsonl_file_level']"
results/process_repair_holdout_20260421,results,results/process_repair_holdout_20260421,26,26,prior_eval_rows_present_no_clean_confirm,"['large_json_file_level', 'large_jsonl_file_level']"
results/process_repair_holdout_smoke_20260421,results,results/process_repair_holdout_smoke_20260421,10,10,prior_eval_rows_present_no_clean_confirm,"['large_json_file_level', 'large_jsonl_file_level']"
results/process_repair_source_controls_20260426,results,results/process_repair_source_controls_20260426,21,21,prior_eval_rows_present_no_clean_confirm,"['large_json_file_level', 'large_jsonl_file_level']"
results/prompt_control_20260419,results,results/prompt_control_20260419,5,5,no_named_partition_detected,"['large_json_file_level', 'large_jsonl_file_level']"
results/qk_bank_transport_20260419,results,results/qk_bank_transport_20260419,2,2,no_named_partition_detected,"['large_json_file_level', 'large_jsonl_file_level']"
results/qk_fidelity_budget_20260419,results,results/qk_fidelity_budget_20260419,4,4,no_named_partition_detected,"['large_json_file_level', 'large_jsonl_file_level']"
results/qk_fidelity_gate_20260419,results,results/qk_fidelity_gate_20260419,2,2,prior_eval_rows_present_no_clean_confirm,"['large_json_file_level', 'large_jsonl_file_level']"
results/qk_template_transport_20260419,results,results/qk_template_transport_20260419,2,2,no_named_partition_detected,"['large_json_file_level', 'large_jsonl_file_level']"
results/qk_tokenwise_gate_20260419,results,results/qk_tokenwise_gate_20260419,2,2,prior_eval_rows_present_no_clean_confirm,"['large_json_file_level', 'large_jsonl_file_level']"
results/query_pool_toy_20260421,results,results/query_pool_toy_20260421,54,54,named_dev_gate_no_confirm,"['large_json_file_level', 'large_jsonl_file_level']"
results/query_pool_transport_20260420,results,results/query_pool_transport_20260420,4,4,no_named_partition_detected,"['large_json_file_level', 'large_jsonl_file_level']"
results/qwen25_7b_qwen3_svamp70_surface_scout_20260427,results,results/qwen25_7b_qwen3_svamp70_surface_scout_20260427,10,10,no_named_partition_detected,"['large_json_file_level', 'large_jsonl_file_level']"
results/qwen25_7b_svamp70_clean7_target_brief_s8_20260427,results,results/qwen25_7b_svamp70_clean7_target_brief_s8_20260427,5,5,no_named_partition_detected,"['large_json_file_level', 'large_jsonl_file_level']"
results/qwen25math7b_disagreement12_surface_scout_20260427,results,results/qwen25math7b_disagreement12_surface_scout_20260427,10,10,no_named_partition_detected,"['large_json_file_level', 'large_jsonl_file_level']"
results/qwen25math7b_qwen3_svamp70_surface_scout_20260427,results,results/qwen25math7b_qwen3_svamp70_surface_scout_20260427,10,10,no_named_partition_detected,"['large_json_file_level', 'large_jsonl_file_level']"
results/qwen25math7b_svamp70_target_sampling_clean3_20260427,results,results/qwen25math7b_svamp70_target_sampling_clean3_20260427,16,16,no_named_partition_detected,"['large_json_file_level', 'large_jsonl_file_level']"
results/qwen25math_qwen3_gsm70_source_surface_20260426,results,results/qwen25math_qwen3_gsm70_source_surface_20260426,9,9,no_named_partition_detected,"['large_json_file_level', 'large_jsonl_file_level']"
results/qwen25math_qwen3_svamp70_holdout_source_surface_20260426,results,results/qwen25math_qwen3_svamp70_holdout_source_surface_20260426,26,26,prior_eval_rows_present_no_clean_confirm,"['large_json_file_level', 'large_jsonl_file_level']"
results/qwen25math_qwen3_svamp70_source_surface_20260426,results,results/qwen25math_qwen3_svamp70_source_surface_20260426,35,35,no_named_partition_detected,"['large_json_file_level', 'large_jsonl_file_level']"
results/qwen25math_qwen3_svamp70_surface_scout_chal171_240_20260426,results,results/qwen25math_qwen3_svamp70_surface_scout_chal171_240_20260426,11,11,no_named_partition_detected,"['large_json_file_level', 'large_jsonl_file_level']"
results/qwen25math_qwen3_svamp70_surface_scout_chal241_310_20260426,results,results/qwen25math_qwen3_svamp70_surface_scout_chal241_310_20260426,17,17,no_named_partition_detected,"['large_json_file_level', 'large_jsonl_file_level']"
results/qwen25math_qwen3_svamp70_surface_scout_chal311_380_20260426,results,results/qwen25math_qwen3_svamp70_surface_scout_chal311_380_20260426,11,11,no_named_partition_detected,"['large_json_file_level', 'large_jsonl_file_level']"
results/qwen25math_svamp32_c2c_headroom_20260426,results,results/qwen25math_svamp32_c2c_headroom_20260426,4,4,no_named_partition_detected,['large_json_file_level']
results/qwen25math_svamp32_perceiver_answer_likelihood_clean6_cpu_20260426,results,results/qwen25math_svamp32_perceiver_answer_likelihood_clean6_cpu_20260426,12,12,no_named_partition_detected,"['large_json_file_level', 'large_jsonl_file_level']"
results/qwen25math_svamp32_perceiver_answer_likelihood_cpu_smoke_20260426,results,results/qwen25math_svamp32_perceiver_answer_likelihood_cpu_smoke_20260426,12,12,no_named_partition_detected,"['large_json_file_level', 'large_jsonl_file_level']"
results/qwen25math_svamp32_perceiver_c2c_residual_20260426,results,results/qwen25math_svamp32_perceiver_c2c_residual_20260426,3,3,prior_eval_rows_present_no_clean_confirm,['large_json_file_level']
results/qwen25math_svamp32_source_contrastive_sidecar_20260426,results,results/qwen25math_svamp32_source_contrastive_sidecar_20260426,3,3,no_named_partition_detected,['large_json_file_level']
results/qwen25math_svamp32_source_cross_attention_contrastive_20260426,results,results/qwen25math_svamp32_source_cross_attention_contrastive_20260426,1,1,no_named_partition_detected,['large_json_file_level']
results/qwen25math_svamp32_source_cross_attention_logprob_20260426,results,results/qwen25math_svamp32_source_cross_attention_logprob_20260426,2,2,no_named_partition_detected,['large_json_file_level']
results/qwen25math_svamp32_source_latent_probe_20260426,results,results/qwen25math_svamp32_source_latent_probe_20260426,3,3,no_named_partition_detected,['large_json_file_level']
results/qwen25math_svamp32_source_only_sidecar_20260426,results,results/qwen25math_svamp32_source_only_sidecar_20260426,2,2,no_named_partition_detected,['large_json_file_level']
results/qwen25math_svamp32_source_soft_prefix_logprob_20260426,results,results/qwen25math_svamp32_source_soft_prefix_logprob_20260426,2,2,no_named_partition_detected,['large_json_file_level']
results/qwen25math_svamp32_source_token_qbottleneck_20260426,results,results/qwen25math_svamp32_source_token_qbottleneck_20260426,1,1,no_named_partition_detected,['large_json_file_level']
results/qwen25math_svamp32_target_ce_generation_gate_20260426,results,results/qwen25math_svamp32_target_ce_generation_gate_20260426,2,2,prior_eval_rows_present_no_clean_confirm,"['large_json_file_level', 'large_jsonl_file_level']"
results/qwen25math_svamp32_target_query_source_bottleneck_20260426,results,results/qwen25math_svamp32_target_query_source_bottleneck_20260426,1,1,no_named_partition_detected,['large_json_file_level']
results/qwen25math_svamp32_token_layer_c2c_residual_20260426,results,results/qwen25math_svamp32_token_layer_c2c_residual_20260426,2,2,no_named_partition_detected,['large_json_file_level']
results/qwen25math_svamp32_token_span_dictionary_20260426,results,results/qwen25math_svamp32_token_span_dictionary_20260426,1,1,no_named_partition_detected,['large_json_file_level']
results/qwen25math_svamp70_source_cross_attention_logprob_20260426,results,results/qwen25math_svamp70_source_cross_attention_logprob_20260426,2,2,no_named_partition_detected,['large_json_file_level']
results/qwen25math_svamp70_source_generation_diagnostics_20260426,results,results/qwen25math_svamp70_source_generation_diagnostics_20260426,4,4,prior_eval_rows_present_no_clean_confirm,"['large_json_file_level', 'large_jsonl_file_level']"
results/qwen25math_svamp70_source_likelihood_sketch_20260427,results,results/qwen25math_svamp70_source_likelihood_sketch_20260427,21,21,prior_eval_rows_present_no_clean_confirm,"['large_json_file_level', 'large_jsonl_file_level']"
results/qwen25math_svamp70_source_trace_router_20260426,results,results/qwen25math_svamp70_source_trace_router_20260426,2,2,no_named_partition_detected,['large_json_file_level']
results/qwen3_condition_likelihood_receiver_20260427,results,results/qwen3_condition_likelihood_receiver_20260427,38,38,prior_eval_rows_present_no_clean_confirm,"['large_json_file_level', 'large_jsonl_file_level']"
results/qwen3_target_likelihood_receiver_20260427,results,results/qwen3_target_likelihood_receiver_20260427,1,1,no_named_partition_detected,['large_jsonl_file_level']
results/retrieval_head_routing_20260418,results,results/retrieval_head_routing_20260418,6,6,no_named_partition_detected,"['large_json_file_level', 'large_jsonl_file_level']"
results/ridgecorr_gsm70_20260419,results,results/ridgecorr_gsm70_20260419,2,2,no_named_partition_detected,"['large_json_file_level', 'large_jsonl_file_level']"
results/sinkhorn_gsm70_20260419,results,results/sinkhorn_gsm70_20260419,2,2,no_named_partition_detected,"['large_json_file_level', 'large_jsonl_file_level']"
results/source_contrastive_target_sets_20260426,results,results/source_contrastive_target_sets_20260426,1,1,no_named_partition_detected,['large_json_file_level']
results/source_headroom_surface_scan_20260426,results,results/source_headroom_surface_scan_20260426,4,4,no_named_partition_detected,['large_json_file_level']
results/source_headroom_surfaces_20260423,results,results/source_headroom_surfaces_20260423,2,2,no_named_partition_detected,['large_json_file_level']
results/source_only_sidecar_hash_controls_20260427,results,results/source_only_sidecar_hash_controls_20260427,4,4,prior_eval_rows_present_no_clean_confirm,"['large_json_file_level', 'large_jsonl_file_level']"
results/source_only_sidecar_holdout_replay_20260427,results,results/source_only_sidecar_holdout_replay_20260427,2,2,prior_eval_rows_present_no_clean_confirm,"['large_json_file_level', 'large_jsonl_file_level']"
results/source_private_anchor_relative_crosscoder_receiver_n256_20260430,results,results/source_private_anchor_relative_crosscoder_receiver_n256_20260430,9,9,named_dev_gate_no_confirm,"['large_json_file_level', 'large_jsonl_file_level']"
results/source_private_anti_lookup_label_blind_20260429,results,results/source_private_anti_lookup_label_blind_20260429,15,15,named_dev_gate_no_confirm,"['large_csv_file_level', 'large_json_file_level', 'large_jsonl_file_level']"
results/source_private_anti_lookup_label_blind_20260430,results,results/source_private_anti_lookup_label_blind_20260430,9,9,named_dev_gate_no_confirm,"['large_csv_file_level', 'large_json_file_level', 'large_jsonl_file_level']"
results/source_private_arc_candidate_alignment_receiver_preflight_20260502_arc_consistency_repair_hidden_public_innovation_int8_n8,results,results/source_private_arc_candidate_alignment_receiver_preflight_20260502_arc_consistency_repair_hidden_public_innovation_int8_n8,4,4,no_named_partition_detected,"['large_csv_file_level', 'large_json_file_level', 'large_jsonl_file_level']"
results/source_private_arc_candidate_alignment_receiver_preflight_20260502_arc_consistency_repair_hidden_public_innovation_none_n8,results,results/source_private_arc_candidate_alignment_receiver_preflight_20260502_arc_consistency_repair_hidden_public_innovation_none_n8,4,4,no_named_partition_detected,"['large_csv_file_level', 'large_json_file_level', 'large_jsonl_file_level']"
results/source_private_arc_candidate_alignment_receiver_preflight_20260502_arc_consistency_repair_hidden_public_innovation_sign16_n8,results,results/source_private_arc_candidate_alignment_receiver_preflight_20260502_arc_consistency_repair_hidden_public_innovation_sign16_n8,4,4,no_named_partition_detected,"['large_csv_file_level', 'large_json_file_level', 'large_jsonl_file_level']"
results/source_private_arc_candidate_alignment_receiver_preflight_20260502_arc_equivariant_set_delta_accept_hidden_public_innovation_int8_n16,results,results/source_private_arc_candidate_alignment_receiver_preflight_20260502_arc_equivariant_set_delta_accept_hidden_public_innovation_int8_n16,4,4,no_named_partition_detected,"['large_csv_file_level', 'large_json_file_level', 'large_jsonl_file_level']"
results/source_private_arc_candidate_alignment_receiver_preflight_20260502_arc_equivariant_set_delta_accept_hidden_public_innovation_none_n16,results,results/source_private_arc_candidate_alignment_receiver_preflight_20260502_arc_equivariant_set_delta_accept_hidden_public_innovation_none_n16,4,4,no_named_partition_detected,"['large_csv_file_level', 'large_json_file_level', 'large_jsonl_file_level']"
results/source_private_arc_candidate_alignment_receiver_preflight_20260502_arc_equivariant_set_delta_accept_hidden_public_innovation_sign16_n16,results,results/source_private_arc_candidate_alignment_receiver_preflight_20260502_arc_equivariant_set_delta_accept_hidden_public_innovation_sign16_n16,4,4,no_named_partition_detected,"['large_csv_file_level', 'large_json_file_level', 'large_jsonl_file_level']"
results/source_private_arc_candidate_alignment_receiver_preflight_20260502_arc_hidden_public_innovation_float16_n8,results,results/source_private_arc_candidate_alignment_receiver_preflight_20260502_arc_hidden_public_innovation_float16_n8,4,4,no_named_partition_detected,"['large_csv_file_level', 'large_json_file_level', 'large_jsonl_file_level']"
results/source_private_arc_candidate_alignment_receiver_preflight_20260502_arc_hidden_public_innovation_int8_pairwise16_n8,results,results/source_private_arc_candidate_alignment_receiver_preflight_20260502_arc_hidden_public_innovation_int8_pairwise16_n8,4,4,no_named_partition_detected,"['large_csv_file_level', 'large_json_file_level', 'large_jsonl_file_level']"
results/source_private_arc_candidate_alignment_receiver_preflight_20260502_arc_hidden_public_innovation_none_pairwise16_n8,results,results/source_private_arc_candidate_alignment_receiver_preflight_20260502_arc_hidden_public_innovation_none_pairwise16_n8,4,4,no_named_partition_detected,"['large_csv_file_level', 'large_json_file_level', 'large_jsonl_file_level']"
results/source_private_arc_candidate_alignment_receiver_preflight_20260502_arc_hidden_public_innovation_none_pointwise16_n16,results,results/source_private_arc_candidate_alignment_receiver_preflight_20260502_arc_hidden_public_innovation_none_pointwise16_n16,4,4,no_named_partition_detected,"['large_csv_file_level', 'large_json_file_level', 'large_jsonl_file_level']"
results/source_private_arc_candidate_alignment_receiver_preflight_20260502_arc_hidden_public_innovation_sign16_n8,results,results/source_private_arc_candidate_alignment_receiver_preflight_20260502_arc_hidden_public_innovation_sign16_n8,4,4,no_named_partition_detected,"['large_csv_file_level', 'large_json_file_level', 'large_jsonl_file_level']"
results/source_private_arc_candidate_alignment_receiver_preflight_20260502_arc_hidden_public_innovation_sign64_n8,results,results/source_private_arc_candidate_alignment_receiver_preflight_20260502_arc_hidden_public_innovation_sign64_n8,4,4,no_named_partition_detected,"['large_csv_file_level', 'large_json_file_level', 'large_jsonl_file_level']"
results/source_private_arc_candidate_alignment_receiver_preflight_20260502_arc_hidden_score_public_innovation_sign16_n8,results,results/source_private_arc_candidate_alignment_receiver_preflight_20260502_arc_hidden_score_public_innovation_sign16_n8,4,4,no_named_partition_detected,"['large_csv_file_level', 'large_json_file_level', 'large_jsonl_file_level']"
results/source_private_arc_candidate_alignment_receiver_preflight_20260502_arc_residual_hidden_public_innovation_int8_n8,results,results/source_private_arc_candidate_alignment_receiver_preflight_20260502_arc_residual_hidden_public_innovation_int8_n8,4,4,no_named_partition_detected,"['large_csv_file_level', 'large_json_file_level', 'large_jsonl_file_level']"
results/source_private_arc_candidate_alignment_receiver_preflight_20260502_arc_residual_hidden_public_innovation_none_all_n8,results,results/source_private_arc_candidate_alignment_receiver_preflight_20260502_arc_residual_hidden_public_innovation_none_all_n8,4,4,no_named_partition_detected,"['large_csv_file_level', 'large_json_file_level', 'large_jsonl_file_level']"
results/source_private_arc_candidate_alignment_receiver_preflight_20260502_arc_residual_hidden_public_innovation_none_n8,results,results/source_private_arc_candidate_alignment_receiver_preflight_20260502_arc_residual_hidden_public_innovation_none_n8,4,4,no_named_partition_detected,"['large_csv_file_level', 'large_json_file_level', 'large_jsonl_file_level']"
results/source_private_arc_candidate_alignment_receiver_preflight_20260502_arc_residual_hidden_public_innovation_sign16_all_n8,results,results/source_private_arc_candidate_alignment_receiver_preflight_20260502_arc_residual_hidden_public_innovation_sign16_all_n8,4,4,no_named_partition_detected,"['large_csv_file_level', 'large_json_file_level', 'large_jsonl_file_level']"
results/source_private_arc_candidate_alignment_receiver_preflight_20260502_arc_residual_hidden_public_innovation_sign16_n8,results,results/source_private_arc_candidate_alignment_receiver_preflight_20260502_arc_residual_hidden_public_innovation_sign16_n8,4,4,no_named_partition_detected,"['large_csv_file_level', 'large_json_file_level', 'large_jsonl_file_level']"
results/source_private_arc_candidate_local_source_evidence_repair_preflight_20260505_n32_qwen05_to_qwen3,results,results/source_private_arc_candidate_local_source_evidence_repair_preflight_20260505_n32_qwen05_to_qwen3,3,3,no_named_partition_detected,"['large_json_file_level', 'large_jsonl_file_level']"
results/source_private_arc_candidate_local_source_evidence_repair_preflight_20260505_n32_qwen05_to_qwen3_no_public_innovation,results,results/source_private_arc_candidate_local_source_evidence_repair_preflight_20260505_n32_qwen05_to_qwen3_no_public_innovation,3,3,no_named_partition_detected,"['large_json_file_level', 'large_jsonl_file_level']"
results/source_private_arc_challenge_behavior_atom_decoder_gate_20260504_tinyllama_to_qwen3_disagreement_n16_rank8_top1q4,results,results/source_private_arc_challenge_behavior_atom_decoder_gate_20260504_tinyllama_to_qwen3_disagreement_n16_rank8_top1q4,6,6,named_dev_gate_no_confirm,"['large_json_file_level', 'large_jsonl_file_level']"
results/source_private_arc_challenge_behavior_atom_decoder_gate_20260504_tinyllama_to_qwen3_disagreement_n16_rank8_top2q4,results,results/source_private_arc_challenge_behavior_atom_decoder_gate_20260504_tinyllama_to_qwen3_disagreement_n16_rank8_top2q4,6,6,named_dev_gate_no_confirm,"['large_json_file_level', 'large_jsonl_file_level']"
results/source_private_arc_challenge_behavior_atom_decoder_gate_20260504_tinyllama_to_qwen3_disagreement_n16_rank8_top2q4_candidate_aligned_noop_w005_emphasis,results,results/source_private_arc_challenge_behavior_atom_decoder_gate_20260504_tinyllama_to_qwen3_disagreement_n16_rank8_top2q4_candidate_aligned_noop_w005_emphasis,6,6,named_dev_gate_no_confirm,"['large_json_file_level', 'large_jsonl_file_level']"
results/source_private_arc_challenge_behavior_atom_decoder_gate_20260504_tinyllama_to_qwen3_disagreement_n16_rank8_top2q4_corruption_noop_decoder,results,results/source_private_arc_challenge_behavior_atom_decoder_gate_20260504_tinyllama_to_qwen3_disagreement_n16_rank8_top2q4_corruption_noop_decoder,6,6,named_dev_gate_no_confirm,"['large_json_file_level', 'large_jsonl_file_level']"
results/source_private_arc_challenge_behavior_atom_decoder_gate_20260504_tinyllama_to_qwen3_disagreement_n16_rank8_top2q4_corruption_noop_w01_decoder,results,results/source_private_arc_challenge_behavior_atom_decoder_gate_20260504_tinyllama_to_qwen3_disagreement_n16_rank8_top2q4_corruption_noop_w01_decoder,6,6,named_dev_gate_no_confirm,"['large_json_file_level', 'large_jsonl_file_level']"
results/source_private_arc_challenge_behavior_atom_decoder_gate_20260504_tinyllama_to_qwen3_disagreement_n16_rank8_top2q4_corruption_noop_w01_zsub_decoder,results,results/source_private_arc_challenge_behavior_atom_decoder_gate_20260504_tinyllama_to_qwen3_disagreement_n16_rank8_top2q4_corruption_noop_w01_zsub_decoder,6,6,named_dev_gate_no_confirm,"['large_json_file_level', 'large_jsonl_file_level']"
results/source_private_arc_challenge_behavior_atom_decoder_gate_20260504_tinyllama_to_qwen3_disagreement_n16_rank8_top2q4_corruption_noop_w025_decoder,results,results/source_private_arc_challenge_behavior_atom_decoder_gate_20260504_tinyllama_to_qwen3_disagreement_n16_rank8_top2q4_corruption_noop_w025_decoder,6,6,named_dev_gate_no_confirm,"['large_json_file_level', 'large_jsonl_file_level']"
results/source_private_arc_challenge_behavior_atom_decoder_gate_20260504_tinyllama_to_qwen3_disagreement_n16_rank8_top2q4_event_triggered,results,results/source_private_arc_challenge_behavior_atom_decoder_gate_20260504_tinyllama_to_qwen3_disagreement_n16_rank8_top2q4_event_triggered,6,6,named_dev_gate_no_confirm,"['large_json_file_level', 'large_jsonl_file_level']"
results/source_private_arc_challenge_behavior_atom_decoder_gate_20260504_tinyllama_to_qwen3_disagreement_n16_rank8_top2q4_event_triggered_no_zsub,results,results/source_private_arc_challenge_behavior_atom_decoder_gate_20260504_tinyllama_to_qwen3_disagreement_n16_rank8_top2q4_event_triggered_no_zsub,6,6,named_dev_gate_no_confirm,"['large_json_file_level', 'large_jsonl_file_level']"
results/source_private_arc_challenge_behavior_atom_decoder_gate_20260504_tinyllama_to_qwen3_disagreement_n16_rank8_top2q4_integrity_candidate_atom_w01,results,results/source_private_arc_challenge_behavior_atom_decoder_gate_20260504_tinyllama_to_qwen3_disagreement_n16_rank8_top2q4_integrity_candidate_atom_w01,6,6,named_dev_gate_no_confirm,"['large_json_file_level', 'large_jsonl_file_level']"
results/source_private_arc_challenge_behavior_atom_decoder_gate_20260504_tinyllama_to_qwen3_disagreement_n16_rank8_top2q4_packet_innovation,results,results/source_private_arc_challenge_behavior_atom_decoder_gate_20260504_tinyllama_to_qwen3_disagreement_n16_rank8_top2q4_packet_innovation,6,6,named_dev_gate_no_confirm,"['large_json_file_level', 'large_jsonl_file_level']"
results/source_private_arc_challenge_behavior_atom_decoder_gate_20260504_tinyllama_to_qwen3_disagreement_n16_rank8_top2q4_zsub,results,results/source_private_arc_challenge_behavior_atom_decoder_gate_20260504_tinyllama_to_qwen3_disagreement_n16_rank8_top2q4_zsub,6,6,named_dev_gate_no_confirm,"['large_json_file_level', 'large_jsonl_file_level']"
results/source_private_arc_challenge_behavior_residual_packet_gate_20260504_tinyllama_to_qwen3_disagreement_n8_top2q4,results,results/source_private_arc_challenge_behavior_residual_packet_gate_20260504_tinyllama_to_qwen3_disagreement_n8_top2q4,6,6,named_dev_gate_no_confirm,"['large_json_file_level', 'large_jsonl_file_level']"
results/source_private_arc_challenge_behavior_residual_packet_gate_20260504_tinyllama_to_qwen3_disagreement_n8_top2q4_corrected_prompt,results,results/source_private_arc_challenge_behavior_residual_packet_gate_20260504_tinyllama_to_qwen3_disagreement_n8_top2q4_corrected_prompt,6,6,named_dev_gate_no_confirm,"['large_json_file_level', 'large_jsonl_file_level']"
results/source_private_arc_challenge_behavior_residual_packet_gate_20260504_tinyllama_to_qwen3_disagreement_n8_top2q4_corrected_prompt_w1,results,results/source_private_arc_challenge_behavior_residual_packet_gate_20260504_tinyllama_to_qwen3_disagreement_n8_top2q4_corrected_prompt_w1,6,6,named_dev_gate_no_confirm,"['large_json_file_level', 'large_jsonl_file_level']"
results/source_private_arc_challenge_behavior_residual_packet_gate_20260504_tinyllama_to_qwen3_disagreement_n8_top2q4_w1,results,results/source_private_arc_challenge_behavior_residual_packet_gate_20260504_tinyllama_to_qwen3_disagreement_n8_top2q4_w1,6,6,named_dev_gate_no_confirm,"['large_json_file_level', 'large_jsonl_file_level']"
results/source_private_arc_challenge_bridge_contract_20260501,results,results/source_private_arc_challenge_bridge_contract_20260501,5,5,named_dev_gate_no_confirm,"['large_json_file_level', 'large_jsonl_file_level']"
results/source_private_arc_challenge_candidate_syndrome_connector_gate_20260502,results,results/source_private_arc_challenge_candidate_syndrome_connector_gate_20260502,4,4,prior_eval_rows_present_no_clean_confirm,"['large_csv_file_level', 'large_json_file_level', 'large_jsonl_file_level']"
results/source_private_arc_challenge_confidence_ecoc_packet_gate_20260504_tinyllama_to_qwen3_disagreement_n16_2b,results,results/source_private_arc_challenge_confidence_ecoc_packet_gate_20260504_tinyllama_to_qwen3_disagreement_n16_2b,6,6,named_dev_gate_no_confirm,"['large_json_file_level', 'large_jsonl_file_level']"
results/source_private_arc_challenge_confidence_ecoc_packet_gate_20260504_tinyllama_to_qwen3_disagreement_n16_2b_uncertainty,results,results/source_private_arc_challenge_confidence_ecoc_packet_gate_20260504_tinyllama_to_qwen3_disagreement_n16_2b_uncertainty,6,6,named_dev_gate_no_confirm,"['large_json_file_level', 'large_jsonl_file_level']"
results/source_private_arc_challenge_fixed_packet_gate_20260501_bge_validation,results,results/source_private_arc_challenge_fixed_packet_gate_20260501_bge_validation,3,3,prior_eval_rows_present_no_clean_confirm,"['large_json_file_level', 'large_jsonl_file_level']"
results/source_private_arc_challenge_fixed_packet_gate_20260501_hashed_validation,results,results/source_private_arc_challenge_fixed_packet_gate_20260501_hashed_validation,3,3,prior_eval_rows_present_no_clean_confirm,"['large_json_file_level', 'large_jsonl_file_level']"
results/source_private_arc_challenge_fixed_packet_gate_20260501_qwen05_bge_test,results,results/source_private_arc_challenge_fixed_packet_gate_20260501_qwen05_bge_test,3,3,prior_eval_rows_present_no_clean_confirm,"['large_json_file_level', 'large_jsonl_file_level']"
results/source_private_arc_challenge_fixed_packet_gate_20260501_qwen05_bge_validation,results,results/source_private_arc_challenge_fixed_packet_gate_20260501_qwen05_bge_validation,3,3,prior_eval_rows_present_no_clean_confirm,"['large_json_file_level', 'large_jsonl_file_level']"
results/source_private_arc_challenge_fixed_packet_gate_20260501_qwen05_hashed_test,results,results/source_private_arc_challenge_fixed_packet_gate_20260501_qwen05_hashed_test,3,3,prior_eval_rows_present_no_clean_confirm,"['large_json_file_level', 'large_jsonl_file_level']"
results/source_private_arc_challenge_fixed_packet_gate_20260501_qwen05_hashed_validation,results,results/source_private_arc_challenge_fixed_packet_gate_20260501_qwen05_hashed_validation,3,3,prior_eval_rows_present_no_clean_confirm,"['large_json_file_level', 'large_jsonl_file_level']"
results/source_private_arc_challenge_fourier_anchor_syndrome_cross_family_phi3_gate_20260502_budget8_10seed_b2000,results,results/source_private_arc_challenge_fourier_anchor_syndrome_cross_family_phi3_gate_20260502_budget8_10seed_b2000,4,4,prior_eval_rows_present_no_clean_confirm,"['large_csv_file_level', 'large_json_file_level', 'large_jsonl_file_level']"
results/source_private_arc_challenge_fourier_anchor_syndrome_gate_20260502,results,results/source_private_arc_challenge_fourier_anchor_syndrome_gate_20260502,4,4,prior_eval_rows_present_no_clean_confirm,"['large_csv_file_level', 'large_json_file_level', 'large_jsonl_file_level']"
results/source_private_arc_challenge_fourier_anchor_syndrome_gate_20260502_budget8,results,results/source_private_arc_challenge_fourier_anchor_syndrome_gate_20260502_budget8,4,4,prior_eval_rows_present_no_clean_confirm,"['large_csv_file_level', 'large_json_file_level', 'large_jsonl_file_level']"
results/source_private_arc_challenge_fourier_anchor_syndrome_gate_20260502_budget8_10seed,results,results/source_private_arc_challenge_fourier_anchor_syndrome_gate_20260502_budget8_10seed,4,4,prior_eval_rows_present_no_clean_confirm,"['large_csv_file_level', 'large_json_file_level', 'large_jsonl_file_level']"
results/source_private_arc_challenge_fourier_anchor_syndrome_gate_20260502_budget8_10seed_b2000,results,results/source_private_arc_challenge_fourier_anchor_syndrome_gate_20260502_budget8_10seed_b2000,4,4,prior_eval_rows_present_no_clean_confirm,"['large_csv_file_level', 'large_json_file_level', 'large_jsonl_file_level']"
results/source_private_arc_challenge_hidden_atom_decoder_gate_20260504_tinyllama_to_qwen3_disagreement_n16_rank8_top2q4,results,results/source_private_arc_challenge_hidden_atom_decoder_gate_20260504_tinyllama_to_qwen3_disagreement_n16_rank8_top2q4,6,6,named_dev_gate_no_confirm,"['large_json_file_level', 'large_jsonl_file_level']"
results/source_private_arc_challenge_hidden_atom_decoder_gate_20260504_tinyllama_to_qwen3_disagreement_n16_rank8_top2q4_ridge100,results,results/source_private_arc_challenge_hidden_atom_decoder_gate_20260504_tinyllama_to_qwen3_disagreement_n16_rank8_top2q4_ridge100,6,6,named_dev_gate_no_confirm,"['large_json_file_level', 'large_jsonl_file_level']"
results/source_private_arc_challenge_hidden_query_common_basis_gate_20260502_qwen15_disagreement_n32_n64_budget8,results,results/source_private_arc_challenge_hidden_query_common_basis_gate_20260502_qwen15_disagreement_n32_n64_budget8,8,8,named_dev_gate_no_confirm,"['large_csv_file_level', 'large_json_file_level', 'large_jsonl_file_level', 'npz_file_level']"
results/source_private_arc_challenge_hidden_query_common_basis_gate_20260502_tinyllama_disagreement,results,results/source_private_arc_challenge_hidden_query_common_basis_gate_20260502_tinyllama_disagreement,8,8,named_dev_gate_no_confirm,"['large_csv_file_level', 'large_json_file_level', 'large_jsonl_file_level', 'npz_file_level']"
results/source_private_arc_challenge_hidden_query_mlp_cache_connector_gate_20260502_tinyllama_disagreement,results,results/source_private_arc_challenge_hidden_query_mlp_cache_connector_gate_20260502_tinyllama_disagreement,5,5,named_dev_gate_no_confirm,"['large_csv_file_level', 'large_json_file_level', 'large_jsonl_file_level', 'npz_file_level']"
results/source_private_arc_challenge_innovation_defer_packet_gate_20260504_tinyllama_to_qwen3_disagreement_n64_2b,results,results/source_private_arc_challenge_innovation_defer_packet_gate_20260504_tinyllama_to_qwen3_disagreement_n64_2b,6,6,named_dev_gate_no_confirm,"['large_json_file_level', 'large_jsonl_file_level']"
results/source_private_arc_challenge_innovation_defer_packet_gate_20260504_tinyllama_to_qwen3_disagreement_n64_2b_ridge01,results,results/source_private_arc_challenge_innovation_defer_packet_gate_20260504_tinyllama_to_qwen3_disagreement_n64_2b_ridge01,6,6,named_dev_gate_no_confirm,"['large_json_file_level', 'large_jsonl_file_level']"
results/source_private_arc_challenge_llama8b_disagreement_source_scout_20260502,results,results/source_private_arc_challenge_llama8b_disagreement_source_scout_20260502,6,6,prior_eval_rows_present_no_clean_confirm,"['large_csv_file_level', 'large_json_file_level', 'large_jsonl_file_level']"
results/source_private_arc_challenge_llama8b_mps_eager_smoke_20260502,results,results/source_private_arc_challenge_llama8b_mps_eager_smoke_20260502,6,6,prior_eval_rows_present_no_clean_confirm,"['large_csv_file_level', 'large_json_file_level', 'large_jsonl_file_level']"
results/source_private_arc_challenge_receiver_headroom_gate_20260502,results,results/source_private_arc_challenge_receiver_headroom_gate_20260502,4,4,prior_eval_rows_present_no_clean_confirm,"['large_csv_file_level', 'large_json_file_level', 'large_jsonl_file_level']"
results/source_private_arc_challenge_residual_syndrome_packet_gate_20260504_tinyllama_to_qwen3_disagreement_n32_2b,results,results/source_private_arc_challenge_residual_syndrome_packet_gate_20260504_tinyllama_to_qwen3_disagreement_n32_2b,6,6,named_dev_gate_no_confirm,"['large_json_file_level', 'large_jsonl_file_level']"
results/source_private_arc_challenge_residual_syndrome_packet_gate_20260504_tinyllama_to_qwen3_disagreement_n32_2b_syndrome6,results,results/source_private_arc_challenge_residual_syndrome_packet_gate_20260504_tinyllama_to_qwen3_disagreement_n32_2b_syndrome6,6,6,named_dev_gate_no_confirm,"['large_json_file_level', 'large_jsonl_file_level']"
results/source_private_arc_challenge_seed_stability_20260501_qwen05_anchor_id_shuffle_test,results,results/source_private_arc_challenge_seed_stability_20260501_qwen05_anchor_id_shuffle_test,4,4,prior_eval_rows_present_no_clean_confirm,"['large_csv_file_level', 'large_json_file_level', 'large_jsonl_file_level']"
results/source_private_arc_challenge_seed_stability_20260501_qwen05_anchor_id_shuffle_validation,results,results/source_private_arc_challenge_seed_stability_20260501_qwen05_anchor_id_shuffle_validation,4,4,prior_eval_rows_present_no_clean_confirm,"['large_csv_file_level', 'large_json_file_level', 'large_jsonl_file_level']"
results/source_private_arc_challenge_seed_stability_20260501_qwen05_anchor_id_shuffle_validation_smoke,results,results/source_private_arc_challenge_seed_stability_20260501_qwen05_anchor_id_shuffle_validation_smoke,4,4,prior_eval_rows_present_no_clean_confirm,"['large_csv_file_level', 'large_json_file_level', 'large_jsonl_file_level']"
results/source_private_arc_challenge_seed_stability_20260501_qwen05_anchor_relative_test,results,results/source_private_arc_challenge_seed_stability_20260501_qwen05_anchor_relative_test,4,4,prior_eval_rows_present_no_clean_confirm,"['large_csv_file_level', 'large_json_file_level', 'large_jsonl_file_level']"
results/source_private_arc_challenge_seed_stability_20260501_qwen05_anchor_relative_validation,results,results/source_private_arc_challenge_seed_stability_20260501_qwen05_anchor_relative_validation,4,4,prior_eval_rows_present_no_clean_confirm,"['large_csv_file_level', 'large_json_file_level', 'large_jsonl_file_level']"
results/source_private_arc_challenge_seed_stability_20260501_qwen05_anchor_relative_validation_smoke,results,results/source_private_arc_challenge_seed_stability_20260501_qwen05_anchor_relative_validation_smoke,4,4,prior_eval_rows_present_no_clean_confirm,"['large_csv_file_level', 'large_json_file_level', 'large_jsonl_file_level']"
results/source_private_arc_challenge_seed_stability_20260501_qwen05_anchor_value_shuffle_test,results,results/source_private_arc_challenge_seed_stability_20260501_qwen05_anchor_value_shuffle_test,4,4,prior_eval_rows_present_no_clean_confirm,"['large_csv_file_level', 'large_json_file_level', 'large_jsonl_file_level']"
results/source_private_arc_challenge_seed_stability_20260501_qwen05_anchor_value_shuffle_validation,results,results/source_private_arc_challenge_seed_stability_20260501_qwen05_anchor_value_shuffle_validation,4,4,prior_eval_rows_present_no_clean_confirm,"['large_csv_file_level', 'large_json_file_level', 'large_jsonl_file_level']"
results/source_private_arc_challenge_seed_stability_20260501_qwen05_anchor_value_shuffle_validation_smoke,results,results/source_private_arc_challenge_seed_stability_20260501_qwen05_anchor_value_shuffle_validation_smoke,4,4,prior_eval_rows_present_no_clean_confirm,"['large_csv_file_level', 'large_json_file_level', 'large_jsonl_file_level']"
results/source_private_arc_challenge_seed_stability_20260501_qwen05_bge_test,results,results/source_private_arc_challenge_seed_stability_20260501_qwen05_bge_test,4,4,prior_eval_rows_present_no_clean_confirm,"['large_csv_file_level', 'large_json_file_level', 'large_jsonl_file_level']"
results/source_private_arc_challenge_seed_stability_20260501_qwen05_bge_validation,results,results/source_private_arc_challenge_seed_stability_20260501_qwen05_bge_validation,4,4,prior_eval_rows_present_no_clean_confirm,"['large_csv_file_level', 'large_json_file_level', 'large_jsonl_file_level']"
results/source_private_arc_challenge_seed_stability_20260501_qwen05_hashed_test,results,results/source_private_arc_challenge_seed_stability_20260501_qwen05_hashed_test,4,4,prior_eval_rows_present_no_clean_confirm,"['large_csv_file_level', 'large_json_file_level', 'large_jsonl_file_level']"
results/source_private_arc_challenge_seed_stability_20260501_qwen05_hashed_validation,results,results/source_private_arc_challenge_seed_stability_20260501_qwen05_hashed_validation,4,4,prior_eval_rows_present_no_clean_confirm,"['large_csv_file_level', 'large_json_file_level', 'large_jsonl_file_level']"
results/source_private_arc_challenge_seed_stability_20260501_qwen05_random_anchors_test,results,results/source_private_arc_challenge_seed_stability_20260501_qwen05_random_anchors_test,4,4,prior_eval_rows_present_no_clean_confirm,"['large_csv_file_level', 'large_json_file_level', 'large_jsonl_file_level']"
results/source_private_arc_challenge_seed_stability_20260501_qwen05_random_anchors_validation,results,results/source_private_arc_challenge_seed_stability_20260501_qwen05_random_anchors_validation,4,4,prior_eval_rows_present_no_clean_confirm,"['large_csv_file_level', 'large_json_file_level', 'large_jsonl_file_level']"
results/source_private_arc_challenge_seed_stability_20260501_qwen05_random_anchors_validation_smoke,results,results/source_private_arc_challenge_seed_stability_20260501_qwen05_random_anchors_validation_smoke,4,4,prior_eval_rows_present_no_clean_confirm,"['large_csv_file_level', 'large_json_file_level', 'large_jsonl_file_level']"
results/source_private_arc_challenge_soft_prefix_resonance_gate_20260504_tinyllama_to_qwen3_disagreement_n8_cached_score,results,results/source_private_arc_challenge_soft_prefix_resonance_gate_20260504_tinyllama_to_qwen3_disagreement_n8_cached_score,9,9,named_dev_gate_no_confirm,"['large_csv_file_level', 'large_json_file_level', 'large_jsonl_file_level']"
results/source_private_arc_challenge_soft_prefix_resonance_gate_20260504_tinyllama_to_qwen3_disagreement_n8_hidden_public_innovation,results,results/source_private_arc_challenge_soft_prefix_resonance_gate_20260504_tinyllama_to_qwen3_disagreement_n8_hidden_public_innovation,9,9,named_dev_gate_no_confirm,"['large_csv_file_level', 'large_json_file_level', 'large_jsonl_file_level']"
results/source_private_arc_challenge_soft_prefix_resonance_gate_20260504_tinyllama_to_qwen3_disagreement_n8_hidden_public_innovation_contrastive,results,results/source_private_arc_challenge_soft_prefix_resonance_gate_20260504_tinyllama_to_qwen3_disagreement_n8_hidden_public_innovation_contrastive,9,9,named_dev_gate_no_confirm,"['large_csv_file_level', 'large_json_file_level', 'large_jsonl_file_level']"
results/source_private_arc_challenge_source_family_cache_falsification_20260502_phi3_cpu,results,results/source_private_arc_challenge_source_family_cache_falsification_20260502_phi3_cpu,9,9,prior_eval_rows_present_no_clean_confirm,"['large_csv_file_level', 'large_json_file_level', 'large_jsonl_file_level']"
results/source_private_arc_challenge_source_family_cache_falsification_20260502_phi3_cpu_budget8_10seed_b2000,results,results/source_private_arc_challenge_source_family_cache_falsification_20260502_phi3_cpu_budget8_10seed_b2000,7,7,no_named_partition_detected,"['large_csv_file_level', 'large_json_file_level', 'large_jsonl_file_level']"
results/source_private_arc_challenge_source_family_cache_falsification_20260502_qwen15_cpu,results,results/source_private_arc_challenge_source_family_cache_falsification_20260502_qwen15_cpu,9,9,prior_eval_rows_present_no_clean_confirm,"['large_csv_file_level', 'large_json_file_level', 'large_jsonl_file_level']"
results/source_private_arc_challenge_source_family_cache_falsification_20260502_tinyllama_cpu,results,results/source_private_arc_challenge_source_family_cache_falsification_20260502_tinyllama_cpu,9,9,prior_eval_rows_present_no_clean_confirm,"['large_csv_file_level', 'large_json_file_level', 'large_jsonl_file_level']"
results/source_private_arc_challenge_source_family_router_diagnostic_20260502,results,results/source_private_arc_challenge_source_family_router_diagnostic_20260502,4,4,no_named_partition_detected,"['large_csv_file_level', 'large_json_file_level', 'large_jsonl_file_level']"
results/source_private_arc_challenge_source_latent_endpoint_gate_20260501_qwen05_bge_absolute_validation_smoke,results,results/source_private_arc_challenge_source_latent_endpoint_gate_20260501_qwen05_bge_absolute_validation_smoke,3,3,prior_eval_rows_present_no_clean_confirm,"['large_json_file_level', 'large_jsonl_file_level']"
results/source_private_arc_challenge_source_latent_endpoint_gate_20260501_qwen05_bge_validation,results,results/source_private_arc_challenge_source_latent_endpoint_gate_20260501_qwen05_bge_validation,3,3,prior_eval_rows_present_no_clean_confirm,"['large_json_file_level', 'large_jsonl_file_level']"
results/source_private_arc_challenge_source_latent_endpoint_gate_20260501_qwen05_bge_validation_smoke,results,results/source_private_arc_challenge_source_latent_endpoint_gate_20260501_qwen05_bge_validation_smoke,3,3,prior_eval_rows_present_no_clean_confirm,"['large_json_file_level', 'large_jsonl_file_level']"
results/source_private_arc_challenge_source_score_router_gate_20260502,results,results/source_private_arc_challenge_source_score_router_gate_20260502,8,8,named_dev_gate_no_confirm,"['large_csv_file_level', 'large_json_file_level', 'large_jsonl_file_level']"
results/source_private_arc_challenge_sparse_query_cache_bottleneck_gate_20260502_qwen15_disagreement_n32_n64_budget8,results,results/source_private_arc_challenge_sparse_query_cache_bottleneck_gate_20260502_qwen15_disagreement_n32_n64_budget8,4,4,prior_eval_rows_present_no_clean_confirm,"['large_csv_file_level', 'large_json_file_level', 'large_jsonl_file_level']"
results/source_private_arc_challenge_sparse_query_cache_bottleneck_gate_20260502_tinyllama_disagreement,results,results/source_private_arc_challenge_sparse_query_cache_bottleneck_gate_20260502_tinyllama_disagreement,4,4,prior_eval_rows_present_no_clean_confirm,"['large_csv_file_level', 'large_json_file_level', 'large_jsonl_file_level']"
results/source_private_arc_challenge_sparse_resonance_packet_gate_20260504_tinyllama_to_qwen3_disagreement_n8_pca_top2q3,results,results/source_private_arc_challenge_sparse_resonance_packet_gate_20260504_tinyllama_to_qwen3_disagreement_n8_pca_top2q3,9,9,named_dev_gate_no_confirm,"['large_csv_file_level', 'large_json_file_level', 'large_jsonl_file_level']"
results/source_private_arc_challenge_sparse_resonance_packet_gate_20260504_tinyllama_to_qwen3_disagreement_n8_pca_top4q4_noresid,results,results/source_private_arc_challenge_sparse_resonance_packet_gate_20260504_tinyllama_to_qwen3_disagreement_n8_pca_top4q4_noresid,9,9,named_dev_gate_no_confirm,"['large_csv_file_level', 'large_json_file_level', 'large_jsonl_file_level']"
results/source_private_arc_challenge_sparse_resonance_packet_gate_20260504_tinyllama_to_qwen3_disagreement_n8_target_aligned_top2q3,results,results/source_private_arc_challenge_sparse_resonance_packet_gate_20260504_tinyllama_to_qwen3_disagreement_n8_target_aligned_top2q3,9,9,named_dev_gate_no_confirm,"['large_csv_file_level', 'large_json_file_level', 'large_jsonl_file_level']"
results/source_private_arc_challenge_sparse_resonance_packet_gate_20260504_tinyllama_to_qwen3_disagreement_n8_target_aligned_top8q8_noresid,results,results/source_private_arc_challenge_sparse_resonance_packet_gate_20260504_tinyllama_to_qwen3_disagreement_n8_target_aligned_top8q8_noresid,9,9,named_dev_gate_no_confirm,"['large_csv_file_level', 'large_json_file_level', 'large_jsonl_file_level']"
results/source_private_arc_challenge_systems_trace_20260501,results,results/source_private_arc_challenge_systems_trace_20260501,3,3,no_named_partition_detected,"['large_csv_file_level', 'large_json_file_level']"
results/source_private_arc_challenge_transport_common_basis_gate_20260502_tinyllama_disagreement,results,results/source_private_arc_challenge_transport_common_basis_gate_20260502_tinyllama_disagreement,3,3,prior_eval_rows_present_no_clean_confirm,"['large_csv_file_level', 'large_json_file_level']"
results/source_private_arc_conditional_innovation_packet_gate_20260503_qwen05_qwen3_validation,results,results/source_private_arc_conditional_innovation_packet_gate_20260503_qwen05_qwen3_validation,2,2,prior_eval_rows_present_no_clean_confirm,"['large_json_file_level', 'large_jsonl_file_level']"
results/source_private_arc_cross_family_failure_decomposition_20260502,results,results/source_private_arc_cross_family_failure_decomposition_20260502,3,3,no_named_partition_detected,"['large_csv_file_level', 'large_json_file_level']"
results/source_private_arc_llama8b_failure_probe_20260502,results,results/source_private_arc_llama8b_failure_probe_20260502,4,4,no_named_partition_detected,"['large_csv_file_level', 'large_json_file_level']"
results/source_private_arc_openbookqa_soft_prefix_preflight_20260502_arc_cached_score_pool_residual_n8_cpu_label_choice,results,results/source_private_arc_openbookqa_soft_prefix_preflight_20260502_arc_cached_score_pool_residual_n8_cpu_label_choice,4,4,no_named_partition_detected,"['large_csv_file_level', 'large_json_file_level', 'large_jsonl_file_level']"
results/source_private_arc_openbookqa_soft_prefix_preflight_20260502_arc_hf_hidden_candidate_pool_residual_n8_cpu_label_choice,results,results/source_private_arc_openbookqa_soft_prefix_preflight_20260502_arc_hf_hidden_candidate_pool_residual_n8_cpu_label_choice,4,4,no_named_partition_detected,"['large_csv_file_level', 'large_json_file_level', 'large_jsonl_file_level']"
results/source_private_arc_openbookqa_soft_prefix_preflight_20260502_arc_hf_hidden_public_innovation_candidate_pool_residual_n8_cpu_label_choice,results,results/source_private_arc_openbookqa_soft_prefix_preflight_20260502_arc_hf_hidden_public_innovation_candidate_pool_residual_n8_cpu_label_choice,4,4,no_named_partition_detected,"['large_csv_file_level', 'large_json_file_level', 'large_jsonl_file_level']"
results/source_private_arc_openbookqa_soft_prefix_preflight_20260502_arc_hf_hidden_score_candidate_pool_residual_n8_cpu_label_choice,results,results/source_private_arc_openbookqa_soft_prefix_preflight_20260502_arc_hf_hidden_score_candidate_pool_residual_n8_cpu_label_choice,4,4,no_named_partition_detected,"['large_csv_file_level', 'large_json_file_level', 'large_jsonl_file_level']"
results/source_private_arc_openbookqa_soft_prefix_preflight_20260502_arc_hf_hidden_score_public_innovation_candidate_pool_residual_n8_cpu_label_choice,results,results/source_private_arc_openbookqa_soft_prefix_preflight_20260502_arc_hf_hidden_score_public_innovation_candidate_pool_residual_n8_cpu_label_choice,4,4,no_named_partition_detected,"['large_csv_file_level', 'large_json_file_level', 'large_jsonl_file_level']"
results/source_private_arc_openbookqa_soft_prefix_preflight_20260502_arc_hf_hidden_score_public_innovation_candidate_pool_residual_n8_cpu_label_choice_contrastive_w0p2,results,results/source_private_arc_openbookqa_soft_prefix_preflight_20260502_arc_hf_hidden_score_public_innovation_candidate_pool_residual_n8_cpu_label_choice_contrastive_w0p2,4,4,no_named_partition_detected,"['large_csv_file_level', 'large_json_file_level', 'large_jsonl_file_level']"
results/source_private_arc_openbookqa_soft_prefix_preflight_20260502_arc_hf_hidden_score_public_innovation_candidate_pool_residual_n8_cpu_label_choice_contrastive_w0p2_e3,results,results/source_private_arc_openbookqa_soft_prefix_preflight_20260502_arc_hf_hidden_score_public_innovation_candidate_pool_residual_n8_cpu_label_choice_contrastive_w0p2_e3,4,4,no_named_partition_detected,"['large_csv_file_level', 'large_json_file_level', 'large_jsonl_file_level']"
results/source_private_arc_openbookqa_soft_prefix_preflight_20260502_arc_hf_hidden_score_public_innovation_candidate_pool_residual_n8_cpu_label_choice_ridge1000,results,results/source_private_arc_openbookqa_soft_prefix_preflight_20260502_arc_hf_hidden_score_public_innovation_candidate_pool_residual_n8_cpu_label_choice_ridge1000,4,4,no_named_partition_detected,"['large_csv_file_level', 'large_json_file_level', 'large_jsonl_file_level']"
results/source_private_arc_openbookqa_soft_prefix_preflight_20260502_arc_hf_hidden_score_public_innovation_candidate_pool_residual_n8_cpu_label_choice_target_query,results,results/source_private_arc_openbookqa_soft_prefix_preflight_20260502_arc_hf_hidden_score_public_innovation_candidate_pool_residual_n8_cpu_label_choice_target_query,4,4,no_named_partition_detected,"['large_csv_file_level', 'large_json_file_level', 'large_jsonl_file_level']"
results/source_private_arc_openbookqa_soft_prefix_preflight_20260502_arc_qwen_hidden_n8_cpu,results,results/source_private_arc_openbookqa_soft_prefix_preflight_20260502_arc_qwen_hidden_n8_cpu,4,4,no_named_partition_detected,"['large_csv_file_level', 'large_json_file_level', 'large_jsonl_file_level']"
results/source_private_arc_openbookqa_soft_prefix_preflight_20260502_arc_qwen_hidden_n8_cpu_label_choice,results,results/source_private_arc_openbookqa_soft_prefix_preflight_20260502_arc_qwen_hidden_n8_cpu_label_choice,4,4,no_named_partition_detected,"['large_csv_file_level', 'large_json_file_level', 'large_jsonl_file_level']"
results/source_private_arc_openbookqa_soft_prefix_preflight_20260502_arc_qwen_hidden_residual_n8_cpu_label_choice,results,results/source_private_arc_openbookqa_soft_prefix_preflight_20260502_arc_qwen_hidden_residual_n8_cpu_label_choice,4,4,no_named_partition_detected,"['large_csv_file_level', 'large_json_file_level', 'large_jsonl_file_level']"
results/source_private_arc_openbookqa_soft_prefix_preflight_20260502_arc_qwen_token_pool_residual_n8_cpu_label_choice,results,results/source_private_arc_openbookqa_soft_prefix_preflight_20260502_arc_qwen_token_pool_residual_n8_cpu_label_choice,4,4,no_named_partition_detected,"['large_csv_file_level', 'large_json_file_level', 'large_jsonl_file_level']"
results/source_private_arc_openbookqa_soft_prefix_preflight_20260503_arc_hf_hidden_score_public_innovation_candidate_pool_residual_n32_cpu_label_choice_packet_controls,results,results/source_private_arc_openbookqa_soft_prefix_preflight_20260503_arc_hf_hidden_score_public_innovation_candidate_pool_residual_n32_cpu_label_choice_packet_controls,4,4,no_named_partition_detected,"['large_csv_file_level', 'large_json_file_level', 'large_jsonl_file_level']"
results/source_private_arc_openbookqa_soft_prefix_preflight_20260503_arc_qwen_token_pool_residual_n32_cpu_label_choice,results,results/source_private_arc_openbookqa_soft_prefix_preflight_20260503_arc_qwen_token_pool_residual_n32_cpu_label_choice,4,4,no_named_partition_detected,"['large_csv_file_level', 'large_json_file_level', 'large_jsonl_file_level']"
results/source_private_arc_openbookqa_soft_prefix_preflight_20260503_arc_tinyllama_to_qwen_n64_mps_batched_gradaccum,results,results/source_private_arc_openbookqa_soft_prefix_preflight_20260503_arc_tinyllama_to_qwen_n64_mps_batched_gradaccum,4,4,no_named_partition_detected,"['large_csv_file_level', 'large_json_file_level', 'large_jsonl_file_level']"
results/source_private_arc_score_fusion_packet_probe_20260503_qwen05_qwen3_validation,results,results/source_private_arc_score_fusion_packet_probe_20260503_qwen05_qwen3_validation,3,3,named_dev_gate_no_confirm,['large_json_file_level']
results/source_private_arc_tokenwise_repair_readout_preflight_20260504_n32_qwen05_to_qwen3,results,results/source_private_arc_tokenwise_repair_readout_preflight_20260504_n32_qwen05_to_qwen3,3,3,no_named_partition_detected,"['large_json_file_level', 'large_jsonl_file_level']"
results/source_private_arc_tokenwise_source_evidence_preflight_20260504_n8_cpu_qwen05_to_qwen3,results,results/source_private_arc_tokenwise_source_evidence_preflight_20260504_n8_cpu_qwen05_to_qwen3,4,4,no_named_partition_detected,"['large_csv_file_level', 'large_json_file_level', 'large_jsonl_file_level']"
results/source_private_arc_tokenwise_source_evidence_preflight_status_20260504,results,results/source_private_arc_tokenwise_source_evidence_preflight_status_20260504,1,1,no_named_partition_detected,['large_json_file_level']
results/source_private_balanced_diag_cross_family_20260430,results,results/source_private_balanced_diag_cross_family_20260430,58,58,named_dev_gate_no_confirm,"['large_json_file_level', 'large_jsonl_file_level']"
results/source_private_balanced_diag_target_decoder_20260430,results,results/source_private_balanced_diag_target_decoder_20260430,80,80,named_dev_gate_no_confirm,"['large_json_file_level', 'large_jsonl_file_level']"
results/source_private_benchmark_selection_gate_20260502,results,results/source_private_benchmark_selection_gate_20260502,3,3,prior_eval_rows_present_no_clean_confirm,"['large_csv_file_level', 'large_json_file_level']"
results/source_private_byte_amplification_ablation_20260502,results,results/source_private_byte_amplification_ablation_20260502,3,3,no_named_partition_detected,"['large_csv_file_level', 'large_json_file_level']"
results/source_private_byte_amplification_ablation_split_20260504,results,results/source_private_byte_amplification_ablation_split_20260504,3,3,no_named_partition_detected,"['large_csv_file_level', 'large_json_file_level']"
results/source_private_candidate_conditioned_packet_builder_loo_hybrid_20260501,results,results/source_private_candidate_conditioned_packet_builder_loo_hybrid_20260501,11,11,named_dev_gate_no_confirm,"['large_json_file_level', 'large_jsonl_file_level']"
results/source_private_candidate_conditioned_packet_builder_loo_hybrid_20260501_n128,results,results/source_private_candidate_conditioned_packet_builder_loo_hybrid_20260501_n128,11,11,named_dev_gate_no_confirm,"['large_json_file_level', 'large_jsonl_file_level']"
results/source_private_candidate_conditioned_packet_builder_loo_hybrid_w075_20260501,results,results/source_private_candidate_conditioned_packet_builder_loo_hybrid_w075_20260501,11,11,named_dev_gate_no_confirm,"['large_json_file_level', 'large_jsonl_file_level']"
results/source_private_candidate_conditioned_packet_builder_loo_hybrid_w075_20260501_seed53,results,results/source_private_candidate_conditioned_packet_builder_loo_hybrid_w075_20260501_seed53,11,11,named_dev_gate_no_confirm,"['large_json_file_level', 'large_jsonl_file_level']"
results/source_private_candidate_conditioned_packet_builder_loo_hybrid_w075_20260501_seed59_serial,results,results/source_private_candidate_conditioned_packet_builder_loo_hybrid_w075_20260501_seed59_serial,11,11,named_dev_gate_no_confirm,"['large_json_file_level', 'large_jsonl_file_level']"
results/source_private_candidate_conditioned_packet_builder_smoke_20260501,results,results/source_private_candidate_conditioned_packet_builder_smoke_20260501,11,11,named_dev_gate_no_confirm,"['large_json_file_level', 'large_jsonl_file_level']"
results/source_private_candidate_conditioned_packet_builder_smoke_20260501_seed53,results,results/source_private_candidate_conditioned_packet_builder_smoke_20260501_seed53,11,11,named_dev_gate_no_confirm,"['large_json_file_level', 'large_jsonl_file_level']"
results/source_private_candidate_conditioned_packet_builder_smoke_20260501_seed59,results,results/source_private_candidate_conditioned_packet_builder_smoke_20260501_seed59,11,11,named_dev_gate_no_confirm,"['large_json_file_level', 'large_jsonl_file_level']"
results/source_private_candidate_conditioned_packet_builder_train_builder_hybrid_w075_20260501,results,results/source_private_candidate_conditioned_packet_builder_train_builder_hybrid_w075_20260501,11,11,named_dev_gate_no_confirm,"['large_json_file_level', 'large_jsonl_file_level']"
results/source_private_candidate_conditioned_packet_builder_train_builder_hybrid_w075_20260501_seed53,results,results/source_private_candidate_conditioned_packet_builder_train_builder_hybrid_w075_20260501_seed53,11,11,named_dev_gate_no_confirm,"['large_json_file_level', 'large_jsonl_file_level']"
results/source_private_candidate_conditioned_packet_builder_train_builder_hybrid_w075_20260501_seed59,results,results/source_private_candidate_conditioned_packet_builder_train_builder_hybrid_w075_20260501_seed59,11,11,named_dev_gate_no_confirm,"['large_json_file_level', 'large_jsonl_file_level']"
results/source_private_candidate_conditioned_packet_builder_train_builder_hybrid_w075_rate_20260501,results,results/source_private_candidate_conditioned_packet_builder_train_builder_hybrid_w075_rate_20260501,20,20,named_dev_gate_no_confirm,"['large_json_file_level', 'large_jsonl_file_level']"
results/source_private_candidate_conditioned_residual_code_smoke_20260501,results,results/source_private_candidate_conditioned_residual_code_smoke_20260501,6,6,named_dev_gate_no_confirm,"['large_csv_file_level', 'large_json_file_level', 'large_jsonl_file_level']"
results/source_private_candidate_embedding_receiver_20260429,results,results/source_private_candidate_embedding_receiver_20260429,42,42,named_dev_gate_no_confirm,"['large_json_file_level', 'large_jsonl_file_level']"
results/source_private_candidate_embedding_receiver_20260430,results,results/source_private_candidate_embedding_receiver_20260430,6,6,named_dev_gate_no_confirm,"['large_json_file_level', 'large_jsonl_file_level']"
results/source_private_candidate_local_common_basis_falsification_20260430,results,results/source_private_candidate_local_common_basis_falsification_20260430,3,3,no_named_partition_detected,"['large_csv_file_level', 'large_json_file_level']"
results/source_private_candidate_local_competitor_basis_table_20260430,results,results/source_private_candidate_local_competitor_basis_table_20260430,3,3,no_named_partition_detected,"['large_csv_file_level', 'large_json_file_level']"
results/source_private_candidate_local_cross_family_gate_20260430,results,results/source_private_candidate_local_cross_family_gate_20260430,3,3,prior_eval_rows_present_no_clean_confirm,"['large_csv_file_level', 'large_json_file_level']"
results/source_private_candidate_local_margin_atlas_20260501,results,results/source_private_candidate_local_margin_atlas_20260501,5,5,no_named_partition_detected,"['large_csv_file_level', 'large_json_file_level']"
results/source_private_candidate_local_random_rotation_rank_sign_20260501_seed47_n128_evaldisjoint,results,results/source_private_candidate_local_random_rotation_rank_sign_20260501_seed47_n128_evaldisjoint,11,11,named_dev_gate_no_confirm,"['large_json_file_level', 'large_jsonl_file_level']"
results/source_private_candidate_local_random_rotation_sign_20260501_seed47_n128_evaldisjoint,results,results/source_private_candidate_local_random_rotation_sign_20260501_seed47_n128_evaldisjoint,11,11,named_dev_gate_no_confirm,"['large_json_file_level', 'large_jsonl_file_level']"
results/source_private_candidate_local_random_rotation_sign_20260501_seed47_n128_evaldisjoint_tau0,results,results/source_private_candidate_local_random_rotation_sign_20260501_seed47_n128_evaldisjoint_tau0,11,11,named_dev_gate_no_confirm,"['large_json_file_level', 'large_jsonl_file_level']"
results/source_private_candidate_local_random_rotation_sign_20260501_seed47_n128_evaldisjoint_tau0.10,results,results/source_private_candidate_local_random_rotation_sign_20260501_seed47_n128_evaldisjoint_tau0.10,11,11,named_dev_gate_no_confirm,"['large_json_file_level', 'large_jsonl_file_level']"
results/source_private_candidate_local_random_rotation_sign_20260501_seed47_n128_evaldisjoint_tau0.20,results,results/source_private_candidate_local_random_rotation_sign_20260501_seed47_n128_evaldisjoint_tau0.20,11,11,named_dev_gate_no_confirm,"['large_json_file_level', 'large_jsonl_file_level']"
results/source_private_candidate_local_random_rotation_sign_20260501_seed47_n128_evaldisjoint_tau0.30,results,results/source_private_candidate_local_random_rotation_sign_20260501_seed47_n128_evaldisjoint_tau0.30,11,11,named_dev_gate_no_confirm,"['large_json_file_level', 'large_jsonl_file_level']"
results/source_private_candidate_local_residual_ablation_20260430_seed47_n512_global_dot_evaldisjoint,results,results/source_private_candidate_local_residual_ablation_20260430_seed47_n512_global_dot_evaldisjoint,11,11,named_dev_gate_no_confirm,"['large_json_file_level', 'large_jsonl_file_level']"
results/source_private_candidate_local_residual_ablation_20260430_seed47_n512_gromov_wasserstein_dot_evaldisjoint,results,results/source_private_candidate_local_residual_ablation_20260430_seed47_n512_gromov_wasserstein_dot_evaldisjoint,11,11,named_dev_gate_no_confirm,"['large_json_file_level', 'large_jsonl_file_level']"
results/source_private_candidate_local_residual_ablation_20260430_seed47_n512_gromov_wasserstein_residual_norm_evaldisjoint,results,results/source_private_candidate_local_residual_ablation_20260430_seed47_n512_gromov_wasserstein_residual_norm_evaldisjoint,11,11,named_dev_gate_no_confirm,"['large_json_file_level', 'large_jsonl_file_level']"
results/source_private_candidate_local_residual_ablation_20260430_seed47_n512_inverse_relative_dot_evaldisjoint,results,results/source_private_candidate_local_residual_ablation_20260430_seed47_n512_inverse_relative_dot_evaldisjoint,11,11,named_dev_gate_no_confirm,"['large_json_file_level', 'large_jsonl_file_level']"
results/source_private_candidate_local_residual_ablation_20260430_seed47_n512_inverse_relative_residual_norm_evaldisjoint,results,results/source_private_candidate_local_residual_ablation_20260430_seed47_n512_inverse_relative_residual_norm_evaldisjoint,11,11,named_dev_gate_no_confirm,"['large_json_file_level', 'large_jsonl_file_level']"
results/source_private_candidate_local_residual_ablation_20260430_seed47_n512_procrustes_dot_evaldisjoint,results,results/source_private_candidate_local_residual_ablation_20260430_seed47_n512_procrustes_dot_evaldisjoint,11,11,named_dev_gate_no_confirm,"['large_json_file_level', 'large_jsonl_file_level']"
results/source_private_candidate_local_residual_ablation_20260430_seed47_n512_relative_anchor_dot_evaldisjoint,results,results/source_private_candidate_local_residual_ablation_20260430_seed47_n512_relative_anchor_dot_evaldisjoint,11,11,named_dev_gate_no_confirm,"['large_json_file_level', 'large_jsonl_file_level']"
results/source_private_candidate_local_residual_ablation_20260430_seed47_n512_relative_anchor_residual_norm_evaldisjoint,results,results/source_private_candidate_local_residual_ablation_20260430_seed47_n512_relative_anchor_residual_norm_evaldisjoint,11,11,named_dev_gate_no_confirm,"['large_json_file_level', 'large_jsonl_file_level']"
results/source_private_candidate_local_residual_ablation_20260430_seed47_n512_residual_no_norm_evaldisjoint,results,results/source_private_candidate_local_residual_ablation_20260430_seed47_n512_residual_no_norm_evaldisjoint,11,11,named_dev_gate_no_confirm,"['large_json_file_level', 'large_jsonl_file_level']"
results/source_private_candidate_local_residual_ablation_20260430_seed47_n512_ridge_cca_dot_evaldisjoint,results,results/source_private_candidate_local_residual_ablation_20260430_seed47_n512_ridge_cca_dot_evaldisjoint,11,11,named_dev_gate_no_confirm,"['large_json_file_level', 'large_jsonl_file_level']"
results/source_private_candidate_local_residual_ablation_20260430_seed47_n512_ridge_cca_residual_norm_evaldisjoint,results,results/source_private_candidate_local_residual_ablation_20260430_seed47_n512_ridge_cca_residual_norm_evaldisjoint,11,11,named_dev_gate_no_confirm,"['large_json_file_level', 'large_jsonl_file_level']"
results/source_private_candidate_local_residual_ablation_20260430_seed47_n512_sinkhorn_ot_dot_evaldisjoint,results,results/source_private_candidate_local_residual_ablation_20260430_seed47_n512_sinkhorn_ot_dot_evaldisjoint,11,11,named_dev_gate_no_confirm,"['large_json_file_level', 'large_jsonl_file_level']"
results/source_private_candidate_local_residual_ablation_20260430_seed47_n512_sinkhorn_ot_residual_norm_evaldisjoint,results,results/source_private_candidate_local_residual_ablation_20260430_seed47_n512_sinkhorn_ot_residual_norm_evaldisjoint,11,11,named_dev_gate_no_confirm,"['large_json_file_level', 'large_jsonl_file_level']"
results/source_private_candidate_local_residual_ablation_20260430_seed53_n512_global_dot_evaldisjoint,results,results/source_private_candidate_local_residual_ablation_20260430_seed53_n512_global_dot_evaldisjoint,11,11,named_dev_gate_no_confirm,"['large_json_file_level', 'large_jsonl_file_level']"
results/source_private_candidate_local_residual_ablation_20260430_seed53_n512_gromov_wasserstein_dot_evaldisjoint,results,results/source_private_candidate_local_residual_ablation_20260430_seed53_n512_gromov_wasserstein_dot_evaldisjoint,11,11,named_dev_gate_no_confirm,"['large_json_file_level', 'large_jsonl_file_level']"
results/source_private_candidate_local_residual_ablation_20260430_seed53_n512_gromov_wasserstein_residual_norm_evaldisjoint,results,results/source_private_candidate_local_residual_ablation_20260430_seed53_n512_gromov_wasserstein_residual_norm_evaldisjoint,11,11,named_dev_gate_no_confirm,"['large_json_file_level', 'large_jsonl_file_level']"
results/source_private_candidate_local_residual_ablation_20260430_seed53_n512_inverse_relative_dot_evaldisjoint,results,results/source_private_candidate_local_residual_ablation_20260430_seed53_n512_inverse_relative_dot_evaldisjoint,11,11,named_dev_gate_no_confirm,"['large_json_file_level', 'large_jsonl_file_level']"
results/source_private_candidate_local_residual_ablation_20260430_seed53_n512_inverse_relative_residual_norm_evaldisjoint,results,results/source_private_candidate_local_residual_ablation_20260430_seed53_n512_inverse_relative_residual_norm_evaldisjoint,11,11,named_dev_gate_no_confirm,"['large_json_file_level', 'large_jsonl_file_level']"
results/source_private_candidate_local_residual_ablation_20260430_seed53_n512_procrustes_dot_evaldisjoint,results,results/source_private_candidate_local_residual_ablation_20260430_seed53_n512_procrustes_dot_evaldisjoint,11,11,named_dev_gate_no_confirm,"['large_json_file_level', 'large_jsonl_file_level']"
results/source_private_candidate_local_residual_ablation_20260430_seed53_n512_relative_anchor_dot_evaldisjoint,results,results/source_private_candidate_local_residual_ablation_20260430_seed53_n512_relative_anchor_dot_evaldisjoint,11,11,named_dev_gate_no_confirm,"['large_json_file_level', 'large_jsonl_file_level']"
results/source_private_candidate_local_residual_ablation_20260430_seed53_n512_relative_anchor_residual_norm_evaldisjoint,results,results/source_private_candidate_local_residual_ablation_20260430_seed53_n512_relative_anchor_residual_norm_evaldisjoint,11,11,named_dev_gate_no_confirm,"['large_json_file_level', 'large_jsonl_file_level']"
results/source_private_candidate_local_residual_ablation_20260430_seed53_n512_residual_no_norm_evaldisjoint,results,results/source_private_candidate_local_residual_ablation_20260430_seed53_n512_residual_no_norm_evaldisjoint,11,11,named_dev_gate_no_confirm,"['large_json_file_level', 'large_jsonl_file_level']"
results/source_private_candidate_local_residual_ablation_20260430_seed53_n512_ridge_cca_dot_evaldisjoint,results,results/source_private_candidate_local_residual_ablation_20260430_seed53_n512_ridge_cca_dot_evaldisjoint,11,11,named_dev_gate_no_confirm,"['large_json_file_level', 'large_jsonl_file_level']"
results/source_private_candidate_local_residual_ablation_20260430_seed53_n512_ridge_cca_residual_norm_evaldisjoint,results,results/source_private_candidate_local_residual_ablation_20260430_seed53_n512_ridge_cca_residual_norm_evaldisjoint,11,11,named_dev_gate_no_confirm,"['large_json_file_level', 'large_jsonl_file_level']"
results/source_private_candidate_local_residual_ablation_20260430_seed53_n512_sinkhorn_ot_dot_evaldisjoint,results,results/source_private_candidate_local_residual_ablation_20260430_seed53_n512_sinkhorn_ot_dot_evaldisjoint,11,11,named_dev_gate_no_confirm,"['large_json_file_level', 'large_jsonl_file_level']"
results/source_private_candidate_local_residual_ablation_20260430_seed53_n512_sinkhorn_ot_residual_norm_evaldisjoint,results,results/source_private_candidate_local_residual_ablation_20260430_seed53_n512_sinkhorn_ot_residual_norm_evaldisjoint,11,11,named_dev_gate_no_confirm,"['large_json_file_level', 'large_jsonl_file_level']"
results/source_private_candidate_local_residual_ablation_20260430_seed59_n512_global_dot_evaldisjoint,results,results/source_private_candidate_local_residual_ablation_20260430_seed59_n512_global_dot_evaldisjoint,11,11,named_dev_gate_no_confirm,"['large_json_file_level', 'large_jsonl_file_level']"
results/source_private_candidate_local_residual_ablation_20260430_seed59_n512_gromov_wasserstein_dot_evaldisjoint,results,results/source_private_candidate_local_residual_ablation_20260430_seed59_n512_gromov_wasserstein_dot_evaldisjoint,11,11,named_dev_gate_no_confirm,"['large_json_file_level', 'large_jsonl_file_level']"
results/source_private_candidate_local_residual_ablation_20260430_seed59_n512_gromov_wasserstein_residual_norm_evaldisjoint,results,results/source_private_candidate_local_residual_ablation_20260430_seed59_n512_gromov_wasserstein_residual_norm_evaldisjoint,11,11,named_dev_gate_no_confirm,"['large_json_file_level', 'large_jsonl_file_level']"
results/source_private_candidate_local_residual_ablation_20260430_seed59_n512_inverse_relative_dot_evaldisjoint,results,results/source_private_candidate_local_residual_ablation_20260430_seed59_n512_inverse_relative_dot_evaldisjoint,11,11,named_dev_gate_no_confirm,"['large_json_file_level', 'large_jsonl_file_level']"
results/source_private_candidate_local_residual_ablation_20260430_seed59_n512_inverse_relative_residual_norm_evaldisjoint,results,results/source_private_candidate_local_residual_ablation_20260430_seed59_n512_inverse_relative_residual_norm_evaldisjoint,11,11,named_dev_gate_no_confirm,"['large_json_file_level', 'large_jsonl_file_level']"
results/source_private_candidate_local_residual_ablation_20260430_seed59_n512_procrustes_dot_evaldisjoint,results,results/source_private_candidate_local_residual_ablation_20260430_seed59_n512_procrustes_dot_evaldisjoint,11,11,named_dev_gate_no_confirm,"['large_json_file_level', 'large_jsonl_file_level']"
results/source_private_candidate_local_residual_ablation_20260430_seed59_n512_relative_anchor_dot_evaldisjoint,results,results/source_private_candidate_local_residual_ablation_20260430_seed59_n512_relative_anchor_dot_evaldisjoint,11,11,named_dev_gate_no_confirm,"['large_json_file_level', 'large_jsonl_file_level']"
results/source_private_candidate_local_residual_ablation_20260430_seed59_n512_relative_anchor_residual_norm_evaldisjoint,results,results/source_private_candidate_local_residual_ablation_20260430_seed59_n512_relative_anchor_residual_norm_evaldisjoint,11,11,named_dev_gate_no_confirm,"['large_json_file_level', 'large_jsonl_file_level']"
results/source_private_candidate_local_residual_ablation_20260430_seed59_n512_residual_no_norm_evaldisjoint,results,results/source_private_candidate_local_residual_ablation_20260430_seed59_n512_residual_no_norm_evaldisjoint,11,11,named_dev_gate_no_confirm,"['large_json_file_level', 'large_jsonl_file_level']"
results/source_private_candidate_local_residual_ablation_20260430_seed59_n512_ridge_cca_dot_evaldisjoint,results,results/source_private_candidate_local_residual_ablation_20260430_seed59_n512_ridge_cca_dot_evaldisjoint,11,11,named_dev_gate_no_confirm,"['large_json_file_level', 'large_jsonl_file_level']"
results/source_private_candidate_local_residual_ablation_20260430_seed59_n512_ridge_cca_residual_norm_evaldisjoint,results,results/source_private_candidate_local_residual_ablation_20260430_seed59_n512_ridge_cca_residual_norm_evaldisjoint,11,11,named_dev_gate_no_confirm,"['large_json_file_level', 'large_jsonl_file_level']"
results/source_private_candidate_local_residual_ablation_20260430_seed59_n512_sinkhorn_ot_dot_evaldisjoint,results,results/source_private_candidate_local_residual_ablation_20260430_seed59_n512_sinkhorn_ot_dot_evaldisjoint,11,11,named_dev_gate_no_confirm,"['large_json_file_level', 'large_jsonl_file_level']"
results/source_private_candidate_local_residual_ablation_20260430_seed59_n512_sinkhorn_ot_residual_norm_evaldisjoint,results,results/source_private_candidate_local_residual_ablation_20260430_seed59_n512_sinkhorn_ot_residual_norm_evaldisjoint,11,11,named_dev_gate_no_confirm,"['large_json_file_level', 'large_jsonl_file_level']"
results/source_private_candidate_local_residual_ablation_20260501_seed47_n512_relative_anchor_innovation_residual_norm_evaldisjoint,results,results/source_private_candidate_local_residual_ablation_20260501_seed47_n512_relative_anchor_innovation_residual_norm_evaldisjoint,11,11,named_dev_gate_no_confirm,"['large_json_file_level', 'large_jsonl_file_level']"
results/source_private_candidate_local_residual_ablation_20260501_seed47_n512_relative_anchor_rank_innovation_residual_norm_evaldisjoint,results,results/source_private_candidate_local_residual_ablation_20260501_seed47_n512_relative_anchor_rank_innovation_residual_norm_evaldisjoint,11,11,named_dev_gate_no_confirm,"['large_json_file_level', 'large_jsonl_file_level']"
results/source_private_candidate_local_residual_ablation_20260501_seed53_n512_relative_anchor_innovation_residual_norm_evaldisjoint,results,results/source_private_candidate_local_residual_ablation_20260501_seed53_n512_relative_anchor_innovation_residual_norm_evaldisjoint,11,11,named_dev_gate_no_confirm,"['large_json_file_level', 'large_jsonl_file_level']"
results/source_private_candidate_local_residual_ablation_20260501_seed53_n512_relative_anchor_rank_innovation_residual_norm_evaldisjoint,results,results/source_private_candidate_local_residual_ablation_20260501_seed53_n512_relative_anchor_rank_innovation_residual_norm_evaldisjoint,11,11,named_dev_gate_no_confirm,"['large_json_file_level', 'large_jsonl_file_level']"
results/source_private_candidate_local_residual_ablation_20260501_seed59_n512_relative_anchor_innovation_residual_norm_evaldisjoint,results,results/source_private_candidate_local_residual_ablation_20260501_seed59_n512_relative_anchor_innovation_residual_norm_evaldisjoint,11,11,named_dev_gate_no_confirm,"['large_json_file_level', 'large_jsonl_file_level']"
results/source_private_candidate_local_residual_ablation_20260501_seed59_n512_relative_anchor_rank_innovation_residual_norm_evaldisjoint,results,results/source_private_candidate_local_residual_ablation_20260501_seed59_n512_relative_anchor_rank_innovation_residual_norm_evaldisjoint,11,11,named_dev_gate_no_confirm,"['large_json_file_level', 'large_jsonl_file_level']"
results/source_private_candidate_local_residual_receiver_20260430,results,results/source_private_candidate_local_residual_receiver_20260430,2,2,no_named_partition_detected,['large_json_file_level']
results/source_private_candidate_local_residual_receiver_20260430_seed47_n128_minilm_teacher_norm_dec015,results,results/source_private_candidate_local_residual_receiver_20260430_seed47_n128_minilm_teacher_norm_dec015,17,17,named_dev_gate_no_confirm,"['large_json_file_level', 'large_jsonl_file_level']"
results/source_private_candidate_local_residual_receiver_20260430_seed47_n128_minilm_teacher_norm_dec045,results,results/source_private_candidate_local_residual_receiver_20260430_seed47_n128_minilm_teacher_norm_dec045,17,17,named_dev_gate_no_confirm,"['large_json_file_level', 'large_jsonl_file_level']"
results/source_private_candidate_local_residual_receiver_20260430_seed47_n128_minilm_teacher_norm_dec048,results,results/source_private_candidate_local_residual_receiver_20260430_seed47_n128_minilm_teacher_norm_dec048,17,17,named_dev_gate_no_confirm,"['large_json_file_level', 'large_jsonl_file_level']"
results/source_private_candidate_local_residual_receiver_20260430_seed47_n128_minilm_teacher_norm_dec048_evaldisjoint,results,results/source_private_candidate_local_residual_receiver_20260430_seed47_n128_minilm_teacher_norm_dec048_evaldisjoint,17,17,named_dev_gate_no_confirm,"['large_json_file_level', 'large_jsonl_file_level']"
results/source_private_candidate_local_residual_receiver_20260430_seed47_n128_minilm_teacher_norm_dec048_trainonly,results,results/source_private_candidate_local_residual_receiver_20260430_seed47_n128_minilm_teacher_norm_dec048_trainonly,17,17,named_dev_gate_no_confirm,"['large_json_file_level', 'large_jsonl_file_level']"
results/source_private_candidate_local_residual_receiver_20260430_seed47_n256_minilm_teacher_norm_dec048_evaldisjoint,results,results/source_private_candidate_local_residual_receiver_20260430_seed47_n256_minilm_teacher_norm_dec048_evaldisjoint,17,17,named_dev_gate_no_confirm,"['large_json_file_level', 'large_jsonl_file_level']"
results/source_private_candidate_local_residual_receiver_20260430_seed47_n512_minilm_teacher_norm_dec048_evaldisjoint,results,results/source_private_candidate_local_residual_receiver_20260430_seed47_n512_minilm_teacher_norm_dec048_evaldisjoint,17,17,named_dev_gate_no_confirm,"['large_json_file_level', 'large_jsonl_file_level']"
results/source_private_candidate_local_residual_receiver_20260430_seed53_n256_minilm_teacher_norm_dec048_evaldisjoint,results,results/source_private_candidate_local_residual_receiver_20260430_seed53_n256_minilm_teacher_norm_dec048_evaldisjoint,17,17,named_dev_gate_no_confirm,"['large_json_file_level', 'large_jsonl_file_level']"
results/source_private_candidate_local_residual_receiver_20260430_seed53_n256_minilm_teacher_norm_dec048_evaldisjoint_budget6_10,results,results/source_private_candidate_local_residual_receiver_20260430_seed53_n256_minilm_teacher_norm_dec048_evaldisjoint_budget6_10,14,14,named_dev_gate_no_confirm,"['large_json_file_level', 'large_jsonl_file_level']"
results/source_private_candidate_local_residual_receiver_20260430_seed53_n512_minilm_teacher_norm_dec048_evaldisjoint,results,results/source_private_candidate_local_residual_receiver_20260430_seed53_n512_minilm_teacher_norm_dec048_evaldisjoint,17,17,named_dev_gate_no_confirm,"['large_json_file_level', 'large_jsonl_file_level']"
results/source_private_candidate_local_residual_receiver_20260430_seed59_n256_minilm_teacher_norm_dec048_evaldisjoint,results,results/source_private_candidate_local_residual_receiver_20260430_seed59_n256_minilm_teacher_norm_dec048_evaldisjoint,17,17,named_dev_gate_no_confirm,"['large_json_file_level', 'large_jsonl_file_level']"
results/source_private_candidate_local_residual_receiver_20260430_seed59_n512_minilm_teacher_norm_dec048_evaldisjoint,results,results/source_private_candidate_local_residual_receiver_20260430_seed59_n512_minilm_teacher_norm_dec048_evaldisjoint,17,17,named_dev_gate_no_confirm,"['large_json_file_level', 'large_jsonl_file_level']"
results/source_private_candidate_local_residual_systems_waterfall_20260430,results,results/source_private_candidate_local_residual_systems_waterfall_20260430,3,3,no_named_partition_detected,"['large_csv_file_level', 'large_json_file_level']"
results/source_private_candidate_local_systems_boundary_trace_20260430,results,results/source_private_candidate_local_systems_boundary_trace_20260430,3,3,no_named_partition_detected,"['large_csv_file_level', 'large_json_file_level']"
results/source_private_candidate_local_threshold_frontier_20260501,results,results/source_private_candidate_local_threshold_frontier_20260501,4,4,no_named_partition_detected,"['large_csv_file_level', 'large_json_file_level']"
results/source_private_codebook_remap_gate_20260428,results,results/source_private_codebook_remap_gate_20260428,2,2,prior_eval_rows_present_no_clean_confirm,['large_json_file_level']
results/source_private_coded_label_risk_gate_20260429,results,results/source_private_coded_label_risk_gate_20260429,3,3,prior_eval_rows_present_no_clean_confirm,"['large_json_file_level', 'large_jsonl_file_level']"
results/source_private_colm_acceptance_baselines_20260502,results,results/source_private_colm_acceptance_baselines_20260502,14,14,prior_eval_rows_present_no_clean_confirm,"['large_csv_file_level', 'large_json_file_level', 'large_jsonl_file_level']"
results/source_private_colm_acceptance_baselines_20260505_obqa20,results,results/source_private_colm_acceptance_baselines_20260505_obqa20,20,20,prior_eval_rows_present_no_clean_confirm,"['large_csv_file_level', 'large_json_file_level', 'large_jsonl_file_level']"
results/source_private_commonsenseqa_bridge_contract_20260501,results,results/source_private_commonsenseqa_bridge_contract_20260501,4,4,named_dev_gate_no_confirm,"['large_json_file_level', 'large_jsonl_file_level']"
results/source_private_commonsenseqa_fixed_packet_gate_20260501_qwen05_hashed_validation_12b,results,results/source_private_commonsenseqa_fixed_packet_gate_20260501_qwen05_hashed_validation_12b,3,3,prior_eval_rows_present_no_clean_confirm,"['large_json_file_level', 'large_jsonl_file_level']"
results/source_private_commonsenseqa_score_fusion_packet_probe_20260501_qwen05_qwen3_validation,results,results/source_private_commonsenseqa_score_fusion_packet_probe_20260501_qwen05_qwen3_validation,2,2,named_dev_gate_no_confirm,['large_json_file_level']
results/source_private_commonsenseqa_score_packet_headroom_20260501_qwen05_validation,results,results/source_private_commonsenseqa_score_packet_headroom_20260501_qwen05_validation,2,2,named_dev_gate_no_confirm,['large_json_file_level']
results/source_private_commonsenseqa_score_packet_headroom_20260501_qwen05_validation_rankbin,results,results/source_private_commonsenseqa_score_packet_headroom_20260501_qwen05_validation_rankbin,1,1,named_dev_gate_no_confirm,['large_json_file_level']
results/source_private_commonsenseqa_seed_stability_20260501_qwen05_hashed_validation_1b,results,results/source_private_commonsenseqa_seed_stability_20260501_qwen05_hashed_validation_1b,1,1,prior_eval_rows_present_no_clean_confirm,['large_jsonl_file_level']
results/source_private_commonsenseqa_seed_stability_20260501_qwen05_hashed_validation_2b,results,results/source_private_commonsenseqa_seed_stability_20260501_qwen05_hashed_validation_2b,4,4,prior_eval_rows_present_no_clean_confirm,"['large_csv_file_level', 'large_json_file_level', 'large_jsonl_file_level']"
results/source_private_commonsenseqa_seed_stability_20260501_qwen05_hashed_validation_2b_gap001,results,results/source_private_commonsenseqa_seed_stability_20260501_qwen05_hashed_validation_2b_gap001,4,4,prior_eval_rows_present_no_clean_confirm,"['large_csv_file_level', 'large_json_file_level', 'large_jsonl_file_level']"
results/source_private_commonsenseqa_seed_stability_20260501_qwen05_hashed_validation_3b,results,results/source_private_commonsenseqa_seed_stability_20260501_qwen05_hashed_validation_3b,4,4,prior_eval_rows_present_no_clean_confirm,"['large_csv_file_level', 'large_json_file_level', 'large_jsonl_file_level']"
results/source_private_conditional_pq_basis_schema_grid_20260430,results,results/source_private_conditional_pq_basis_schema_grid_20260430,87,87,named_dev_gate_no_confirm,"['large_json_file_level', 'large_jsonl_file_level']"
results/source_private_conditional_pq_corruption_noop_receiver_gate_20260504,results,results/source_private_conditional_pq_corruption_noop_receiver_gate_20260504,18,18,named_dev_gate_no_confirm,"['large_json_file_level', 'large_jsonl_file_level']"
results/source_private_conditional_pq_iclr_colm_v2_status_20260504,results,results/source_private_conditional_pq_iclr_colm_v2_status_20260504,2,2,no_named_partition_detected,['large_json_file_level']
results/source_private_conditional_pq_innovation_gate_20260430,results,results/source_private_conditional_pq_innovation_gate_20260430,62,62,named_dev_gate_no_confirm,"['large_json_file_level', 'large_jsonl_file_level']"
results/source_private_conditional_pq_integrity_threshold_gate_20260504,results,results/source_private_conditional_pq_integrity_threshold_gate_20260504,4,4,named_dev_gate_no_confirm,"['large_csv_file_level', 'large_json_file_level', 'large_jsonl_file_level']"
results/source_private_conditional_pq_packet_isa_waterfall_20260430,results,results/source_private_conditional_pq_packet_isa_waterfall_20260430,2,2,no_named_partition_detected,['large_json_file_level']
results/source_private_conditional_pq_public_svd_whiten_gate_20260504,results,results/source_private_conditional_pq_public_svd_whiten_gate_20260504,6,6,named_dev_gate_no_confirm,"['large_json_file_level', 'large_jsonl_file_level']"
results/source_private_conditional_pq_public_zscore_gate_20260504,results,results/source_private_conditional_pq_public_zscore_gate_20260504,6,6,named_dev_gate_no_confirm,"['large_json_file_level', 'large_jsonl_file_level']"
results/source_private_conditional_semantic_syndrome_gate_20260429,results,results/source_private_conditional_semantic_syndrome_gate_20260429,17,17,named_dev_gate_no_confirm,"['large_json_file_level', 'large_jsonl_file_level']"
results/source_private_consistent_posterior_core_to_holdout_20260429,results,results/source_private_consistent_posterior_core_to_holdout_20260429,3,3,named_dev_gate_no_confirm,"['large_json_file_level', 'large_jsonl_file_level']"
results/source_private_consistent_posterior_core_to_holdout_large_20260429,results,results/source_private_consistent_posterior_core_to_holdout_large_20260429,3,3,named_dev_gate_no_confirm,"['large_json_file_level', 'large_jsonl_file_level']"
results/source_private_consistent_posterior_holdout_to_core_20260429,results,results/source_private_consistent_posterior_holdout_to_core_20260429,3,3,named_dev_gate_no_confirm,"['large_json_file_level', 'large_jsonl_file_level']"
results/source_private_consistent_posterior_holdout_to_core_large_20260429,results,results/source_private_consistent_posterior_holdout_to_core_large_20260429,3,3,named_dev_gate_no_confirm,"['large_json_file_level', 'large_jsonl_file_level']"
results/source_private_contrastive_frozen_receiver_bge_budget2_smoke_20260430,results,results/source_private_contrastive_frozen_receiver_bge_budget2_smoke_20260430,14,14,named_dev_gate_no_confirm,"['large_json_file_level', 'large_jsonl_file_level']"
results/source_private_contrastive_frozen_receiver_bge_smoke_20260430,results,results/source_private_contrastive_frozen_receiver_bge_smoke_20260430,14,14,named_dev_gate_no_confirm,"['large_json_file_level', 'large_jsonl_file_level']"
results/source_private_contrastive_receiver_semantic_anchor_smoke_20260430,results,results/source_private_contrastive_receiver_semantic_anchor_smoke_20260430,14,14,named_dev_gate_no_confirm,"['large_json_file_level', 'large_jsonl_file_level']"
results/source_private_contrastive_semantic_anchor_small_gate_20260430_n128_ctrlneg,results,results/source_private_contrastive_semantic_anchor_small_gate_20260430_n128_ctrlneg,11,11,named_dev_gate_no_confirm,"['large_json_file_level', 'large_jsonl_file_level']"
results/source_private_contrastive_semantic_anchor_small_gate_20260430_n128_noneg,results,results/source_private_contrastive_semantic_anchor_small_gate_20260430_n128_noneg,11,11,named_dev_gate_no_confirm,"['large_json_file_level', 'large_jsonl_file_level']"
results/source_private_contrastive_semantic_anchor_small_gate_20260430_n128_noneg_threshold070,results,results/source_private_contrastive_semantic_anchor_small_gate_20260430_n128_noneg_threshold070,11,11,named_dev_gate_no_confirm,"['large_json_file_level', 'large_jsonl_file_level']"
results/source_private_control_contrastive_frozen_receiver_bge_smoke_20260430,results,results/source_private_control_contrastive_frozen_receiver_bge_smoke_20260430,14,14,named_dev_gate_no_confirm,"['large_json_file_level', 'large_jsonl_file_level']"
results/source_private_control_regularized_jepa_query_resampler_semantic_anchor_smoke_20260430,results,results/source_private_control_regularized_jepa_query_resampler_semantic_anchor_smoke_20260430,14,14,named_dev_gate_no_confirm,"['large_json_file_level', 'large_jsonl_file_level']"
results/source_private_control_regularized_jepa_query_resampler_semantic_anchor_smoke_lowthreshold_20260430,results,results/source_private_control_regularized_jepa_query_resampler_semantic_anchor_smoke_lowthreshold_20260430,14,14,named_dev_gate_no_confirm,"['large_json_file_level', 'large_jsonl_file_level']"
results/source_private_cpu_systems_frontier_20260429,results,results/source_private_cpu_systems_frontier_20260429,3,3,no_named_partition_detected,"['large_csv_file_level', 'large_json_file_level']"
results/source_private_cross_benchmark_systems_comparator_20260501,results,results/source_private_cross_benchmark_systems_comparator_20260501,3,3,no_named_partition_detected,"['large_csv_file_level', 'large_json_file_level']"
results/source_private_cross_benchmark_systems_comparator_20260502,results,results/source_private_cross_benchmark_systems_comparator_20260502,3,3,no_named_partition_detected,"['large_csv_file_level', 'large_json_file_level']"
results/source_private_cross_family_negative_boundary_20260429,results,results/source_private_cross_family_negative_boundary_20260429,3,3,no_named_partition_detected,"['large_csv_file_level', 'large_json_file_level']"
results/source_private_diag_only_public_ablation_20260430,results,results/source_private_diag_only_public_ablation_20260430,54,54,no_named_partition_detected,"['large_json_file_level', 'large_jsonl_file_level']"
results/source_private_direct_low_rank_factor_bge_rank16_smoke_20260430,results,results/source_private_direct_low_rank_factor_bge_rank16_smoke_20260430,14,14,named_dev_gate_no_confirm,"['large_json_file_level', 'large_jsonl_file_level']"
results/source_private_direct_low_rank_factor_bge_rank4_smoke_20260430,results,results/source_private_direct_low_rank_factor_bge_rank4_smoke_20260430,14,14,named_dev_gate_no_confirm,"['large_json_file_level', 'large_jsonl_file_level']"
results/source_private_direct_low_rank_factor_bge_rank8_smoke_20260430,results,results/source_private_direct_low_rank_factor_bge_rank8_smoke_20260430,14,14,named_dev_gate_no_confirm,"['large_json_file_level', 'large_jsonl_file_level']"
results/source_private_endpoint_uncertainty_20260429,results,results/source_private_endpoint_uncertainty_20260429,6,6,no_named_partition_detected,['large_json_file_level']
results/source_private_evidence_packet_gate_20260427,results,results/source_private_evidence_packet_gate_20260427,3,3,prior_eval_rows_present_no_clean_confirm,"['large_json_file_level', 'large_jsonl_file_level']"
results/source_private_evidence_packet_llm_packet_20260428,results,results/source_private_evidence_packet_llm_packet_20260428,4,4,no_named_partition_detected,"['large_json_file_level', 'large_jsonl_file_level']"
results/source_private_evidence_packet_strict_small_20260428,results,results/source_private_evidence_packet_strict_small_20260428,13,13,no_named_partition_detected,"['large_json_file_level', 'large_jsonl_file_level']"
results/source_private_frozen_receiver_bge_midlast_smoke_20260430,results,results/source_private_frozen_receiver_bge_midlast_smoke_20260430,14,14,named_dev_gate_no_confirm,"['large_json_file_level', 'large_jsonl_file_level']"
results/source_private_frozen_receiver_bge_smoke_20260430,results,results/source_private_frozen_receiver_bge_smoke_20260430,11,11,named_dev_gate_no_confirm,"['large_json_file_level', 'large_jsonl_file_level']"
results/source_private_frozen_receiver_qwen3_0_6b_cpu_tiny_20260430,results,results/source_private_frozen_receiver_qwen3_0_6b_cpu_tiny_20260430,11,11,named_dev_gate_no_confirm,"['large_json_file_level', 'large_jsonl_file_level']"
results/source_private_hardware_packet_frontier_20260430,results,results/source_private_hardware_packet_frontier_20260430,4,4,no_named_partition_detected,"['large_csv_file_level', 'large_json_file_level']"
results/source_private_hellaswag_anchor_relative_hidden_code_scout_20260502_seed41_tinyllama_validation1024_2048,results,results/source_private_hellaswag_anchor_relative_hidden_code_scout_20260502_seed41_tinyllama_validation1024_2048,3,3,prior_eval_rows_present_no_clean_confirm,"['large_json_file_level', 'large_jsonl_file_level']"
results/source_private_hellaswag_anchor_relative_hidden_code_scout_20260502_seed59_tinyllama_validation1024_2048,results,results/source_private_hellaswag_anchor_relative_hidden_code_scout_20260502_seed59_tinyllama_validation1024_2048,3,3,prior_eval_rows_present_no_clean_confirm,"['large_json_file_level', 'large_jsonl_file_level']"
results/source_private_hellaswag_anchor_relative_hidden_code_scout_20260502_seed83_tinyllama_validation1024_2048,results,results/source_private_hellaswag_anchor_relative_hidden_code_scout_20260502_seed83_tinyllama_validation1024_2048,3,3,prior_eval_rows_present_no_clean_confirm,"['large_json_file_level', 'large_jsonl_file_level']"
results/source_private_hellaswag_anchor_relative_hidden_code_scout_20260502_tinyllama_validation1024_2048,results,results/source_private_hellaswag_anchor_relative_hidden_code_scout_20260502_tinyllama_validation1024_2048,3,3,prior_eval_rows_present_no_clean_confirm,"['large_json_file_level', 'large_jsonl_file_level']"
results/source_private_hellaswag_anchor_relative_hidden_innovation_gate_20260501_qwen05_train512_validation0_1024,results,results/source_private_hellaswag_anchor_relative_hidden_innovation_gate_20260501_qwen05_train512_validation0_1024,7,7,named_dev_gate_no_confirm,"['large_csv_file_level', 'large_json_file_level', 'large_jsonl_file_level', 'npz_file_level']"
results/source_private_hellaswag_anchor_relative_hidden_innovation_gate_20260501_qwen05_train512_validation1024_2048,results,results/source_private_hellaswag_anchor_relative_hidden_innovation_gate_20260501_qwen05_train512_validation1024_2048,7,7,named_dev_gate_no_confirm,"['large_csv_file_level', 'large_json_file_level', 'large_jsonl_file_level', 'npz_file_level']"
results/source_private_hellaswag_anchor_relative_hidden_innovation_gate_20260501_qwen05_train512_validation2048_3072,results,results/source_private_hellaswag_anchor_relative_hidden_innovation_gate_20260501_qwen05_train512_validation2048_3072,7,7,named_dev_gate_no_confirm,"['large_csv_file_level', 'large_json_file_level', 'large_jsonl_file_level', 'npz_file_level']"
results/source_private_hellaswag_anchor_relative_hidden_innovation_gate_20260501_qwen05_train512_validation3072_4096,results,results/source_private_hellaswag_anchor_relative_hidden_innovation_gate_20260501_qwen05_train512_validation3072_4096,7,7,named_dev_gate_no_confirm,"['large_csv_file_level', 'large_json_file_level', 'large_jsonl_file_level', 'npz_file_level']"
results/source_private_hellaswag_anchor_relative_hidden_innovation_gate_20260501_qwen05_train512_validation4096_5120,results,results/source_private_hellaswag_anchor_relative_hidden_innovation_gate_20260501_qwen05_train512_validation4096_5120,7,7,named_dev_gate_no_confirm,"['large_csv_file_level', 'large_json_file_level', 'large_jsonl_file_level', 'npz_file_level']"
results/source_private_hellaswag_anchor_relative_hidden_innovation_gate_20260504_qwen05_train512_validation1024_2048_cosine_rbf,results,results/source_private_hellaswag_anchor_relative_hidden_innovation_gate_20260504_qwen05_train512_validation1024_2048_cosine_rbf,7,7,named_dev_gate_no_confirm,"['large_csv_file_level', 'large_json_file_level', 'large_jsonl_file_level', 'npz_file_level']"
results/source_private_hellaswag_anchor_relative_hidden_innovation_gate_20260504_qwen05_train512_validation1024_2048_topk_cosine,results,results/source_private_hellaswag_anchor_relative_hidden_innovation_gate_20260504_qwen05_train512_validation1024_2048_topk_cosine,7,7,named_dev_gate_no_confirm,"['large_csv_file_level', 'large_json_file_level', 'large_jsonl_file_level', 'npz_file_level']"
results/source_private_hellaswag_anchor_relative_hidden_innovation_gate_20260504_qwen05_train512_validation1024_2048_topk_rbf,results,results/source_private_hellaswag_anchor_relative_hidden_innovation_gate_20260504_qwen05_train512_validation1024_2048_topk_rbf,7,7,named_dev_gate_no_confirm,"['large_csv_file_level', 'large_json_file_level', 'large_jsonl_file_level', 'npz_file_level']"
results/source_private_hellaswag_anchor_relative_hidden_innovation_multi_slice_stress_20260501_qwen05_validation0_5120,results,results/source_private_hellaswag_anchor_relative_hidden_innovation_multi_slice_stress_20260501_qwen05_validation0_5120,3,3,prior_eval_rows_present_no_clean_confirm,"['large_csv_file_level', 'large_json_file_level']"
results/source_private_hellaswag_anchor_variant_scout_20260501_qwen05_validation4096_5120,results,results/source_private_hellaswag_anchor_variant_scout_20260501_qwen05_validation4096_5120,11,11,prior_eval_rows_present_no_clean_confirm,"['large_csv_file_level', 'large_json_file_level', 'large_jsonl_file_level']"
results/source_private_hellaswag_bridge_contract_20260501,results,results/source_private_hellaswag_bridge_contract_20260501,6,6,named_dev_gate_no_confirm,"['large_json_file_level', 'large_jsonl_file_level']"
results/source_private_hellaswag_complementarity_frontier_diagnostic_20260504_validation1024_2048,results,results/source_private_hellaswag_complementarity_frontier_diagnostic_20260504_validation1024_2048,6,6,prior_eval_rows_present_no_clean_confirm,"['large_csv_file_level', 'large_json_file_level', 'large_jsonl_file_level']"
results/source_private_hellaswag_complementarity_headroom_gate_20260502,results,results/source_private_hellaswag_complementarity_headroom_gate_20260502,2,2,prior_eval_rows_present_no_clean_confirm,['large_json_file_level']
results/source_private_hellaswag_conditional_selector_syndrome_gate_20260502,results,results/source_private_hellaswag_conditional_selector_syndrome_gate_20260502,2,2,prior_eval_rows_present_no_clean_confirm,['large_json_file_level']
results/source_private_hellaswag_control_suite_20260501,results,results/source_private_hellaswag_control_suite_20260501,2,2,no_named_partition_detected,"['large_json_file_level', 'large_jsonl_file_level']"
results/source_private_hellaswag_crosscoder_hidden_code_scout_20260502_seed97_tinyllama_validation1024_2048,results,results/source_private_hellaswag_crosscoder_hidden_code_scout_20260502_seed97_tinyllama_validation1024_2048,3,3,prior_eval_rows_present_no_clean_confirm,"['large_json_file_level', 'large_jsonl_file_level']"
results/source_private_hellaswag_crosscoder_hidden_code_scout_20260502_tinyllama_validation1024_2048,results,results/source_private_hellaswag_crosscoder_hidden_code_scout_20260502_tinyllama_validation1024_2048,3,3,prior_eval_rows_present_no_clean_confirm,"['large_json_file_level', 'large_jsonl_file_level']"
results/source_private_hellaswag_decision_sparse_common_basis_hidden_innovation_packet_gate_20260504_validation1024_2048,results,results/source_private_hellaswag_decision_sparse_common_basis_hidden_innovation_packet_gate_20260504_validation1024_2048,7,7,prior_eval_rows_present_no_clean_confirm,"['large_csv_file_level', 'large_json_file_level', 'large_jsonl_file_level']"
results/source_private_hellaswag_dense_residual_sketch_scout_20260501_qwen05_validation4096_5120,results,results/source_private_hellaswag_dense_residual_sketch_scout_20260501_qwen05_validation4096_5120,10,10,prior_eval_rows_present_no_clean_confirm,"['large_csv_file_level', 'large_json_file_level', 'large_jsonl_file_level']"
results/source_private_hellaswag_disagreement_prototype_receiver_20260502,results,results/source_private_hellaswag_disagreement_prototype_receiver_20260502,2,2,no_named_partition_detected,['large_json_file_level']
results/source_private_hellaswag_disagreement_prototype_receiver_gate_20260503,results,results/source_private_hellaswag_disagreement_prototype_receiver_gate_20260503,2,2,prior_eval_rows_present_no_clean_confirm,['large_json_file_level']
results/source_private_hellaswag_discrete_query_innovation_codec_gate_20260502,results,results/source_private_hellaswag_discrete_query_innovation_codec_gate_20260502,2,2,prior_eval_rows_present_no_clean_confirm,['large_json_file_level']
results/source_private_hellaswag_fixed_hybrid_full_validation_gate_20260503_validation0_10042,results,results/source_private_hellaswag_fixed_hybrid_full_validation_gate_20260503_validation0_10042,4,4,prior_eval_rows_present_no_clean_confirm,"['large_csv_file_level', 'large_json_file_level']"
results/source_private_hellaswag_fixed_hybrid_option_position_audit_20260503_validation0_10042,results,results/source_private_hellaswag_fixed_hybrid_option_position_audit_20260503_validation0_10042,9,9,prior_eval_rows_present_no_clean_confirm,"['large_csv_file_level', 'large_json_file_level']"
results/source_private_hellaswag_fixed_hybrid_true_candidate_text_permutation_gate_20260503_validation0_512,results,results/source_private_hellaswag_fixed_hybrid_true_candidate_text_permutation_gate_20260503_validation0_512,19,19,named_dev_gate_no_confirm,"['large_csv_file_level', 'large_json_file_level', 'large_jsonl_file_level', 'npz_file_level']"
results/source_private_hellaswag_fixed_hybrid_true_candidate_text_permutation_gate_20260504_validation0_1024,results,results/source_private_hellaswag_fixed_hybrid_true_candidate_text_permutation_gate_20260504_validation0_1024,19,19,named_dev_gate_no_confirm,"['large_csv_file_level', 'large_json_file_level', 'large_jsonl_file_level', 'npz_file_level']"
results/source_private_hellaswag_fixed_hybrid_true_candidate_text_permutation_gate_20260504_validation1024_2048,results,results/source_private_hellaswag_fixed_hybrid_true_candidate_text_permutation_gate_20260504_validation1024_2048,19,19,named_dev_gate_no_confirm,"['large_csv_file_level', 'large_json_file_level', 'large_jsonl_file_level', 'npz_file_level']"
results/source_private_hellaswag_fixed_hybrid_true_candidate_text_permutation_seed_gate_20260504_validation0_1024_seed314159,results,results/source_private_hellaswag_fixed_hybrid_true_candidate_text_permutation_seed_gate_20260504_validation0_1024_seed314159,19,19,named_dev_gate_no_confirm,"['large_csv_file_level', 'large_json_file_level', 'large_jsonl_file_level', 'npz_file_level']"
results/source_private_hellaswag_fixed_packet_gate_20260501_qwen05_hashed_validation1024_2b,results,results/source_private_hellaswag_fixed_packet_gate_20260501_qwen05_hashed_validation1024_2b,3,3,prior_eval_rows_present_no_clean_confirm,"['large_json_file_level', 'large_jsonl_file_level']"
results/source_private_hellaswag_fixed_packet_gate_20260501_qwen05_hashed_validation512_12b,results,results/source_private_hellaswag_fixed_packet_gate_20260501_qwen05_hashed_validation512_12b,3,3,prior_eval_rows_present_no_clean_confirm,"['large_json_file_level', 'large_jsonl_file_level']"
results/source_private_hellaswag_hidden_code_packet_scout_20260502_tinyllama_validation1024_2048,results,results/source_private_hellaswag_hidden_code_packet_scout_20260502_tinyllama_validation1024_2048,5,5,prior_eval_rows_present_no_clean_confirm,"['large_json_file_level', 'large_jsonl_file_level', 'npz_file_level']"
results/source_private_hellaswag_hidden_innovation_bagged_gate_20260501_qwen05_train512_validation1024,results,results/source_private_hellaswag_hidden_innovation_bagged_gate_20260501_qwen05_train512_validation1024,5,5,named_dev_gate_no_confirm,"['large_csv_file_level', 'large_json_file_level', 'large_jsonl_file_level']"
results/source_private_hellaswag_hidden_innovation_bagged_gate_20260502_qwen05_train512_validation1024_hybrid_vote_on_score_agreement,results,results/source_private_hellaswag_hidden_innovation_bagged_gate_20260502_qwen05_train512_validation1024_hybrid_vote_on_score_agreement,6,6,named_dev_gate_no_confirm,"['large_csv_file_level', 'large_json_file_level', 'large_jsonl_file_level']"
results/source_private_hellaswag_hidden_innovation_bagged_gate_20260503_rank_score_channel_controls_qwen05_train512_validation1024,results,results/source_private_hellaswag_hidden_innovation_bagged_gate_20260503_rank_score_channel_controls_qwen05_train512_validation1024,6,6,named_dev_gate_no_confirm,"['large_csv_file_level', 'large_json_file_level', 'large_jsonl_file_level']"
results/source_private_hellaswag_hidden_innovation_bagged_gate_third_sample_20260501_qwen05_train512_validation1024,results,results/source_private_hellaswag_hidden_innovation_bagged_gate_third_sample_20260501_qwen05_train512_validation1024,6,6,named_dev_gate_no_confirm,"['large_csv_file_level', 'large_json_file_level', 'large_jsonl_file_level']"
results/source_private_hellaswag_hidden_innovation_eval_full_stress_20260502_tinyllama_train512_validation0_10042,results,results/source_private_hellaswag_hidden_innovation_eval_full_stress_20260502_tinyllama_train512_validation0_10042,11,11,named_dev_gate_no_confirm,"['large_csv_file_level', 'large_json_file_level', 'large_jsonl_file_level']"
results/source_private_hellaswag_hidden_innovation_eval_slice_stress_20260501_qwen05_train512_validation1024_2048,results,results/source_private_hellaswag_hidden_innovation_eval_slice_stress_20260501_qwen05_train512_validation1024_2048,12,12,named_dev_gate_no_confirm,"['large_csv_file_level', 'large_json_file_level', 'large_jsonl_file_level', 'npz_file_level']"
results/source_private_hellaswag_hidden_innovation_eval_slice_stress_20260501_qwen05_train512_validation2048_3072,results,results/source_private_hellaswag_hidden_innovation_eval_slice_stress_20260501_qwen05_train512_validation2048_3072,12,12,named_dev_gate_no_confirm,"['large_csv_file_level', 'large_json_file_level', 'large_jsonl_file_level', 'npz_file_level']"
results/source_private_hellaswag_hidden_innovation_eval_slice_stress_20260501_qwen05_train512_validation3072_4096,results,results/source_private_hellaswag_hidden_innovation_eval_slice_stress_20260501_qwen05_train512_validation3072_4096,12,12,named_dev_gate_no_confirm,"['large_csv_file_level', 'large_json_file_level', 'large_jsonl_file_level', 'npz_file_level']"
results/source_private_hellaswag_hidden_innovation_eval_slice_stress_20260501_qwen05_train512_validation4096_5120,results,results/source_private_hellaswag_hidden_innovation_eval_slice_stress_20260501_qwen05_train512_validation4096_5120,12,12,named_dev_gate_no_confirm,"['large_csv_file_level', 'large_json_file_level', 'large_jsonl_file_level', 'npz_file_level']"
results/source_private_hellaswag_hidden_innovation_eval_slice_stress_20260501_qwen05_train512_validation5120_6144,results,results/source_private_hellaswag_hidden_innovation_eval_slice_stress_20260501_qwen05_train512_validation5120_6144,12,12,named_dev_gate_no_confirm,"['large_csv_file_level', 'large_json_file_level', 'large_jsonl_file_level', 'npz_file_level']"
results/source_private_hellaswag_hidden_innovation_eval_slice_stress_20260501_qwen05_train512_validation6144_7168,results,results/source_private_hellaswag_hidden_innovation_eval_slice_stress_20260501_qwen05_train512_validation6144_7168,12,12,named_dev_gate_no_confirm,"['large_csv_file_level', 'large_json_file_level', 'large_jsonl_file_level', 'npz_file_level']"
results/source_private_hellaswag_hidden_innovation_eval_slice_stress_20260501_qwen05_train512_validation7168_8192,results,results/source_private_hellaswag_hidden_innovation_eval_slice_stress_20260501_qwen05_train512_validation7168_8192,12,12,named_dev_gate_no_confirm,"['large_csv_file_level', 'large_json_file_level', 'large_jsonl_file_level', 'npz_file_level']"
results/source_private_hellaswag_hidden_innovation_eval_slice_stress_20260501_qwen05_train512_validation8192_9216,results,results/source_private_hellaswag_hidden_innovation_eval_slice_stress_20260501_qwen05_train512_validation8192_9216,12,12,named_dev_gate_no_confirm,"['large_csv_file_level', 'large_json_file_level', 'large_jsonl_file_level', 'npz_file_level']"
results/source_private_hellaswag_hidden_innovation_eval_slice_stress_20260501_qwen05_train512_validation9216_10042,results,results/source_private_hellaswag_hidden_innovation_eval_slice_stress_20260501_qwen05_train512_validation9216_10042,12,12,named_dev_gate_no_confirm,"['large_csv_file_level', 'large_json_file_level', 'large_jsonl_file_level', 'npz_file_level']"
results/source_private_hellaswag_hidden_innovation_eval_slice_stress_20260501_qwen05_train512_validation9216_10042_4sample_scout,results,results/source_private_hellaswag_hidden_innovation_eval_slice_stress_20260501_qwen05_train512_validation9216_10042_4sample_scout,9,9,named_dev_gate_no_confirm,"['large_csv_file_level', 'large_json_file_level', 'large_jsonl_file_level']"
results/source_private_hellaswag_hidden_innovation_eval_slice_stress_20260502_qwen05_train512_validation9216_10042_4sample_hybrid_vote_on_score_agreement,results,results/source_private_hellaswag_hidden_innovation_eval_slice_stress_20260502_qwen05_train512_validation9216_10042_4sample_hybrid_vote_on_score_agreement,9,9,named_dev_gate_no_confirm,"['large_csv_file_level', 'large_json_file_level', 'large_jsonl_file_level']"
results/source_private_hellaswag_hidden_innovation_eval_slice_stress_20260502_qwen05_train512_validation9216_10042_hybrid_vote_on_score_agreement,results,results/source_private_hellaswag_hidden_innovation_eval_slice_stress_20260502_qwen05_train512_validation9216_10042_hybrid_vote_on_score_agreement,9,9,named_dev_gate_no_confirm,"['large_csv_file_level', 'large_json_file_level', 'large_jsonl_file_level']"
results/source_private_hellaswag_hidden_innovation_eval_slice_stress_20260502_tinyllama_train512_validation1024_2048,results,results/source_private_hellaswag_hidden_innovation_eval_slice_stress_20260502_tinyllama_train512_validation1024_2048,11,11,named_dev_gate_no_confirm,"['large_csv_file_level', 'large_json_file_level', 'large_jsonl_file_level']"
results/source_private_hellaswag_hidden_innovation_eval_slice_stress_20260503_rank_score_channel_qwen05_train512_validation1024_2048,results,results/source_private_hellaswag_hidden_innovation_eval_slice_stress_20260503_rank_score_channel_qwen05_train512_validation1024_2048,9,9,named_dev_gate_no_confirm,"['large_csv_file_level', 'large_json_file_level', 'large_jsonl_file_level']"
results/source_private_hellaswag_hidden_innovation_eval_slice_stress_20260503_rank_score_channel_qwen05_train512_validation2048_3072,results,results/source_private_hellaswag_hidden_innovation_eval_slice_stress_20260503_rank_score_channel_qwen05_train512_validation2048_3072,9,9,named_dev_gate_no_confirm,"['large_csv_file_level', 'large_json_file_level', 'large_jsonl_file_level']"
results/source_private_hellaswag_hidden_innovation_eval_slice_stress_20260503_rank_score_channel_qwen05_train512_validation3072_4096,results,results/source_private_hellaswag_hidden_innovation_eval_slice_stress_20260503_rank_score_channel_qwen05_train512_validation3072_4096,9,9,named_dev_gate_no_confirm,"['large_csv_file_level', 'large_json_file_level', 'large_jsonl_file_level']"
results/source_private_hellaswag_hidden_innovation_eval_slice_stress_20260503_rank_score_channel_qwen05_train512_validation4096_5120,results,results/source_private_hellaswag_hidden_innovation_eval_slice_stress_20260503_rank_score_channel_qwen05_train512_validation4096_5120,9,9,named_dev_gate_no_confirm,"['large_csv_file_level', 'large_json_file_level', 'large_jsonl_file_level']"
results/source_private_hellaswag_hidden_innovation_eval_slice_stress_20260503_rank_score_channel_qwen05_train512_validation5120_6144,results,results/source_private_hellaswag_hidden_innovation_eval_slice_stress_20260503_rank_score_channel_qwen05_train512_validation5120_6144,9,9,named_dev_gate_no_confirm,"['large_csv_file_level', 'large_json_file_level', 'large_jsonl_file_level']"
results/source_private_hellaswag_hidden_innovation_eval_slice_stress_20260503_rank_score_channel_qwen05_train512_validation6144_7168,results,results/source_private_hellaswag_hidden_innovation_eval_slice_stress_20260503_rank_score_channel_qwen05_train512_validation6144_7168,9,9,named_dev_gate_no_confirm,"['large_csv_file_level', 'large_json_file_level', 'large_jsonl_file_level']"
results/source_private_hellaswag_hidden_innovation_eval_slice_stress_20260503_rank_score_channel_qwen05_train512_validation7168_8192,results,results/source_private_hellaswag_hidden_innovation_eval_slice_stress_20260503_rank_score_channel_qwen05_train512_validation7168_8192,9,9,named_dev_gate_no_confirm,"['large_csv_file_level', 'large_json_file_level', 'large_jsonl_file_level']"
results/source_private_hellaswag_hidden_innovation_eval_slice_stress_20260503_rank_score_channel_qwen05_train512_validation8192_9216,results,results/source_private_hellaswag_hidden_innovation_eval_slice_stress_20260503_rank_score_channel_qwen05_train512_validation8192_9216,9,9,named_dev_gate_no_confirm,"['large_csv_file_level', 'large_json_file_level', 'large_jsonl_file_level']"
results/source_private_hellaswag_hidden_innovation_eval_slice_stress_20260503_rank_score_channel_qwen05_train512_validation9216_10042,results,results/source_private_hellaswag_hidden_innovation_eval_slice_stress_20260503_rank_score_channel_qwen05_train512_validation9216_10042,9,9,named_dev_gate_no_confirm,"['large_csv_file_level', 'large_json_file_level', 'large_jsonl_file_level']"
results/source_private_hellaswag_hidden_innovation_eval_slice_stress_20260504_qwen05_train512_validation9216_10042_terminal_tail_stability,results,results/source_private_hellaswag_hidden_innovation_eval_slice_stress_20260504_qwen05_train512_validation9216_10042_terminal_tail_stability,9,9,named_dev_gate_no_confirm,"['large_csv_file_level', 'large_json_file_level', 'large_jsonl_file_level']"
results/source_private_hellaswag_hidden_innovation_global_stability_20260502,results,results/source_private_hellaswag_hidden_innovation_global_stability_20260502,8,8,no_named_partition_detected,"['large_csv_file_level', 'large_json_file_level', 'large_jsonl_file_level']"
results/source_private_hellaswag_hidden_innovation_multi_slice_stress_20260501_qwen05_validation0_10042,results,results/source_private_hellaswag_hidden_innovation_multi_slice_stress_20260501_qwen05_validation0_10042,3,3,prior_eval_rows_present_no_clean_confirm,"['large_csv_file_level', 'large_json_file_level']"
results/source_private_hellaswag_hidden_innovation_multi_slice_stress_20260501_qwen05_validation0_3072,results,results/source_private_hellaswag_hidden_innovation_multi_slice_stress_20260501_qwen05_validation0_3072,3,3,prior_eval_rows_present_no_clean_confirm,"['large_csv_file_level', 'large_json_file_level']"
results/source_private_hellaswag_hidden_innovation_multi_slice_stress_20260501_qwen05_validation0_4096,results,results/source_private_hellaswag_hidden_innovation_multi_slice_stress_20260501_qwen05_validation0_4096,3,3,prior_eval_rows_present_no_clean_confirm,"['large_csv_file_level', 'large_json_file_level']"
results/source_private_hellaswag_hidden_innovation_multi_slice_stress_20260501_qwen05_validation0_5120,results,results/source_private_hellaswag_hidden_innovation_multi_slice_stress_20260501_qwen05_validation0_5120,3,3,prior_eval_rows_present_no_clean_confirm,"['large_csv_file_level', 'large_json_file_level']"
results/source_private_hellaswag_hidden_innovation_multi_slice_stress_20260501_qwen05_validation0_6144,results,results/source_private_hellaswag_hidden_innovation_multi_slice_stress_20260501_qwen05_validation0_6144,3,3,prior_eval_rows_present_no_clean_confirm,"['large_csv_file_level', 'large_json_file_level']"
results/source_private_hellaswag_hidden_innovation_multi_slice_stress_20260501_qwen05_validation0_7168,results,results/source_private_hellaswag_hidden_innovation_multi_slice_stress_20260501_qwen05_validation0_7168,3,3,prior_eval_rows_present_no_clean_confirm,"['large_csv_file_level', 'large_json_file_level']"
results/source_private_hellaswag_hidden_innovation_multi_slice_stress_20260501_qwen05_validation0_8192,results,results/source_private_hellaswag_hidden_innovation_multi_slice_stress_20260501_qwen05_validation0_8192,3,3,prior_eval_rows_present_no_clean_confirm,"['large_csv_file_level', 'large_json_file_level']"
results/source_private_hellaswag_hidden_innovation_multi_slice_stress_20260501_qwen05_validation0_9216,results,results/source_private_hellaswag_hidden_innovation_multi_slice_stress_20260501_qwen05_validation0_9216,3,3,prior_eval_rows_present_no_clean_confirm,"['large_csv_file_level', 'large_json_file_level']"
results/source_private_hellaswag_hidden_innovation_multi_slice_stress_20260503_rank_score_channel_qwen05_validation0_10042,results,results/source_private_hellaswag_hidden_innovation_multi_slice_stress_20260503_rank_score_channel_qwen05_validation0_10042,3,3,named_dev_gate_no_confirm,"['large_csv_file_level', 'large_json_file_level']"
results/source_private_hellaswag_hidden_innovation_multi_slice_stress_20260503_rank_score_channel_qwen05_validation0_9216,results,results/source_private_hellaswag_hidden_innovation_multi_slice_stress_20260503_rank_score_channel_qwen05_validation0_9216,3,3,named_dev_gate_no_confirm,"['large_csv_file_level', 'large_json_file_level']"
results/source_private_hellaswag_hidden_innovation_repair_probe_20260501_qwen05_train512_validation1024,results,results/source_private_hellaswag_hidden_innovation_repair_probe_20260501_qwen05_train512_validation1024,4,4,named_dev_gate_no_confirm,"['large_json_file_level', 'large_jsonl_file_level']"
results/source_private_hellaswag_hidden_innovation_stability_gate_20260501_qwen05_train512_validation1024,results,results/source_private_hellaswag_hidden_innovation_stability_gate_20260501_qwen05_train512_validation1024,4,4,named_dev_gate_no_confirm,"['large_csv_file_level', 'large_json_file_level', 'large_jsonl_file_level']"
results/source_private_hellaswag_hidden_innovation_train_sample_stress_20260501_qwen05_train512_validation1024,results,results/source_private_hellaswag_hidden_innovation_train_sample_stress_20260501_qwen05_train512_validation1024,14,14,named_dev_gate_no_confirm,"['large_csv_file_level', 'large_json_file_level', 'large_jsonl_file_level', 'npz_file_level']"
results/source_private_hellaswag_hidden_innovation_train_sample_stress_20260502_tinyllama_train512,results,results/source_private_hellaswag_hidden_innovation_train_sample_stress_20260502_tinyllama_train512,9,9,no_named_partition_detected,"['large_json_file_level', 'npz_file_level']"
results/source_private_hellaswag_hidden_innovation_train_sample_stress_ridge_stable_20260501_qwen05_train512_validation1024,results,results/source_private_hellaswag_hidden_innovation_train_sample_stress_ridge_stable_20260501_qwen05_train512_validation1024,8,8,named_dev_gate_no_confirm,"['large_csv_file_level', 'large_json_file_level', 'large_jsonl_file_level', 'npz_file_level']"
results/source_private_hellaswag_hidden_summary_repair_probe_20260501_qwen05_train512_validation1024,results,results/source_private_hellaswag_hidden_summary_repair_probe_20260501_qwen05_train512_validation1024,7,7,named_dev_gate_no_confirm,"['large_json_file_level', 'large_jsonl_file_level', 'npz_file_level']"
results/source_private_hellaswag_hybrid_anti_harm_veto_gate_20260503_validation0_9216,results,results/source_private_hellaswag_hybrid_anti_harm_veto_gate_20260503_validation0_9216,4,4,prior_eval_rows_present_no_clean_confirm,"['large_csv_file_level', 'large_json_file_level']"
results/source_private_hellaswag_learned_residual_basis_gate_20260501_qwen05_train512_validation0_1024,results,results/source_private_hellaswag_learned_residual_basis_gate_20260501_qwen05_train512_validation0_1024,6,6,named_dev_gate_no_confirm,"['large_csv_file_level', 'large_json_file_level', 'large_jsonl_file_level']"
results/source_private_hellaswag_learned_residual_basis_gate_20260501_qwen05_train512_validation1024_2048,results,results/source_private_hellaswag_learned_residual_basis_gate_20260501_qwen05_train512_validation1024_2048,6,6,named_dev_gate_no_confirm,"['large_csv_file_level', 'large_json_file_level', 'large_jsonl_file_level']"
results/source_private_hellaswag_learned_residual_basis_gate_20260501_qwen05_train512_validation2048_3072,results,results/source_private_hellaswag_learned_residual_basis_gate_20260501_qwen05_train512_validation2048_3072,6,6,named_dev_gate_no_confirm,"['large_csv_file_level', 'large_json_file_level', 'large_jsonl_file_level']"
results/source_private_hellaswag_learned_residual_basis_gate_20260501_qwen05_train512_validation3072_4096,results,results/source_private_hellaswag_learned_residual_basis_gate_20260501_qwen05_train512_validation3072_4096,6,6,named_dev_gate_no_confirm,"['large_csv_file_level', 'large_json_file_level', 'large_jsonl_file_level']"
results/source_private_hellaswag_learned_residual_basis_gate_20260501_qwen05_train512_validation4096_5120,results,results/source_private_hellaswag_learned_residual_basis_gate_20260501_qwen05_train512_validation4096_5120,6,6,named_dev_gate_no_confirm,"['large_csv_file_level', 'large_json_file_level', 'large_jsonl_file_level']"
results/source_private_hellaswag_learned_residual_basis_multi_slice_stress_20260501_qwen05_validation0_5120,results,results/source_private_hellaswag_learned_residual_basis_multi_slice_stress_20260501_qwen05_validation0_5120,3,3,prior_eval_rows_present_no_clean_confirm,"['large_csv_file_level', 'large_json_file_level']"
results/source_private_hellaswag_learned_residual_basis_scout_20260501_qwen05_validation4096_5120,results,results/source_private_hellaswag_learned_residual_basis_scout_20260501_qwen05_validation4096_5120,12,12,prior_eval_rows_present_no_clean_confirm,"['large_csv_file_level', 'large_json_file_level', 'large_jsonl_file_level']"
results/source_private_hellaswag_learned_source_code_packet_gate_20260502,results,results/source_private_hellaswag_learned_source_code_packet_gate_20260502,2,2,prior_eval_rows_present_no_clean_confirm,['large_json_file_level']
results/source_private_hellaswag_minimal_packet_compaction_20260502,results,results/source_private_hellaswag_minimal_packet_compaction_20260502,2,2,no_named_partition_detected,['large_json_file_level']
results/source_private_hellaswag_multisignal_packet_frontier_gate_20260504_validation1024_2048,results,results/source_private_hellaswag_multisignal_packet_frontier_gate_20260504_validation1024_2048,5,5,prior_eval_rows_present_no_clean_confirm,"['large_csv_file_level', 'large_json_file_level', 'large_jsonl_file_level']"
results/source_private_hellaswag_nonlinear_selector_syndrome_gate_20260502,results,results/source_private_hellaswag_nonlinear_selector_syndrome_gate_20260502,2,2,prior_eval_rows_present_no_clean_confirm,['large_json_file_level']
results/source_private_hellaswag_nonqwen_anchor_acceptor_gate_20260503_validation1024_2048,results,results/source_private_hellaswag_nonqwen_anchor_acceptor_gate_20260503_validation1024_2048,3,3,prior_eval_rows_present_no_clean_confirm,"['large_csv_file_level', 'large_json_file_level']"
results/source_private_hellaswag_nonqwen_receiver_family_multislice_summary_20260503_validation1024_2048,results,results/source_private_hellaswag_nonqwen_receiver_family_multislice_summary_20260503_validation1024_2048,3,3,prior_eval_rows_present_no_clean_confirm,"['large_csv_file_level', 'large_json_file_level']"
results/source_private_hellaswag_nonqwen_receiver_family_packet_gate_20260503_validation1024_1536,results,results/source_private_hellaswag_nonqwen_receiver_family_packet_gate_20260503_validation1024_1536,8,8,named_dev_gate_no_confirm,"['large_json_file_level', 'large_jsonl_file_level']"
results/source_private_hellaswag_nonqwen_receiver_family_packet_gate_20260503_validation1536_2048,results,results/source_private_hellaswag_nonqwen_receiver_family_packet_gate_20260503_validation1536_2048,8,8,named_dev_gate_no_confirm,"['large_json_file_level', 'large_jsonl_file_level']"
results/source_private_hellaswag_nonqwen_score_simplex_receiver_gate_20260503_validation1024_2048,results,results/source_private_hellaswag_nonqwen_score_simplex_receiver_gate_20260503_validation1024_2048,3,3,named_dev_gate_no_confirm,"['large_csv_file_level', 'large_json_file_level']"
results/source_private_hellaswag_official_train_receiver_calibration_20260502,results,results/source_private_hellaswag_official_train_receiver_calibration_20260502,2,2,no_named_partition_detected,['large_json_file_level']
results/source_private_hellaswag_pq_hidden_innovation_codec_gate_20260502_tinyllama_validation1024_2048,results,results/source_private_hellaswag_pq_hidden_innovation_codec_gate_20260502_tinyllama_validation1024_2048,3,3,prior_eval_rows_present_no_clean_confirm,"['large_json_file_level', 'large_jsonl_file_level']"
results/source_private_hellaswag_public_receiver_repair_probe_20260501_qwen05_validation1024,results,results/source_private_hellaswag_public_receiver_repair_probe_20260501_qwen05_validation1024,2,2,prior_eval_rows_present_no_clean_confirm,"['large_json_file_level', 'large_jsonl_file_level']"
results/source_private_hellaswag_qwen_hybrid_to_phi_conditional_acceptor_gate_20260503_validation1024_2048,results,results/source_private_hellaswag_qwen_hybrid_to_phi_conditional_acceptor_gate_20260503_validation1024_2048,4,4,prior_eval_rows_present_no_clean_confirm,"['large_csv_file_level', 'large_json_file_level']"
results/source_private_hellaswag_qwen_hybrid_to_phi_cross_family_gate_20260503_validation1024_2048,results,results/source_private_hellaswag_qwen_hybrid_to_phi_cross_family_gate_20260503_validation1024_2048,4,4,prior_eval_rows_present_no_clean_confirm,"['large_csv_file_level', 'large_json_file_level']"
results/source_private_hellaswag_qwen_strict_packet_to_phi_receiver_20260503_validation1024_1536,results,results/source_private_hellaswag_qwen_strict_packet_to_phi_receiver_20260503_validation1024_1536,4,4,prior_eval_rows_present_no_clean_confirm,"['large_json_file_level', 'large_jsonl_file_level']"
results/source_private_hellaswag_qwen_strict_packet_to_phi_receiver_20260503_validation1536_2048,results,results/source_private_hellaswag_qwen_strict_packet_to_phi_receiver_20260503_validation1536_2048,4,4,prior_eval_rows_present_no_clean_confirm,"['large_json_file_level', 'large_jsonl_file_level']"
results/source_private_hellaswag_qwen_strict_packet_to_phi_receiver_multislice_20260503_validation1024_2048,results,results/source_private_hellaswag_qwen_strict_packet_to_phi_receiver_multislice_20260503_validation1024_2048,3,3,prior_eval_rows_present_no_clean_confirm,"['large_csv_file_level', 'large_json_file_level']"
results/source_private_hellaswag_qwen_to_phi_conditional_innovation_codec_gate_20260504_validation1024_2048,results,results/source_private_hellaswag_qwen_to_phi_conditional_innovation_codec_gate_20260504_validation1024_2048,5,5,prior_eval_rows_present_no_clean_confirm,"['large_csv_file_level', 'large_json_file_level']"
results/source_private_hellaswag_qwen_to_phi_denoising_syndrome_packet_gate_20260504_validation1024_2048,results,results/source_private_hellaswag_qwen_to_phi_denoising_syndrome_packet_gate_20260504_validation1024_2048,5,5,prior_eval_rows_present_no_clean_confirm,"['large_csv_file_level', 'large_json_file_level']"
results/source_private_hellaswag_qwen_to_phi_error_conditioned_syndrome_gate_20260504_validation1024_2048,results,results/source_private_hellaswag_qwen_to_phi_error_conditioned_syndrome_gate_20260504_validation1024_2048,5,5,prior_eval_rows_present_no_clean_confirm,"['large_csv_file_level', 'large_json_file_level']"
results/source_private_hellaswag_qwen_to_phi_error_repair_audit_20260504_validation1024_2048,results,results/source_private_hellaswag_qwen_to_phi_error_repair_audit_20260504_validation1024_2048,4,4,prior_eval_rows_present_no_clean_confirm,"['large_csv_file_level', 'large_json_file_level']"
results/source_private_hellaswag_qwen_to_phi_harm_controlled_bucket_gate_20260504_validation1024_2048,results,results/source_private_hellaswag_qwen_to_phi_harm_controlled_bucket_gate_20260504_validation1024_2048,6,6,prior_eval_rows_present_no_clean_confirm,"['large_csv_file_level', 'large_json_file_level']"
results/source_private_hellaswag_qwen_to_phi_heldout_uncertainty_router_gate_20260504_validation1024_2048,results,results/source_private_hellaswag_qwen_to_phi_heldout_uncertainty_router_gate_20260504_validation1024_2048,6,6,prior_eval_rows_present_no_clean_confirm,"['large_csv_file_level', 'large_json_file_level', 'large_jsonl_file_level']"
results/source_private_hellaswag_qwen_to_phi_official_train_receiver_calibrated_gate_20260504_validation1024_2048,results,results/source_private_hellaswag_qwen_to_phi_official_train_receiver_calibrated_gate_20260504_validation1024_2048,6,6,named_dev_gate_no_confirm,"['large_csv_file_level', 'large_json_file_level']"
results/source_private_hellaswag_qwen_to_phi_official_train_source_dictionary_gate_20260504_validation1024_2048,results,results/source_private_hellaswag_qwen_to_phi_official_train_source_dictionary_gate_20260504_validation1024_2048,5,5,named_dev_gate_no_confirm,"['large_csv_file_level', 'large_json_file_level']"
results/source_private_hellaswag_qwen_to_phi_oracle_switch_decomposition_gate_20260504_validation1024_2048,results,results/source_private_hellaswag_qwen_to_phi_oracle_switch_decomposition_gate_20260504_validation1024_2048,6,6,prior_eval_rows_present_no_clean_confirm,"['large_csv_file_level', 'large_json_file_level']"
results/source_private_hellaswag_qwen_to_phi_protected_rival_packet_gate_20260504_validation1024_2048,results,results/source_private_hellaswag_qwen_to_phi_protected_rival_packet_gate_20260504_validation1024_2048,5,5,prior_eval_rows_present_no_clean_confirm,"['large_csv_file_level', 'large_json_file_level']"
results/source_private_hellaswag_qwen_to_phi_quantized_score_packet_gate_20260504_validation1024_2048,results,results/source_private_hellaswag_qwen_to_phi_quantized_score_packet_gate_20260504_validation1024_2048,6,6,named_dev_gate_no_confirm,"['large_csv_file_level', 'large_json_file_level']"
results/source_private_hellaswag_qwen_to_phi_top2_ambiguity_bucket_gate_20260504_validation1024_2048,results,results/source_private_hellaswag_qwen_to_phi_top2_ambiguity_bucket_gate_20260504_validation1024_2048,6,6,prior_eval_rows_present_no_clean_confirm,"['large_csv_file_level', 'large_json_file_level']"
results/source_private_hellaswag_qwen_to_phi_top2_rival_codebook_gate_20260504_validation1024_2048,results,results/source_private_hellaswag_qwen_to_phi_top2_rival_codebook_gate_20260504_validation1024_2048,5,5,prior_eval_rows_present_no_clean_confirm,"['large_csv_file_level', 'large_json_file_level', 'large_jsonl_file_level']"
results/source_private_hellaswag_receiver_acceptance_gate_20260502,results,results/source_private_hellaswag_receiver_acceptance_gate_20260502,2,2,prior_eval_rows_present_no_clean_confirm,['large_json_file_level']
results/source_private_hellaswag_receiver_calibrated_top2_ambiguity_code_gate_20260504_validation1024_2048,results,results/source_private_hellaswag_receiver_calibrated_top2_ambiguity_code_gate_20260504_validation1024_2048,10,10,prior_eval_rows_present_no_clean_confirm,"['large_csv_file_level', 'large_json_file_level', 'large_jsonl_file_level']"
results/source_private_hellaswag_receiver_family_packet_gate_20260502,results,results/source_private_hellaswag_receiver_family_packet_gate_20260502,2,2,prior_eval_rows_present_no_clean_confirm,['large_json_file_level']
results/source_private_hellaswag_receiver_headroom_decomposition_20260502,results,results/source_private_hellaswag_receiver_headroom_decomposition_20260502,2,2,no_named_partition_detected,['large_json_file_level']
results/source_private_hellaswag_repair_selector_scratch_20260501,results,results/source_private_hellaswag_repair_selector_scratch_20260501,1,1,no_named_partition_detected,['large_json_file_level']
results/source_private_hellaswag_repair_systems_acceptance_card_20260501,results,results/source_private_hellaswag_repair_systems_acceptance_card_20260501,3,3,no_named_partition_detected,"['large_csv_file_level', 'large_json_file_level']"
results/source_private_hellaswag_score_channel_true_candidate_text_permutation_gate_20260503_validation0_128,results,results/source_private_hellaswag_score_channel_true_candidate_text_permutation_gate_20260503_validation0_128,7,7,named_dev_gate_no_confirm,"['large_csv_file_level', 'large_json_file_level', 'large_jsonl_file_level']"
results/source_private_hellaswag_score_packet_headroom_20260501_qwen05_validation1024,results,results/source_private_hellaswag_score_packet_headroom_20260501_qwen05_validation1024,2,2,named_dev_gate_no_confirm,['large_json_file_level']
results/source_private_hellaswag_seed_stability_20260501_qwen05_hashed_validation1024_2b_5seed,results,results/source_private_hellaswag_seed_stability_20260501_qwen05_hashed_validation1024_2b_5seed,4,4,prior_eval_rows_present_no_clean_confirm,"['large_csv_file_level', 'large_json_file_level', 'large_jsonl_file_level']"
results/source_private_hellaswag_seed_stability_20260501_qwen05_hashed_validation512_2b,results,results/source_private_hellaswag_seed_stability_20260501_qwen05_hashed_validation512_2b,4,4,prior_eval_rows_present_no_clean_confirm,"['large_csv_file_level', 'large_json_file_level', 'large_jsonl_file_level']"
results/source_private_hellaswag_seed_stability_20260501_qwen05_hashed_validation512_2b_5seed,results,results/source_private_hellaswag_seed_stability_20260501_qwen05_hashed_validation512_2b_5seed,4,4,prior_eval_rows_present_no_clean_confirm,"['large_csv_file_level', 'large_json_file_level', 'large_jsonl_file_level']"
results/source_private_hellaswag_seed_stability_20260501_qwen05_hashed_validation512_3b,results,results/source_private_hellaswag_seed_stability_20260501_qwen05_hashed_validation512_3b,4,4,prior_eval_rows_present_no_clean_confirm,"['large_csv_file_level', 'large_json_file_level', 'large_jsonl_file_level']"
results/source_private_hellaswag_seed_stability_20260501_qwen05_hashed_validation512_4b,results,results/source_private_hellaswag_seed_stability_20260501_qwen05_hashed_validation512_4b,4,4,prior_eval_rows_present_no_clean_confirm,"['large_csv_file_level', 'large_json_file_level', 'large_jsonl_file_level']"
results/source_private_hellaswag_seed_stability_20260501_qwen05_hashed_validation512_6b,results,results/source_private_hellaswag_seed_stability_20260501_qwen05_hashed_validation512_6b,4,4,prior_eval_rows_present_no_clean_confirm,"['large_csv_file_level', 'large_json_file_level', 'large_jsonl_file_level']"
results/source_private_hellaswag_source_family_full_validation_card_20260502,results,results/source_private_hellaswag_source_family_full_validation_card_20260502,3,3,prior_eval_rows_present_no_clean_confirm,"['large_csv_file_level', 'large_json_file_level']"
results/source_private_hellaswag_source_family_stress_card_20260502,results,results/source_private_hellaswag_source_family_stress_card_20260502,3,3,no_named_partition_detected,"['large_csv_file_level', 'large_json_file_level']"
results/source_private_hellaswag_sparse_query_receiver_20260502,results,results/source_private_hellaswag_sparse_query_receiver_20260502,2,2,no_named_partition_detected,['large_json_file_level']
results/source_private_hellaswag_sparse_residual_dictionary_contrastive_scout_20260501_qwen05_validation4096_5120,results,results/source_private_hellaswag_sparse_residual_dictionary_contrastive_scout_20260501_qwen05_validation4096_5120,17,17,prior_eval_rows_present_no_clean_confirm,"['large_csv_file_level', 'large_json_file_level', 'large_jsonl_file_level']"
results/source_private_hellaswag_sparse_residual_dictionary_scout_20260501_qwen05_validation4096_5120,results,results/source_private_hellaswag_sparse_residual_dictionary_scout_20260501_qwen05_validation4096_5120,17,17,prior_eval_rows_present_no_clean_confirm,"['large_csv_file_level', 'large_json_file_level', 'large_jsonl_file_level']"
results/source_private_hellaswag_strict_candidate_only_packet_audit_20260503_validation0_9216,results,results/source_private_hellaswag_strict_candidate_only_packet_audit_20260503_validation0_9216,3,3,prior_eval_rows_present_no_clean_confirm,"['large_csv_file_level', 'large_json_file_level']"
results/source_private_hellaswag_strict_channel_selector_gate_20260503_validation0_9216,results,results/source_private_hellaswag_strict_channel_selector_gate_20260503_validation0_9216,4,4,prior_eval_rows_present_no_clean_confirm,"['large_csv_file_level', 'large_json_file_level']"
results/source_private_hellaswag_strict_source_score_quantization_gate_20260503_validation0_9216,results,results/source_private_hellaswag_strict_source_score_quantization_gate_20260503_validation0_9216,4,4,named_dev_gate_no_confirm,"['large_csv_file_level', 'large_json_file_level']"
results/source_private_hellaswag_switch_decomposition_20260502,results,results/source_private_hellaswag_switch_decomposition_20260502,5,5,no_named_partition_detected,"['large_csv_file_level', 'large_json_file_level', 'large_jsonl_file_level']"
results/source_private_hellaswag_switch_observability_gate_20260502,results,results/source_private_hellaswag_switch_observability_gate_20260502,2,2,prior_eval_rows_present_no_clean_confirm,['large_json_file_level']
results/source_private_hellaswag_tinyllama_full_mac_systems_card_20260502,results,results/source_private_hellaswag_tinyllama_full_mac_systems_card_20260502,2,2,no_named_partition_detected,['large_json_file_level']
results/source_private_hellaswag_top2_contrastive_repair_probe_20260501_qwen05_train512_validation1024,results,results/source_private_hellaswag_top2_contrastive_repair_probe_20260501_qwen05_train512_validation1024,3,3,named_dev_gate_no_confirm,"['large_json_file_level', 'large_jsonl_file_level']"
results/source_private_hellaswag_train_source_score_repair_probe_20260501_qwen05_train512_validation1024,results,results/source_private_hellaswag_train_source_score_repair_probe_20260501_qwen05_train512_validation1024,3,3,named_dev_gate_no_confirm,"['large_json_file_level', 'large_jsonl_file_level']"
results/source_private_hellaswag_trained_sae_dictionary_scout_20260501_qwen05_validation4096_5120,results,results/source_private_hellaswag_trained_sae_dictionary_scout_20260501_qwen05_validation4096_5120,8,8,named_dev_gate_no_confirm,"['large_csv_file_level', 'large_json_file_level', 'large_jsonl_file_level']"
results/source_private_hellaswag_wyner_ziv_residual_packet_gate_20260502,results,results/source_private_hellaswag_wyner_ziv_residual_packet_gate_20260502,2,2,prior_eval_rows_present_no_clean_confirm,['large_json_file_level']
results/source_private_hf_embedding_heldout_packet_gate_20260430,results,results/source_private_hf_embedding_heldout_packet_gate_20260430,2,2,prior_eval_rows_present_no_clean_confirm,['large_json_file_level']
results/source_private_hf_embedding_heldout_packet_gate_20260430_seed47_n256_bge_hashed_last,results,results/source_private_hf_embedding_heldout_packet_gate_20260430_seed47_n256_bge_hashed_last,14,14,named_dev_gate_no_confirm,"['large_json_file_level', 'large_jsonl_file_level']"
results/source_private_hf_embedding_heldout_packet_gate_20260430_seed47_n256_bge_last,results,results/source_private_hf_embedding_heldout_packet_gate_20260430_seed47_n256_bge_last,14,14,named_dev_gate_no_confirm,"['large_json_file_level', 'large_jsonl_file_level']"
results/source_private_hf_embedding_heldout_packet_gate_20260430_seed47_n256_bge_last_top12,results,results/source_private_hf_embedding_heldout_packet_gate_20260430_seed47_n256_bge_last_top12,14,14,named_dev_gate_no_confirm,"['large_json_file_level', 'large_jsonl_file_level']"
results/source_private_hf_embedding_heldout_packet_gate_20260430_seed47_n256_bge_midlast_top12,results,results/source_private_hf_embedding_heldout_packet_gate_20260430_seed47_n256_bge_midlast_top12,14,14,named_dev_gate_no_confirm,"['large_json_file_level', 'large_jsonl_file_level']"
results/source_private_hf_embedding_heldout_packet_gate_20260430_seed47_n256_minilm_hashed_last,results,results/source_private_hf_embedding_heldout_packet_gate_20260430_seed47_n256_minilm_hashed_last,14,14,named_dev_gate_no_confirm,"['large_json_file_level', 'large_jsonl_file_level']"
results/source_private_hf_embedding_heldout_packet_gate_20260430_seed47_n256_minilm_hashed_midlast,results,results/source_private_hf_embedding_heldout_packet_gate_20260430_seed47_n256_minilm_hashed_midlast,14,14,named_dev_gate_no_confirm,"['large_json_file_level', 'large_jsonl_file_level']"
results/source_private_hf_embedding_heldout_packet_gate_20260430_seed47_n256_minilm_last_top12,results,results/source_private_hf_embedding_heldout_packet_gate_20260430_seed47_n256_minilm_last_top12,14,14,named_dev_gate_no_confirm,"['large_json_file_level', 'large_jsonl_file_level']"
results/source_private_hf_embedding_heldout_packet_gate_20260430_seed47_n256_minilm_midlast_top20,results,results/source_private_hf_embedding_heldout_packet_gate_20260430_seed47_n256_minilm_midlast_top20,14,14,named_dev_gate_no_confirm,"['large_json_file_level', 'large_jsonl_file_level']"
results/source_private_hf_embedding_heldout_packet_gate_20260430_seed47_n256_minilm_top20_ridge005,results,results/source_private_hf_embedding_heldout_packet_gate_20260430_seed47_n256_minilm_top20_ridge005,14,14,named_dev_gate_no_confirm,"['large_json_file_level', 'large_jsonl_file_level']"
results/source_private_hf_embedding_heldout_packet_gate_20260430_seed47_n256_minilm_top20_ridge025_dec050,results,results/source_private_hf_embedding_heldout_packet_gate_20260430_seed47_n256_minilm_top20_ridge025_dec050,14,14,named_dev_gate_no_confirm,"['large_json_file_level', 'large_jsonl_file_level']"
results/source_private_hidden_repair_packet_cross_model_20260428,results,results/source_private_hidden_repair_packet_cross_model_20260428,18,18,no_named_partition_detected,"['large_json_file_level', 'large_jsonl_file_level']"
results/source_private_hidden_repair_packet_holdout_families_20260429,results,results/source_private_hidden_repair_packet_holdout_families_20260429,13,13,prior_eval_rows_present_no_clean_confirm,"['large_json_file_level', 'large_jsonl_file_level']"
results/source_private_hidden_repair_packet_holdout_families_llm_20260429,results,results/source_private_hidden_repair_packet_holdout_families_llm_20260429,14,14,prior_eval_rows_present_no_clean_confirm,"['large_json_file_level', 'large_jsonl_file_level']"
results/source_private_hidden_repair_packet_llm_20260428,results,results/source_private_hidden_repair_packet_llm_20260428,4,4,no_named_partition_detected,"['large_json_file_level', 'large_jsonl_file_level']"
results/source_private_hidden_repair_packet_medium_20260429,results,results/source_private_hidden_repair_packet_medium_20260429,13,13,no_named_partition_detected,"['large_json_file_level', 'large_jsonl_file_level']"
results/source_private_hidden_repair_packet_medium_llm_20260429,results,results/source_private_hidden_repair_packet_medium_llm_20260429,14,14,no_named_partition_detected,"['large_json_file_level', 'large_jsonl_file_level']"
results/source_private_hidden_repair_packet_seed_repeat_20260429,results,results/source_private_hidden_repair_packet_seed_repeat_20260429,54,54,named_dev_gate_no_confirm,"['large_json_file_level', 'large_jsonl_file_level']"
results/source_private_hidden_repair_packet_smoke_20260428,results,results/source_private_hidden_repair_packet_smoke_20260428,13,13,no_named_partition_detected,"['large_json_file_level', 'large_jsonl_file_level']"
results/source_private_hidden_repair_packet_strict_small_20260429,results,results/source_private_hidden_repair_packet_strict_small_20260429,13,13,no_named_partition_detected,"['large_json_file_level', 'large_jsonl_file_level']"
results/source_private_hidden_repair_packet_strict_small_llm_20260429,results,results/source_private_hidden_repair_packet_strict_small_llm_20260429,14,14,no_named_partition_detected,"['large_json_file_level', 'large_jsonl_file_level']"
results/source_private_hidden_repair_packet_weakened_helper_20260428,results,results/source_private_hidden_repair_packet_weakened_helper_20260428,18,18,no_named_partition_detected,"['large_json_file_level', 'large_jsonl_file_level']"
results/source_private_iclr_evidence_bundle_20260429,results,results/source_private_iclr_evidence_bundle_20260429,4,4,no_named_partition_detected,"['large_csv_file_level', 'large_json_file_level']"
results/source_private_iclr_evidence_bundle_20260501,results,results/source_private_iclr_evidence_bundle_20260501,4,4,no_named_partition_detected,"['large_csv_file_level', 'large_json_file_level']"
results/source_private_iclr_evidence_bundle_20260502,results,results/source_private_iclr_evidence_bundle_20260502,4,4,no_named_partition_detected,"['large_csv_file_level', 'large_json_file_level']"
results/source_private_iclr_evidence_bundle_20260503,results,results/source_private_iclr_evidence_bundle_20260503,4,4,no_named_partition_detected,"['large_csv_file_level', 'large_json_file_level']"
results/source_private_iclr_evidence_bundle_20260504_high_repeat_systems,results,results/source_private_iclr_evidence_bundle_20260504_high_repeat_systems,4,4,no_named_partition_detected,"['large_csv_file_level', 'large_json_file_level']"
results/source_private_iclr_evidence_bundle_20260504_terminal_tail_stability,results,results/source_private_iclr_evidence_bundle_20260504_terminal_tail_stability,4,4,no_named_partition_detected,"['large_csv_file_level', 'large_json_file_level']"
results/source_private_iclr_gate_tree_and_connector_plan_20260502,results,results/source_private_iclr_gate_tree_and_connector_plan_20260502,3,3,prior_eval_rows_present_no_clean_confirm,"['large_csv_file_level', 'large_json_file_level']"
results/source_private_jepa_query_resampler_semantic_anchor_k8_smoke_20260430,results,results/source_private_jepa_query_resampler_semantic_anchor_k8_smoke_20260430,14,14,named_dev_gate_no_confirm,"['large_json_file_level', 'large_jsonl_file_level']"
results/source_private_jepa_query_resampler_semantic_anchor_smoke2_20260430,results,results/source_private_jepa_query_resampler_semantic_anchor_smoke2_20260430,14,14,named_dev_gate_no_confirm,"['large_json_file_level', 'large_jsonl_file_level']"
results/source_private_jepa_query_resampler_semantic_anchor_smoke_20260430,results,results/source_private_jepa_query_resampler_semantic_anchor_smoke_20260430,14,14,named_dev_gate_no_confirm,"['large_json_file_level', 'large_jsonl_file_level']"
results/source_private_kv_cache_baseline_table_20260429,results,results/source_private_kv_cache_baseline_table_20260429,3,3,no_named_partition_detected,"['large_csv_file_level', 'large_json_file_level']"
results/source_private_latest_model_matrix_20260428,results,results/source_private_latest_model_matrix_20260428,82,82,prior_eval_rows_present_no_clean_confirm,"['large_json_file_level', 'large_jsonl_file_level']"
results/source_private_learned_syndrome_smoke_20260429,results,results/source_private_learned_syndrome_smoke_20260429,6,6,no_named_partition_detected,"['large_json_file_level', 'large_jsonl_file_level']"
results/source_private_learned_syndrome_smoke_20260429_seed30,results,results/source_private_learned_syndrome_smoke_20260429_seed30,6,6,no_named_partition_detected,"['large_json_file_level', 'large_jsonl_file_level']"
results/source_private_learned_synonym_dictionary_packet_gate_20260429,results,results/source_private_learned_synonym_dictionary_packet_gate_20260429,14,14,named_dev_gate_no_confirm,"['large_json_file_level', 'large_jsonl_file_level']"
results/source_private_learned_synonym_dictionary_packet_gate_20260429_heldout_synonym,results,results/source_private_learned_synonym_dictionary_packet_gate_20260429_heldout_synonym,11,11,named_dev_gate_no_confirm,"['large_json_file_level', 'large_jsonl_file_level']"
results/source_private_learned_synonym_dictionary_packet_gate_20260429_heldout_synonym_calibrated_oracle,results,results/source_private_learned_synonym_dictionary_packet_gate_20260429_heldout_synonym_calibrated_oracle,11,11,named_dev_gate_no_confirm,"['large_json_file_level', 'large_jsonl_file_level']"
results/source_private_learned_synonym_dictionary_packet_gate_20260429_native,results,results/source_private_learned_synonym_dictionary_packet_gate_20260429_native,14,14,named_dev_gate_no_confirm,"['large_json_file_level', 'large_jsonl_file_level']"
results/source_private_learned_synonym_dictionary_packet_gate_20260429_seed_repeat,results,results/source_private_learned_synonym_dictionary_packet_gate_20260429_seed_repeat,11,11,named_dev_gate_no_confirm,"['large_json_file_level', 'large_jsonl_file_level']"
results/source_private_learned_synonym_dictionary_packet_gate_20260429_smoke,results,results/source_private_learned_synonym_dictionary_packet_gate_20260429_smoke,14,14,named_dev_gate_no_confirm,"['large_json_file_level', 'large_jsonl_file_level']"
results/source_private_low_rank_query_frozen_receiver_bge_rank1_smoke_20260430,results,results/source_private_low_rank_query_frozen_receiver_bge_rank1_smoke_20260430,14,14,named_dev_gate_no_confirm,"['large_json_file_level', 'large_jsonl_file_level']"
results/source_private_low_rank_query_frozen_receiver_bge_rank2_smoke_20260430,results,results/source_private_low_rank_query_frozen_receiver_bge_rank2_smoke_20260430,14,14,named_dev_gate_no_confirm,"['large_json_file_level', 'large_jsonl_file_level']"
results/source_private_low_rank_query_frozen_receiver_bge_rank4_smoke_20260430,results,results/source_private_low_rank_query_frozen_receiver_bge_rank4_smoke_20260430,14,14,named_dev_gate_no_confirm,"['large_json_file_level', 'large_jsonl_file_level']"
results/source_private_low_rank_query_frozen_receiver_bge_rank8_smoke_20260430,results,results/source_private_low_rank_query_frozen_receiver_bge_rank8_smoke_20260430,14,14,named_dev_gate_no_confirm,"['large_json_file_level', 'large_jsonl_file_level']"
results/source_private_mac_endpoint_proxy_frontier_20260429,results,results/source_private_mac_endpoint_proxy_frontier_20260429,69,69,named_dev_gate_no_confirm,"['large_json_file_level', 'large_jsonl_file_level']"
results/source_private_mac_packet_ring_transport_microbench_20260430,results,results/source_private_mac_packet_ring_transport_microbench_20260430,4,4,no_named_partition_detected,"['large_csv_file_level', 'large_json_file_level']"
results/source_private_mac_packet_ring_transport_microbench_20260501,results,results/source_private_mac_packet_ring_transport_microbench_20260501,4,4,no_named_partition_detected,"['large_csv_file_level', 'large_json_file_level']"
results/source_private_mac_packet_ring_transport_microbench_20260504_1b_packet,results,results/source_private_mac_packet_ring_transport_microbench_20260504_1b_packet,4,4,no_named_partition_detected,"['large_csv_file_level', 'large_json_file_level']"
results/source_private_mac_packet_ring_transport_microbench_20260504_high_repeat,results,results/source_private_mac_packet_ring_transport_microbench_20260504_high_repeat,4,4,no_named_partition_detected,"['large_csv_file_level', 'large_json_file_level']"
results/source_private_mac_packet_ring_transport_microbench_20260504_post_receiver_fail,results,results/source_private_mac_packet_ring_transport_microbench_20260504_post_receiver_fail,4,4,no_named_partition_detected,"['large_csv_file_level', 'large_json_file_level']"
results/source_private_mac_packet_ring_transport_microbench_20260504_rerun,results,results/source_private_mac_packet_ring_transport_microbench_20260504_rerun,4,4,no_named_partition_detected,"['large_csv_file_level', 'large_json_file_level']"
results/source_private_mac_packet_ring_transport_microbench_pq7_20260430,results,results/source_private_mac_packet_ring_transport_microbench_pq7_20260430,4,4,no_named_partition_detected,"['large_csv_file_level', 'large_json_file_level']"
results/source_private_mac_unified_memory_transport_profile_20260430,results,results/source_private_mac_unified_memory_transport_profile_20260430,3,3,no_named_partition_detected,"['large_csv_file_level', 'large_json_file_level']"
results/source_private_masked_consistency_diag_only_public_gate_20260430,results,results/source_private_masked_consistency_diag_only_public_gate_20260430,22,22,named_dev_gate_no_confirm,"['large_json_file_level', 'large_jsonl_file_level']"
results/source_private_masked_consistency_receiver_label_blind_20260430,results,results/source_private_masked_consistency_receiver_label_blind_20260430,52,52,no_named_partition_detected,"['large_json_file_level', 'large_jsonl_file_level']"
results/source_private_masked_consistency_receiver_smoke_20260430,results,results/source_private_masked_consistency_receiver_smoke_20260430,17,17,no_named_partition_detected,"['large_json_file_level', 'large_jsonl_file_level']"
results/source_private_masked_innovation_receiver_20260429,results,results/source_private_masked_innovation_receiver_20260429,13,13,named_dev_gate_no_confirm,"['large_json_file_level', 'large_jsonl_file_level']"
results/source_private_masked_pq_consistency_receiver_20260430,results,results/source_private_masked_pq_consistency_receiver_20260430,8,8,no_named_partition_detected,"['large_json_file_level', 'large_jsonl_file_level']"
results/source_private_memory_traffic_ledger_20260430,results,results/source_private_memory_traffic_ledger_20260430,3,3,no_named_partition_detected,"['large_csv_file_level', 'large_json_file_level']"
results/source_private_native_readiness_ledger_20260501,results,results/source_private_native_readiness_ledger_20260501,3,3,no_named_partition_detected,"['large_csv_file_level', 'large_json_file_level']"
results/source_private_native_readiness_ledger_20260504_high_repeat,results,results/source_private_native_readiness_ledger_20260504_high_repeat,3,3,no_named_partition_detected,"['large_csv_file_level', 'large_json_file_level']"
results/source_private_native_readiness_ledger_20260504_post_receiver_fail,results,results/source_private_native_readiness_ledger_20260504_post_receiver_fail,3,3,no_named_partition_detected,"['large_csv_file_level', 'large_json_file_level']"
results/source_private_native_systems_benchmark_plan_20260501,results,results/source_private_native_systems_benchmark_plan_20260501,4,4,no_named_partition_detected,"['large_csv_file_level', 'large_json_file_level']"
results/source_private_native_systems_result_ingest_gate_20260502,results,results/source_private_native_systems_result_ingest_gate_20260502,4,4,prior_eval_rows_present_no_clean_confirm,"['large_csv_file_level', 'large_json_file_level']"
results/source_private_non_qwen_packet_20260428,results,results/source_private_non_qwen_packet_20260428,28,28,no_named_partition_detected,"['large_json_file_level', 'large_jsonl_file_level']"
results/source_private_openbookqa_bridge_contract_20260501,results,results/source_private_openbookqa_bridge_contract_20260501,5,5,named_dev_gate_no_confirm,"['large_json_file_level', 'large_jsonl_file_level']"
results/source_private_openbookqa_fixed_packet_gate_20260501_qwen05_hashed_test_4b,results,results/source_private_openbookqa_fixed_packet_gate_20260501_qwen05_hashed_test_4b,3,3,prior_eval_rows_present_no_clean_confirm,"['large_json_file_level', 'large_jsonl_file_level']"
results/source_private_openbookqa_fixed_packet_gate_20260501_qwen05_hashed_validation,results,results/source_private_openbookqa_fixed_packet_gate_20260501_qwen05_hashed_validation,3,3,prior_eval_rows_present_no_clean_confirm,"['large_json_file_level', 'large_jsonl_file_level']"
results/source_private_openbookqa_receiver_headroom_gate_20260502,results,results/source_private_openbookqa_receiver_headroom_gate_20260502,4,4,prior_eval_rows_present_no_clean_confirm,"['large_csv_file_level', 'large_json_file_level', 'large_jsonl_file_level']"
results/source_private_openbookqa_seed_stability_20260501_qwen05_hashed_test_2b,results,results/source_private_openbookqa_seed_stability_20260501_qwen05_hashed_test_2b,1,1,prior_eval_rows_present_no_clean_confirm,['large_jsonl_file_level']
results/source_private_openbookqa_seed_stability_20260501_qwen05_hashed_test_3b,results,results/source_private_openbookqa_seed_stability_20260501_qwen05_hashed_test_3b,4,4,prior_eval_rows_present_no_clean_confirm,"['large_csv_file_level', 'large_json_file_level', 'large_jsonl_file_level']"
results/source_private_openbookqa_seed_stability_20260501_qwen05_hashed_test_4b,results,results/source_private_openbookqa_seed_stability_20260501_qwen05_hashed_test_4b,4,4,prior_eval_rows_present_no_clean_confirm,"['large_csv_file_level', 'large_json_file_level', 'large_jsonl_file_level']"
results/source_private_openbookqa_seed_stability_20260501_qwen05_hashed_validation_2b,results,results/source_private_openbookqa_seed_stability_20260501_qwen05_hashed_validation_2b,1,1,prior_eval_rows_present_no_clean_confirm,['large_jsonl_file_level']
results/source_private_openbookqa_seed_stability_20260501_qwen05_hashed_validation_3b,results,results/source_private_openbookqa_seed_stability_20260501_qwen05_hashed_validation_3b,4,4,prior_eval_rows_present_no_clean_confirm,"['large_csv_file_level', 'large_json_file_level', 'large_jsonl_file_level']"
results/source_private_openbookqa_seed_stability_20260501_qwen05_hashed_validation_4b,results,results/source_private_openbookqa_seed_stability_20260501_qwen05_hashed_validation_4b,4,4,prior_eval_rows_present_no_clean_confirm,"['large_csv_file_level', 'large_json_file_level', 'large_jsonl_file_level']"
results/source_private_openbookqa_seed_stability_20260501_qwen05_hashed_validation_8b,results,results/source_private_openbookqa_seed_stability_20260501_qwen05_hashed_validation_8b,4,4,prior_eval_rows_present_no_clean_confirm,"['large_csv_file_level', 'large_json_file_level', 'large_jsonl_file_level']"
results/source_private_openbookqa_seed_stability_20260505_qwen05_hashed_test_3b_20seed,results,results/source_private_openbookqa_seed_stability_20260505_qwen05_hashed_test_3b_20seed,7,7,prior_eval_rows_present_no_clean_confirm,"['large_csv_file_level', 'large_json_file_level', 'large_jsonl_file_level']"
results/source_private_packet_isa_batch_frontier_20260430,results,results/source_private_packet_isa_batch_frontier_20260430,3,3,no_named_partition_detected,"['large_csv_file_level', 'large_json_file_level']"
results/source_private_packet_trace_card_v2_20260430,results,results/source_private_packet_trace_card_v2_20260430,4,4,no_named_partition_detected,"['large_csv_file_level', 'large_json_file_level']"
results/source_private_pass_fail_ledger_20260429,results,results/source_private_pass_fail_ledger_20260429,3,3,no_named_partition_detected,"['large_csv_file_level', 'large_json_file_level']"
results/source_private_pool_contrastive_jepa_query_resampler_semantic_anchor_smoke_20260430,results,results/source_private_pool_contrastive_jepa_query_resampler_semantic_anchor_smoke_20260430,14,14,named_dev_gate_no_confirm,"['large_json_file_level', 'large_jsonl_file_level']"
results/source_private_pq_control_regularized_receiver_20260430,results,results/source_private_pq_control_regularized_receiver_20260430,37,37,no_named_partition_detected,"['large_json_file_level', 'large_jsonl_file_level']"
results/source_private_pq_receiver_batch_microbench_20260430,results,results/source_private_pq_receiver_batch_microbench_20260430,3,3,no_named_partition_detected,"['large_csv_file_level', 'large_json_file_level']"
results/source_private_pq_systems_comparison_table_20260430,results,results/source_private_pq_systems_comparison_table_20260430,3,3,no_named_partition_detected,"['large_csv_file_level', 'large_json_file_level']"
results/source_private_pq_transport_receiver_waterfall_20260430,results,results/source_private_pq_transport_receiver_waterfall_20260430,3,3,no_named_partition_detected,"['large_csv_file_level', 'large_json_file_level']"
results/source_private_product_codebook_decode_frontier_20260430,results,results/source_private_product_codebook_decode_frontier_20260430,2,2,no_named_partition_detected,['large_json_file_level']
results/source_private_product_codebook_decode_frontier_n500_20260430,results,results/source_private_product_codebook_decode_frontier_n500_20260430,2,2,no_named_partition_detected,['large_json_file_level']
results/source_private_product_codebook_geometry_gate_20260430,results,results/source_private_product_codebook_geometry_gate_20260430,32,32,prior_eval_rows_present_no_clean_confirm,"['large_json_file_level', 'large_jsonl_file_level']"
results/source_private_product_codebook_geometry_knockout_stress_n500_20260430,results,results/source_private_product_codebook_geometry_knockout_stress_n500_20260430,56,56,no_named_partition_detected,"['large_json_file_level', 'large_jsonl_file_level']"
results/source_private_product_codebook_knockout_stress_n500_20260430,results,results/source_private_product_codebook_knockout_stress_n500_20260430,11,11,no_named_partition_detected,"['large_json_file_level', 'large_jsonl_file_level']"
results/source_private_product_codebook_packet_gate_20260430,results,results/source_private_product_codebook_packet_gate_20260430,17,17,prior_eval_rows_present_no_clean_confirm,"['large_json_file_level', 'large_jsonl_file_level']"
results/source_private_product_codebook_packet_gate_n500_20260430,results,results/source_private_product_codebook_packet_gate_n500_20260430,11,11,prior_eval_rows_present_no_clean_confirm,"['large_json_file_level', 'large_jsonl_file_level']"
results/source_private_product_codebook_target_decoder_smoke_20260430,results,results/source_private_product_codebook_target_decoder_smoke_20260430,27,27,no_named_partition_detected,"['large_json_file_level', 'large_jsonl_file_level']"
results/source_private_product_codebook_uncertainty_20260430,results,results/source_private_product_codebook_uncertainty_20260430,2,2,no_named_partition_detected,['large_json_file_level']
results/source_private_product_codebook_uncertainty_n500_20260430,results,results/source_private_product_codebook_uncertainty_n500_20260430,2,2,no_named_partition_detected,['large_json_file_level']
results/source_private_protected_residual_packet_gate_20260429,results,results/source_private_protected_residual_packet_gate_20260429,17,17,prior_eval_rows_present_no_clean_confirm,"['large_json_file_level', 'large_jsonl_file_level']"
results/source_private_protocol_stress_table_20260429,results,results/source_private_protocol_stress_table_20260429,3,3,no_named_partition_detected,"['large_csv_file_level', 'large_json_file_level']"
results/source_private_public_adapter_heldout_packet_gate_20260430,results,results/source_private_public_adapter_heldout_packet_gate_20260430,2,2,prior_eval_rows_present_no_clean_confirm,['large_json_file_level']
results/source_private_public_adapter_heldout_packet_gate_20260430_seed47_n256_minilm_teacher,results,results/source_private_public_adapter_heldout_packet_gate_20260430_seed47_n256_minilm_teacher,17,17,named_dev_gate_no_confirm,"['large_json_file_level', 'large_jsonl_file_level']"
results/source_private_public_adapter_heldout_packet_gate_20260430_seed47_n256_minilm_teacher_permuted,results,results/source_private_public_adapter_heldout_packet_gate_20260430_seed47_n256_minilm_teacher_permuted,17,17,named_dev_gate_no_confirm,"['large_json_file_level', 'large_jsonl_file_level']"
results/source_private_public_adapter_heldout_packet_gate_20260430_seed47_n256_minilm_teacher_top8_dec040,results,results/source_private_public_adapter_heldout_packet_gate_20260430_seed47_n256_minilm_teacher_top8_dec040,17,17,named_dev_gate_no_confirm,"['large_json_file_level', 'large_jsonl_file_level']"
results/source_private_public_adapter_heldout_packet_gate_20260430_seed47_n256_minilm_teacher_trainonly_top8_dec040,results,results/source_private_public_adapter_heldout_packet_gate_20260430_seed47_n256_minilm_teacher_trainonly_top8_dec040,17,17,named_dev_gate_no_confirm,"['large_json_file_level', 'large_jsonl_file_level']"
results/source_private_public_only_receiver_ablation_20260430,results,results/source_private_public_only_receiver_ablation_20260430,10,10,no_named_partition_detected,"['large_json_file_level', 'large_jsonl_file_level']"
results/source_private_rate_frontier_20260429,results,results/source_private_rate_frontier_20260429,2,2,no_named_partition_detected,['large_json_file_level']
results/source_private_relative_canonical_bootstrap_remap7_20260429,results,results/source_private_relative_canonical_bootstrap_remap7_20260429,2,2,no_named_partition_detected,['large_json_file_level']
results/source_private_relative_canonical_core_to_holdout_20260429,results,results/source_private_relative_canonical_core_to_holdout_20260429,3,3,named_dev_gate_no_confirm,"['large_json_file_level', 'large_jsonl_file_level']"
results/source_private_relative_canonical_holdout_to_core_20260429,results,results/source_private_relative_canonical_holdout_to_core_20260429,3,3,named_dev_gate_no_confirm,"['large_json_file_level', 'large_jsonl_file_level']"
results/source_private_relative_canonical_remap101_20260429,results,results/source_private_relative_canonical_remap101_20260429,3,3,no_named_partition_detected,"['large_json_file_level', 'large_jsonl_file_level']"
results/source_private_relative_canonical_remap103_20260429,results,results/source_private_relative_canonical_remap103_20260429,3,3,no_named_partition_detected,"['large_json_file_level', 'large_jsonl_file_level']"
results/source_private_relative_canonical_remap107_20260429,results,results/source_private_relative_canonical_remap107_20260429,3,3,no_named_partition_detected,"['large_json_file_level', 'large_jsonl_file_level']"
results/source_private_relative_canonical_remap109_20260429,results,results/source_private_relative_canonical_remap109_20260429,3,3,no_named_partition_detected,"['large_json_file_level', 'large_jsonl_file_level']"
results/source_private_relative_canonical_remap113_20260429,results,results/source_private_relative_canonical_remap113_20260429,3,3,no_named_partition_detected,"['large_json_file_level', 'large_jsonl_file_level']"
results/source_private_relative_canonical_remap127_20260429,results,results/source_private_relative_canonical_remap127_20260429,3,3,no_named_partition_detected,"['large_json_file_level', 'large_jsonl_file_level']"
results/source_private_relative_canonical_remap127_large_20260429,results,results/source_private_relative_canonical_remap127_large_20260429,3,3,no_named_partition_detected,"['large_json_file_level', 'large_jsonl_file_level']"
results/source_private_relative_canonical_remap127_large_bootstrap_20260429,results,results/source_private_relative_canonical_remap127_large_bootstrap_20260429,2,2,no_named_partition_detected,['large_json_file_level']
results/source_private_relative_canonical_remap131_20260429,results,results/source_private_relative_canonical_remap131_20260429,3,3,no_named_partition_detected,"['large_json_file_level', 'large_jsonl_file_level']"
results/source_private_relative_score_bootstrap_20260429,results,results/source_private_relative_score_bootstrap_20260429,2,2,no_named_partition_detected,['large_json_file_level']
results/source_private_relative_score_bootstrap_remap8_20260429,results,results/source_private_relative_score_bootstrap_remap8_20260429,2,2,no_named_partition_detected,['large_json_file_level']
results/source_private_rotation_sign_packet_gate_20260430,results,results/source_private_rotation_sign_packet_gate_20260430,17,17,prior_eval_rows_present_no_clean_confirm,"['large_json_file_level', 'large_jsonl_file_level']"
results/source_private_sciq_bridge_contract_20260501,results,results/source_private_sciq_bridge_contract_20260501,5,5,named_dev_gate_no_confirm,"['large_json_file_level', 'large_jsonl_file_level']"
results/source_private_sciq_fixed_packet_gate_20260501_qwen05_hashed_validation,results,results/source_private_sciq_fixed_packet_gate_20260501_qwen05_hashed_validation,3,3,prior_eval_rows_present_no_clean_confirm,"['large_json_file_level', 'large_jsonl_file_level']"
results/source_private_semantic_anchor_heldout_medium_confirmation_20260430,results,results/source_private_semantic_anchor_heldout_medium_confirmation_20260430,2,2,no_named_partition_detected,['large_json_file_level']
results/source_private_semantic_anchor_heldout_packet_gate_20260430,results,results/source_private_semantic_anchor_heldout_packet_gate_20260430,14,14,named_dev_gate_no_confirm,"['large_json_file_level', 'large_jsonl_file_level']"
results/source_private_semantic_anchor_heldout_packet_gate_20260430_seed47_n512,results,results/source_private_semantic_anchor_heldout_packet_gate_20260430_seed47_n512,14,14,named_dev_gate_no_confirm,"['large_json_file_level', 'large_jsonl_file_level']"
results/source_private_semantic_anchor_heldout_packet_gate_20260430_seed53_n512,results,results/source_private_semantic_anchor_heldout_packet_gate_20260430_seed53_n512,14,14,named_dev_gate_no_confirm,"['large_json_file_level', 'large_jsonl_file_level']"
results/source_private_semantic_anchor_heldout_packet_gate_20260430_seed59_n512,results,results/source_private_semantic_anchor_heldout_packet_gate_20260430_seed59_n512,14,14,named_dev_gate_no_confirm,"['large_json_file_level', 'large_jsonl_file_level']"
results/source_private_semantic_anchor_heldout_packet_gate_20260430_threshold070,results,results/source_private_semantic_anchor_heldout_packet_gate_20260430_threshold070,14,14,named_dev_gate_no_confirm,"['large_json_file_level', 'large_jsonl_file_level']"
results/source_private_semantic_anchor_heldout_packet_gate_20260430_threshold070_oraclefree,results,results/source_private_semantic_anchor_heldout_packet_gate_20260430_threshold070_oraclefree,14,14,named_dev_gate_no_confirm,"['large_json_file_level', 'large_jsonl_file_level']"
results/source_private_serving_slo_envelope_20260430,results,results/source_private_serving_slo_envelope_20260430,3,3,no_named_partition_detected,"['large_csv_file_level', 'large_json_file_level']"
results/source_private_serving_slo_envelope_20260501,results,results/source_private_serving_slo_envelope_20260501,3,3,no_named_partition_detected,"['large_csv_file_level', 'large_json_file_level']"
results/source_private_shared_sparse_crosscoder_packet_gate_20260429,results,results/source_private_shared_sparse_crosscoder_packet_gate_20260429,14,14,named_dev_gate_no_confirm,"['large_json_file_level', 'large_jsonl_file_level']"
results/source_private_shared_sparse_crosscoder_packet_gate_20260429_n512,results,results/source_private_shared_sparse_crosscoder_packet_gate_20260429_n512,14,14,named_dev_gate_no_confirm,"['large_json_file_level', 'large_jsonl_file_level']"
results/source_private_shared_sparse_crosscoder_packet_gate_20260429_n512_synonym_stress,results,results/source_private_shared_sparse_crosscoder_packet_gate_20260429_n512_synonym_stress,14,14,named_dev_gate_no_confirm,"['large_json_file_level', 'large_jsonl_file_level']"
results/source_private_shared_sparse_crosscoder_packet_gate_20260429_seed_repeat,results,results/source_private_shared_sparse_crosscoder_packet_gate_20260429_seed_repeat,14,14,named_dev_gate_no_confirm,"['large_json_file_level', 'large_jsonl_file_level']"
results/source_private_shared_sparse_crosscoder_packet_gate_20260429_synonym_stress,results,results/source_private_shared_sparse_crosscoder_packet_gate_20260429_synonym_stress,14,14,named_dev_gate_no_confirm,"['large_json_file_level', 'large_jsonl_file_level']"
results/source_private_slot_packet_bootstrap_20260429,results,results/source_private_slot_packet_bootstrap_20260429,2,2,no_named_partition_detected,['large_json_file_level']
results/source_private_systems_boundary_figure_table_20260502,results,results/source_private_systems_boundary_figure_table_20260502,3,3,no_named_partition_detected,"['large_csv_file_level', 'large_json_file_level']"
results/source_private_systems_boundary_figure_table_split_20260504,results,results/source_private_systems_boundary_figure_table_split_20260504,3,3,no_named_partition_detected,"['large_csv_file_level', 'large_json_file_level']"
results/source_private_systems_caveat_frontier_20260429,results,results/source_private_systems_caveat_frontier_20260429,3,3,no_named_partition_detected,"['large_csv_file_level', 'large_json_file_level']"
results/source_private_systems_comparison_table_20260429,results,results/source_private_systems_comparison_table_20260429,3,3,no_named_partition_detected,"['large_csv_file_level', 'large_json_file_level']"
results/source_private_systems_rate_assumption_frontier_20260430,results,results/source_private_systems_rate_assumption_frontier_20260430,3,3,no_named_partition_detected,"['large_csv_file_level', 'large_json_file_level']"
results/source_private_systems_rate_assumption_frontier_20260501,results,results/source_private_systems_rate_assumption_frontier_20260501,3,3,no_named_partition_detected,"['large_csv_file_level', 'large_json_file_level']"
results/source_private_systems_summary_20260428,results,results/source_private_systems_summary_20260428,2,2,no_named_partition_detected,['large_json_file_level']
results/source_private_testlog_packet_cross_model_20260428,results,results/source_private_testlog_packet_cross_model_20260428,18,18,prior_eval_rows_present_no_clean_confirm,"['large_json_file_level', 'large_jsonl_file_level']"
results/source_private_testlog_packet_llm_packet_20260428,results,results/source_private_testlog_packet_llm_packet_20260428,4,4,prior_eval_rows_present_no_clean_confirm,"['large_json_file_level', 'large_jsonl_file_level']"
results/source_private_testlog_packet_llm_packet_seed_repeat_20260428,results,results/source_private_testlog_packet_llm_packet_seed_repeat_20260428,18,18,prior_eval_rows_present_no_clean_confirm,"['large_json_file_level', 'large_jsonl_file_level']"
results/source_private_testlog_packet_strict_small_20260428,results,results/source_private_testlog_packet_strict_small_20260428,14,14,prior_eval_rows_present_no_clean_confirm,"['large_json_file_level', 'large_jsonl_file_level']"
results/source_private_tool_trace_baseline_pack_20260429,results,results/source_private_tool_trace_baseline_pack_20260429,2,2,no_named_partition_detected,['large_json_file_level']
results/source_private_tool_trace_compression_baselines_20260429,results,results/source_private_tool_trace_compression_baselines_20260429,4,4,no_named_partition_detected,"['large_json_file_level', 'large_jsonl_file_level']"
results/source_private_tool_trace_compression_baselines_20260429_n512,results,results/source_private_tool_trace_compression_baselines_20260429_n512,3,3,no_named_partition_detected,"['large_json_file_level', 'large_jsonl_file_level']"
results/source_private_tool_trace_compression_baselines_20260429_n512_seed33,results,results/source_private_tool_trace_compression_baselines_20260429_n512_seed33,3,3,no_named_partition_detected,"['large_json_file_level', 'large_jsonl_file_level']"
results/source_private_tool_trace_compression_baselines_20260429_n512_seed35,results,results/source_private_tool_trace_compression_baselines_20260429_n512_seed35,3,3,no_named_partition_detected,"['large_json_file_level', 'large_jsonl_file_level']"
results/source_private_tool_trace_compression_baselines_20260429_n512_seed37,results,results/source_private_tool_trace_compression_baselines_20260429_n512_seed37,3,3,no_named_partition_detected,"['large_json_file_level', 'large_jsonl_file_level']"
results/source_private_tool_trace_compression_baselines_20260429_seed31,results,results/source_private_tool_trace_compression_baselines_20260429_seed31,3,3,no_named_partition_detected,"['large_json_file_level', 'large_jsonl_file_level']"
results/source_private_tool_trace_compression_baselines_innovation_20260429_n512_seed29,results,results/source_private_tool_trace_compression_baselines_innovation_20260429_n512_seed29,3,3,no_named_partition_detected,"['large_json_file_level', 'large_jsonl_file_level']"
results/source_private_tool_trace_compression_baselines_innovation_20260429_n512_seed31,results,results/source_private_tool_trace_compression_baselines_innovation_20260429_n512_seed31,3,3,no_named_partition_detected,"['large_json_file_level', 'large_jsonl_file_level']"
results/source_private_tool_trace_compression_baselines_innovation_20260429_n512_seed33,results,results/source_private_tool_trace_compression_baselines_innovation_20260429_n512_seed33,3,3,no_named_partition_detected,"['large_json_file_level', 'large_jsonl_file_level']"
results/source_private_tool_trace_compression_baselines_innovation_nobias_20260429_n512_seed33,results,results/source_private_tool_trace_compression_baselines_innovation_nobias_20260429_n512_seed33,3,3,no_named_partition_detected,"['large_json_file_level', 'large_jsonl_file_level']"
results/source_private_tool_trace_control_stability_20260429_core_to_holdout_slot_no_intercept,results,results/source_private_tool_trace_control_stability_20260429_core_to_holdout_slot_no_intercept,3,3,named_dev_gate_no_confirm,"['large_json_file_level', 'large_jsonl_file_level']"
results/source_private_tool_trace_control_stability_20260429_holdout_to_core_slot_no_intercept,results,results/source_private_tool_trace_control_stability_20260429_holdout_to_core_slot_no_intercept,3,3,named_dev_gate_no_confirm,"['large_json_file_level', 'large_jsonl_file_level']"
results/source_private_tool_trace_control_stability_20260429_seed29_no_diag,results,results/source_private_tool_trace_control_stability_20260429_seed29_no_diag,3,3,no_named_partition_detected,"['large_json_file_level', 'large_jsonl_file_level']"
results/source_private_tool_trace_control_stability_20260429_seed29_no_diag_no_intercept,results,results/source_private_tool_trace_control_stability_20260429_seed29_no_diag_no_intercept,3,3,no_named_partition_detected,"['large_json_file_level', 'large_jsonl_file_level']"
results/source_private_tool_trace_control_stability_20260429_seed29_slot_no_intercept,results,results/source_private_tool_trace_control_stability_20260429_seed29_slot_no_intercept,3,3,no_named_partition_detected,"['large_json_file_level', 'large_jsonl_file_level']"
results/source_private_tool_trace_control_stability_20260429_seed31_no_diag,results,results/source_private_tool_trace_control_stability_20260429_seed31_no_diag,3,3,no_named_partition_detected,"['large_json_file_level', 'large_jsonl_file_level']"
results/source_private_tool_trace_control_stability_20260429_seed31_no_diag_no_intercept,results,results/source_private_tool_trace_control_stability_20260429_seed31_no_diag_no_intercept,3,3,no_named_partition_detected,"['large_json_file_level', 'large_jsonl_file_level']"
results/source_private_tool_trace_control_stability_20260429_seed31_slot_no_intercept,results,results/source_private_tool_trace_control_stability_20260429_seed31_slot_no_intercept,3,3,no_named_partition_detected,"['large_json_file_level', 'large_jsonl_file_level']"
results/source_private_tool_trace_control_stability_20260429_seed33_full,results,results/source_private_tool_trace_control_stability_20260429_seed33_full,3,3,no_named_partition_detected,"['large_json_file_level', 'large_jsonl_file_level']"
results/source_private_tool_trace_control_stability_20260429_seed33_no_diag,results,results/source_private_tool_trace_control_stability_20260429_seed33_no_diag,3,3,no_named_partition_detected,"['large_json_file_level', 'large_jsonl_file_level']"
results/source_private_tool_trace_control_stability_20260429_seed33_no_diag_no_intercept,results,results/source_private_tool_trace_control_stability_20260429_seed33_no_diag_no_intercept,3,3,no_named_partition_detected,"['large_json_file_level', 'large_jsonl_file_level']"
results/source_private_tool_trace_control_stability_20260429_seed33_no_intercept,results,results/source_private_tool_trace_control_stability_20260429_seed33_no_intercept,3,3,no_named_partition_detected,"['large_json_file_level', 'large_jsonl_file_level']"
results/source_private_tool_trace_control_stability_20260429_seed33_semantic,results,results/source_private_tool_trace_control_stability_20260429_seed33_semantic,3,3,no_named_partition_detected,"['large_json_file_level', 'large_jsonl_file_level']"
results/source_private_tool_trace_control_stability_20260429_seed33_slot_no_intercept,results,results/source_private_tool_trace_control_stability_20260429_seed33_slot_no_intercept,3,3,no_named_partition_detected,"['large_json_file_level', 'large_jsonl_file_level']"
results/source_private_tool_trace_control_stability_20260429_seed35_no_diag,results,results/source_private_tool_trace_control_stability_20260429_seed35_no_diag,3,3,no_named_partition_detected,"['large_json_file_level', 'large_jsonl_file_level']"
results/source_private_tool_trace_control_stability_20260429_seed35_no_diag_no_intercept,results,results/source_private_tool_trace_control_stability_20260429_seed35_no_diag_no_intercept,3,3,no_named_partition_detected,"['large_json_file_level', 'large_jsonl_file_level']"
results/source_private_tool_trace_control_stability_20260429_seed35_slot_no_intercept,results,results/source_private_tool_trace_control_stability_20260429_seed35_slot_no_intercept,3,3,no_named_partition_detected,"['large_json_file_level', 'large_jsonl_file_level']"
results/source_private_tool_trace_control_stability_20260429_seed37_no_diag,results,results/source_private_tool_trace_control_stability_20260429_seed37_no_diag,3,3,no_named_partition_detected,"['large_json_file_level', 'large_jsonl_file_level']"
results/source_private_tool_trace_control_stability_20260429_seed37_no_diag_no_intercept,results,results/source_private_tool_trace_control_stability_20260429_seed37_no_diag_no_intercept,3,3,no_named_partition_detected,"['large_json_file_level', 'large_jsonl_file_level']"
results/source_private_tool_trace_control_stability_20260429_seed37_slot_no_intercept,results,results/source_private_tool_trace_control_stability_20260429_seed37_slot_no_intercept,3,3,no_named_partition_detected,"['large_json_file_level', 'large_jsonl_file_level']"
results/source_private_tool_trace_latex_or_figures_20260430,results,results/source_private_tool_trace_latex_or_figures_20260430,2,2,no_named_partition_detected,"['large_csv_file_level', 'large_json_file_level']"
results/source_private_tool_trace_learned_syndrome_20260429,results,results/source_private_tool_trace_learned_syndrome_20260429,8,8,no_named_partition_detected,"['large_json_file_level', 'large_jsonl_file_level']"
results/source_private_tool_trace_learned_syndrome_20260429_seed31,results,results/source_private_tool_trace_learned_syndrome_20260429_seed31,6,6,no_named_partition_detected,"['large_json_file_level', 'large_jsonl_file_level']"
results/source_private_tool_trace_qjl_residual_20260429_remap101,results,results/source_private_tool_trace_qjl_residual_20260429_remap101,3,3,no_named_partition_detected,"['large_json_file_level', 'large_jsonl_file_level']"
results/source_private_tool_trace_qjl_residual_20260429_remap103,results,results/source_private_tool_trace_qjl_residual_20260429_remap103,3,3,no_named_partition_detected,"['large_json_file_level', 'large_jsonl_file_level']"
results/source_private_tool_trace_qjl_residual_20260429_remap107,results,results/source_private_tool_trace_qjl_residual_20260429_remap107,3,3,no_named_partition_detected,"['large_json_file_level', 'large_jsonl_file_level']"
results/source_private_tool_trace_qjl_residual_20260429_seed29_30,results,results/source_private_tool_trace_qjl_residual_20260429_seed29_30,3,3,no_named_partition_detected,"['large_json_file_level', 'large_jsonl_file_level']"
results/source_private_tool_trace_relative_scores_20260429_remap101,results,results/source_private_tool_trace_relative_scores_20260429_remap101,3,3,no_named_partition_detected,"['large_json_file_level', 'large_jsonl_file_level']"
results/source_private_tool_trace_relative_scores_20260429_remap101_budget4,results,results/source_private_tool_trace_relative_scores_20260429_remap101_budget4,3,3,no_named_partition_detected,"['large_json_file_level', 'large_jsonl_file_level']"
results/source_private_tool_trace_relative_scores_20260429_remap103,results,results/source_private_tool_trace_relative_scores_20260429_remap103,3,3,no_named_partition_detected,"['large_json_file_level', 'large_jsonl_file_level']"
results/source_private_tool_trace_relative_scores_20260429_remap103_budget4,results,results/source_private_tool_trace_relative_scores_20260429_remap103_budget4,3,3,no_named_partition_detected,"['large_json_file_level', 'large_jsonl_file_level']"
results/source_private_tool_trace_relative_scores_20260429_remap107,results,results/source_private_tool_trace_relative_scores_20260429_remap107,3,3,no_named_partition_detected,"['large_json_file_level', 'large_jsonl_file_level']"
results/source_private_tool_trace_relative_scores_20260429_remap107_budget4,results,results/source_private_tool_trace_relative_scores_20260429_remap107_budget4,3,3,no_named_partition_detected,"['large_json_file_level', 'large_jsonl_file_level']"
results/source_private_tool_trace_relative_scores_20260429_remap109_budget4,results,results/source_private_tool_trace_relative_scores_20260429_remap109_budget4,3,3,no_named_partition_detected,"['large_json_file_level', 'large_jsonl_file_level']"
results/source_private_tool_trace_relative_scores_20260429_remap113_budget4,results,results/source_private_tool_trace_relative_scores_20260429_remap113_budget4,3,3,no_named_partition_detected,"['large_json_file_level', 'large_jsonl_file_level']"
results/source_private_tool_trace_relative_scores_20260429_remap127_budget4,results,results/source_private_tool_trace_relative_scores_20260429_remap127_budget4,3,3,no_named_partition_detected,"['large_json_file_level', 'large_jsonl_file_level']"
results/source_private_tool_trace_relative_scores_20260429_remap131_budget4,results,results/source_private_tool_trace_relative_scores_20260429_remap131_budget4,3,3,no_named_partition_detected,"['large_json_file_level', 'large_jsonl_file_level']"
results/source_private_tool_trace_relative_scores_20260429_seed29_30,results,results/source_private_tool_trace_relative_scores_20260429_seed29_30,3,3,no_named_partition_detected,"['large_json_file_level', 'large_jsonl_file_level']"
results/source_private_tool_trace_relative_scores_20260429_seed29_30_budget4,results,results/source_private_tool_trace_relative_scores_20260429_seed29_30_budget4,3,3,no_named_partition_detected,"['large_json_file_level', 'large_jsonl_file_level']"
results/source_private_tool_trace_relative_scores_cross_family_20260429_core_to_holdout_budget4,results,results/source_private_tool_trace_relative_scores_cross_family_20260429_core_to_holdout_budget4,3,3,named_dev_gate_no_confirm,"['large_json_file_level', 'large_jsonl_file_level']"
results/source_private_tool_trace_relative_scores_cross_family_20260429_holdout_to_core_budget4,results,results/source_private_tool_trace_relative_scores_cross_family_20260429_holdout_to_core_budget4,3,3,named_dev_gate_no_confirm,"['large_json_file_level', 'large_jsonl_file_level']"
results/source_private_tool_trace_reviewer_risk_rows_20260429,results,results/source_private_tool_trace_reviewer_risk_rows_20260429,26,26,named_dev_gate_no_confirm,"['large_json_file_level', 'large_jsonl_file_level']"
results/source_private_tool_trace_slot_remap_20260429_seed101,results,results/source_private_tool_trace_slot_remap_20260429_seed101,3,3,no_named_partition_detected,"['large_json_file_level', 'large_jsonl_file_level']"
results/source_private_tool_trace_slot_remap_20260429_seed103,results,results/source_private_tool_trace_slot_remap_20260429_seed103,3,3,no_named_partition_detected,"['large_json_file_level', 'large_jsonl_file_level']"
results/source_private_tool_trace_slot_remap_20260429_seed107,results,results/source_private_tool_trace_slot_remap_20260429_seed107,3,3,no_named_partition_detected,"['large_json_file_level', 'large_jsonl_file_level']"
results/source_private_tool_trace_target_decoder_n160_20260430,results,results/source_private_tool_trace_target_decoder_n160_20260430,11,11,named_dev_gate_no_confirm,"['large_json_file_level', 'large_jsonl_file_level']"
results/source_private_tool_trace_target_decoder_progress_gate_20260429,results,results/source_private_tool_trace_target_decoder_progress_gate_20260429,21,21,named_dev_gate_no_confirm,"['large_json_file_level', 'large_jsonl_file_level']"
results/source_private_tool_trace_target_decoder_smoke_20260429,results,results/source_private_tool_trace_target_decoder_smoke_20260429,15,15,named_dev_gate_no_confirm,"['large_json_file_level', 'large_jsonl_file_level']"
results/source_private_train_donor_antishuffle_fixed12b_eval_audit_20260501,results,results/source_private_train_donor_antishuffle_fixed12b_eval_audit_20260501,3,3,no_named_partition_detected,"['large_csv_file_level', 'large_json_file_level']"
results/source_private_train_donor_antishuffle_locked_frontier_seed47_n128,results,results/source_private_train_donor_antishuffle_locked_frontier_seed47_n128,15,15,named_dev_gate_no_confirm,"['large_json_file_level', 'large_jsonl_file_level']"
results/source_private_train_donor_antishuffle_locked_frontier_seed53_n128,results,results/source_private_train_donor_antishuffle_locked_frontier_seed53_n128,11,11,named_dev_gate_no_confirm,"['large_json_file_level', 'large_jsonl_file_level']"
results/source_private_train_donor_antishuffle_locked_frontier_seed59_n128,results,results/source_private_train_donor_antishuffle_locked_frontier_seed59_n128,11,11,named_dev_gate_no_confirm,"['large_json_file_level', 'large_jsonl_file_level']"
results/source_private_train_donor_antishuffle_locked_rate_frontier_20260501,results,results/source_private_train_donor_antishuffle_locked_rate_frontier_20260501,3,3,no_named_partition_detected,"['large_csv_file_level', 'large_json_file_level']"
results/source_private_train_donor_antishuffle_seed47_n128_budget14,results,results/source_private_train_donor_antishuffle_seed47_n128_budget14,11,11,named_dev_gate_no_confirm,"['large_json_file_level', 'large_jsonl_file_level']"
results/source_private_train_donor_antishuffle_seed47_n512_budget10_cross,results,results/source_private_train_donor_antishuffle_seed47_n512_budget10_cross,8,8,named_dev_gate_no_confirm,"['large_json_file_level', 'large_jsonl_file_level']"
results/source_private_train_donor_antishuffle_seed47_n512_budget12_cross,results,results/source_private_train_donor_antishuffle_seed47_n512_budget12_cross,8,8,named_dev_gate_no_confirm,"['large_json_file_level', 'large_jsonl_file_level']"
results/source_private_train_donor_antishuffle_seed47_n512_budget14,results,results/source_private_train_donor_antishuffle_seed47_n512_budget14,11,11,named_dev_gate_no_confirm,"['large_json_file_level', 'large_jsonl_file_level']"
results/source_private_train_donor_antishuffle_seed53_n128_budget10,results,results/source_private_train_donor_antishuffle_seed53_n128_budget10,11,11,named_dev_gate_no_confirm,"['large_json_file_level', 'large_jsonl_file_level']"
results/source_private_train_donor_antishuffle_seed53_n128_budget12,results,results/source_private_train_donor_antishuffle_seed53_n128_budget12,11,11,named_dev_gate_no_confirm,"['large_json_file_level', 'large_jsonl_file_level']"
results/source_private_train_donor_antishuffle_seed53_n512_budget12_14,results,results/source_private_train_donor_antishuffle_seed53_n512_budget12_14,14,14,named_dev_gate_no_confirm,"['large_json_file_level', 'large_jsonl_file_level']"
results/source_private_train_donor_antishuffle_seed59_n128_budget10,results,results/source_private_train_donor_antishuffle_seed59_n128_budget10,8,8,named_dev_gate_no_confirm,"['large_json_file_level', 'large_jsonl_file_level']"
results/source_private_train_donor_antishuffle_seed59_n128_budget12,results,results/source_private_train_donor_antishuffle_seed59_n128_budget12,11,11,named_dev_gate_no_confirm,"['large_json_file_level', 'large_jsonl_file_level']"
results/source_private_train_donor_antishuffle_seed59_n512_budget12_14,results,results/source_private_train_donor_antishuffle_seed59_n512_budget12_14,14,14,named_dev_gate_no_confirm,"['large_json_file_level', 'large_jsonl_file_level']"
results/source_private_train_donor_antishuffle_source_private_validation_seed47_budget10_20260501,results,results/source_private_train_donor_antishuffle_source_private_validation_seed47_budget10_20260501,3,3,named_dev_gate_no_confirm,"['large_csv_file_level', 'large_json_file_level']"
results/source_private_train_donor_antishuffle_stable_gap_seed47_53_20260501,results,results/source_private_train_donor_antishuffle_stable_gap_seed47_53_20260501,3,3,no_named_partition_detected,"['large_csv_file_level', 'large_json_file_level']"
results/source_private_train_donor_antishuffle_stable_gap_seed47_53_59_20260501,results,results/source_private_train_donor_antishuffle_stable_gap_seed47_53_59_20260501,3,3,no_named_partition_detected,"['large_csv_file_level', 'large_json_file_level']"
results/source_private_train_donor_antishuffle_stable_interior_seed47_20260501,results,results/source_private_train_donor_antishuffle_stable_interior_seed47_20260501,3,3,no_named_partition_detected,"['large_csv_file_level', 'large_json_file_level']"
results/source_private_train_donor_antishuffle_stable_interior_seed53_train256_20260501,results,results/source_private_train_donor_antishuffle_stable_interior_seed53_train256_20260501,3,3,no_named_partition_detected,"['large_csv_file_level', 'large_json_file_level']"
results/source_private_train_donor_antishuffle_train_family_disjoint_seed47_n128,results,results/source_private_train_donor_antishuffle_train_family_disjoint_seed47_n128,14,14,named_dev_gate_no_confirm,"['large_json_file_level', 'large_jsonl_file_level']"
results/source_private_train_donor_antishuffle_train_family_disjoint_seed53_n128_train256,results,results/source_private_train_donor_antishuffle_train_family_disjoint_seed53_n128_train256,14,14,named_dev_gate_no_confirm,"['large_json_file_level', 'large_jsonl_file_level']"
results/source_private_train_donor_antishuffle_train_family_disjoint_seed59_n128_train256,results,results/source_private_train_donor_antishuffle_train_family_disjoint_seed59_n128_train256,14,14,named_dev_gate_no_confirm,"['large_json_file_level', 'large_jsonl_file_level']"
results/source_private_train_only_receiver_permuted_null_gap_20260501_seed47_n128,results,results/source_private_train_only_receiver_permuted_null_gap_20260501_seed47_n128,11,11,named_dev_gate_no_confirm,"['large_json_file_level', 'large_jsonl_file_level']"
results/source_private_train_only_receiver_permuted_null_gap_20260501_seed47_n128_tau0.35,results,results/source_private_train_only_receiver_permuted_null_gap_20260501_seed47_n128_tau0.35,11,11,named_dev_gate_no_confirm,"['large_json_file_level', 'large_jsonl_file_level']"
results/source_private_train_only_receiver_permuted_null_gap_20260501_seed47_n128_tau0.40,results,results/source_private_train_only_receiver_permuted_null_gap_20260501_seed47_n128_tau0.40,11,11,named_dev_gate_no_confirm,"['large_json_file_level', 'large_jsonl_file_level']"
results/source_private_train_only_receiver_permuted_null_gap_20260501_seed47_n128_tau0.45,results,results/source_private_train_only_receiver_permuted_null_gap_20260501_seed47_n128_tau0.45,11,11,named_dev_gate_no_confirm,"['large_json_file_level', 'large_jsonl_file_level']"
results/source_private_train_only_receiver_permuted_null_gap_20260501_seed47_n128_tau0.50,results,results/source_private_train_only_receiver_permuted_null_gap_20260501_seed47_n128_tau0.50,11,11,named_dev_gate_no_confirm,"['large_json_file_level', 'large_jsonl_file_level']"
results/source_private_train_only_receiver_permuted_null_gap_20260501_seed47_n512,results,results/source_private_train_only_receiver_permuted_null_gap_20260501_seed47_n512,11,11,named_dev_gate_no_confirm,"['large_json_file_level', 'large_jsonl_file_level']"
results/source_private_train_only_receiver_permuted_null_gap_20260501_seed53_n512,results,results/source_private_train_only_receiver_permuted_null_gap_20260501_seed53_n512,11,11,named_dev_gate_no_confirm,"['large_json_file_level', 'large_jsonl_file_level']"
results/source_private_train_only_receiver_permuted_null_gap_20260501_seed59_n512,results,results/source_private_train_only_receiver_permuted_null_gap_20260501_seed59_n512,11,11,named_dev_gate_no_confirm,"['large_json_file_level', 'large_jsonl_file_level']"
results/source_private_trainable_jepa_query_resampler_semantic_anchor_smoke_20260430,results,results/source_private_trainable_jepa_query_resampler_semantic_anchor_smoke_20260430,14,14,named_dev_gate_no_confirm,"['large_json_file_level', 'large_jsonl_file_level']"
results/source_private_verifier_consumption_trace_20260430,results,results/source_private_verifier_consumption_trace_20260430,6,6,named_dev_gate_no_confirm,"['large_csv_file_level', 'large_json_file_level']"
results/source_private_wyner_ziv_cross_family_gate_20260429,results,results/source_private_wyner_ziv_cross_family_gate_20260429,12,12,named_dev_gate_no_confirm,"['large_json_file_level', 'large_jsonl_file_level']"
results/source_private_wyner_ziv_packet_gate_20260429,results,results/source_private_wyner_ziv_packet_gate_20260429,17,17,prior_eval_rows_present_no_clean_confirm,"['large_json_file_level', 'large_jsonl_file_level']"
results/source_surface_after_sidecar_pruning_20260427,results,results/source_surface_after_sidecar_pruning_20260427,1,1,no_named_partition_detected,['large_json_file_level']
results/source_surface_answer_masking_audit_20260427,results,results/source_surface_answer_masking_audit_20260427,1,1,no_named_partition_detected,['large_json_file_level']
results/source_surface_reselection_20260426,results,results/source_surface_reselection_20260426,2,2,no_named_partition_detected,['large_json_file_level']
results/stack_probe_20260419,results,results/stack_probe_20260419,2,2,no_named_partition_detected,"['large_json_file_level', 'large_jsonl_file_level']"
results/surface_scout_deepseek_qwen_svamp32_20260426,results,results/surface_scout_deepseek_qwen_svamp32_20260426,8,8,no_named_partition_detected,"['large_json_file_level', 'large_jsonl_file_level']"
results/surface_scout_qwen25math_instruct_qwen3_svamp32_20260426,results,results/surface_scout_qwen25math_instruct_qwen3_svamp32_20260426,9,9,no_named_partition_detected,"['large_json_file_level', 'large_jsonl_file_level']"
results/surface_scout_qwen25math_qwen3_svamp16_20260426,results,results/surface_scout_qwen25math_qwen3_svamp16_20260426,10,10,no_named_partition_detected,"['large_json_file_level', 'large_jsonl_file_level']"
results/surface_scout_qwen25math_qwen3_svamp16_chat_20260426,results,results/surface_scout_qwen25math_qwen3_svamp16_chat_20260426,10,10,no_named_partition_detected,"['large_json_file_level', 'large_jsonl_file_level']"
results/surface_scout_qwen25math_qwen3_svamp32_chat_20260426,results,results/surface_scout_qwen25math_qwen3_svamp32_chat_20260426,10,10,no_named_partition_detected,"['large_json_file_level', 'large_jsonl_file_level']"
results/svamp32_answer_teacher_microfit_20260424,results,results/svamp32_answer_teacher_microfit_20260424,1,1,prior_eval_rows_present_no_clean_confirm,['large_json_file_level']
results/svamp32_anti_memory_perceiver_20260426,results,results/svamp32_anti_memory_perceiver_20260426,3,3,prior_eval_rows_present_no_clean_confirm,['large_json_file_level']
results/svamp32_c2c_candidate_pool_delta_packet_gate_mps_20260505,results,results/svamp32_c2c_candidate_pool_delta_packet_gate_mps_20260505,2,2,prior_eval_rows_present_no_clean_confirm,['large_json_file_level']
results/svamp32_c2c_generated_answer_packet_audit_20260505,results,results/svamp32_c2c_generated_answer_packet_audit_20260505,2,2,no_named_partition_detected,['large_json_file_level']
results/svamp32_c2c_generation_trace_syndrome_probe_20260505,results,results/svamp32_c2c_generation_trace_syndrome_probe_20260505,2,2,no_named_partition_detected,['large_json_file_level']
results/svamp32_c2c_generation_trace_syndrome_probe_mps_20260505,results,results/svamp32_c2c_generation_trace_syndrome_probe_mps_20260505,2,2,no_named_partition_detected,['large_json_file_level']
results/svamp32_c2c_mechanism_projection_probe_20260426,results,results/svamp32_c2c_mechanism_projection_probe_20260426,1,1,no_named_partition_detected,['large_json_file_level']
results/svamp32_c2c_mechanism_syndrome_probe_20260426,results,results/svamp32_c2c_mechanism_syndrome_probe_20260426,2,2,no_named_partition_detected,['large_json_file_level']
results/svamp32_c2c_mps_compat_replay_20260505,results,results/svamp32_c2c_mps_compat_replay_20260505,5,5,no_named_partition_detected,"['large_json_file_level', 'large_jsonl_file_level']"
results/svamp32_c2c_teacher_delta_packet_gate_mps_20260505,results,results/svamp32_c2c_teacher_delta_packet_gate_mps_20260505,2,2,prior_eval_rows_present_no_clean_confirm,['large_json_file_level']
results/svamp32_c2c_teacher_sparse_packet_distillation_preflight_20260505,results,results/svamp32_c2c_teacher_sparse_packet_distillation_preflight_20260505,2,2,no_named_partition_detected,['large_json_file_level']
results/svamp32_conditional_residual_query_codec_20260423,results,results/svamp32_conditional_residual_query_codec_20260423,1,1,no_named_partition_detected,['large_json_file_level']
results/svamp32_contrastive_deltamem_connector_20260424,results,results/svamp32_contrastive_deltamem_connector_20260424,2,2,no_named_partition_detected,['large_json_file_level']
results/svamp32_control_contrastive_innovation_20260423,results,results/svamp32_control_contrastive_innovation_20260423,1,1,no_named_partition_detected,['large_json_file_level']
results/svamp32_delta_memory_query_codec_20260424,results,results/svamp32_delta_memory_query_codec_20260424,1,1,no_named_partition_detected,['large_json_file_level']
results/svamp32_deltamem_answer_likelihood_cpu_smoke_20260426,results,results/svamp32_deltamem_answer_likelihood_cpu_smoke_20260426,12,12,no_named_partition_detected,"['large_json_file_level', 'large_jsonl_file_level']"
results/svamp32_dynalign_source_controls_20260423,results,results/svamp32_dynalign_source_controls_20260423,11,11,no_named_partition_detected,"['large_json_file_level', 'large_jsonl_file_level']"
results/svamp32_idweighted_query_innovation_20260423,results,results/svamp32_idweighted_query_innovation_20260423,18,18,prior_eval_rows_present_no_clean_confirm,"['large_json_file_level', 'large_jsonl_file_level']"
results/svamp32_learned_syndrome_probe_20260424,results,results/svamp32_learned_syndrome_probe_20260424,2,2,no_named_partition_detected,['large_json_file_level']
results/svamp32_perceiver_answer_teacher_contrastive_20260426,results,results/svamp32_perceiver_answer_teacher_contrastive_20260426,3,3,prior_eval_rows_present_no_clean_confirm,['large_json_file_level']
results/svamp32_perceiver_query_connector_20260424,results,results/svamp32_perceiver_query_connector_20260424,1,1,no_named_partition_detected,['large_json_file_level']
results/svamp32_process_repair_source_controls_20260426,results,results/svamp32_process_repair_source_controls_20260426,1,1,no_named_partition_detected,['large_jsonl_file_level']
results/svamp32_process_trace_sidecar_clean6_20260427,results,results/svamp32_process_trace_sidecar_clean6_20260427,12,12,no_named_partition_detected,"['large_json_file_level', 'large_jsonl_file_level']"
results/svamp32_query_bottleneck_residue_20260426,results,results/svamp32_query_bottleneck_residue_20260426,1,1,no_named_partition_detected,['large_json_file_level']
results/svamp32_query_bottleneck_syndrome_jepa_smoke_20260427,results,results/svamp32_query_bottleneck_syndrome_jepa_smoke_20260427,1,1,no_named_partition_detected,['large_json_file_level']
results/svamp32_query_innovation_query_pool_transport_20260423,results,results/svamp32_query_innovation_query_pool_transport_20260423,17,17,prior_eval_rows_present_no_clean_confirm,"['large_json_file_level', 'large_jsonl_file_level']"
results/svamp32_query_innovation_resampler_gate015_20260423,results,results/svamp32_query_innovation_resampler_gate015_20260423,8,8,prior_eval_rows_present_no_clean_confirm,"['large_json_file_level', 'large_jsonl_file_level']"
results/svamp32_source_latent_all_layers_20260426,results,results/svamp32_source_latent_all_layers_20260426,1,1,no_named_partition_detected,['large_json_file_level']
results/svamp32_source_latent_syndrome_probe_20260424,results,results/svamp32_source_latent_syndrome_probe_20260424,2,2,no_named_partition_detected,['large_json_file_level']
results/svamp32_source_margin_audit_20260424,results,results/svamp32_source_margin_audit_20260424,1,1,no_named_partition_detected,['large_json_file_level']
results/svamp32_source_only_sidecar_router_20260426,results,results/svamp32_source_only_sidecar_router_20260426,1,1,prior_eval_rows_present_no_clean_confirm,['large_json_file_level']
results/svamp32_source_oracle_bound_20260424,results,results/svamp32_source_oracle_bound_20260424,2,2,prior_eval_rows_present_no_clean_confirm,['large_json_file_level']
results/svamp32_source_sample_selector_newclean2_20260427,results,results/svamp32_source_sample_selector_newclean2_20260427,11,11,no_named_partition_detected,"['large_json_file_level', 'large_jsonl_file_level']"
results/svamp32_source_sampling_full32_s4_20260427,results,results/svamp32_source_sampling_full32_s4_20260427,5,5,no_named_partition_detected,"['large_json_file_level', 'large_jsonl_file_level']"
results/svamp32_source_sampling_newclean2_s16_20260427,results,results/svamp32_source_sampling_newclean2_s16_20260427,11,11,no_named_partition_detected,"['large_json_file_level', 'large_jsonl_file_level']"
results/svamp32_source_token_all_layers_bottleneck_20260426,results,results/svamp32_source_token_all_layers_bottleneck_20260426,1,1,no_named_partition_detected,['large_json_file_level']
results/svamp32_sparse_anchor_sidecar_20260426,results,results/svamp32_sparse_anchor_sidecar_20260426,2,2,no_named_partition_detected,['large_json_file_level']
results/svamp32_stronger_source_baselines_20260424,results,results/svamp32_stronger_source_baselines_20260424,4,4,no_named_partition_detected,"['large_json_file_level', 'large_jsonl_file_level']"
results/svamp32_stronger_source_margin_audit_20260424,results,results/svamp32_stronger_source_margin_audit_20260424,11,11,no_named_partition_detected,"['large_json_file_level', 'large_jsonl_file_level']"
results/svamp32_syndrome_sidecar_probe_20260424,results,results/svamp32_syndrome_sidecar_probe_20260424,2,2,no_named_partition_detected,['large_json_file_level']
results/svamp32_target_brief_sampling_full32_s4_20260427,results,results/svamp32_target_brief_sampling_full32_s4_20260427,9,9,no_named_partition_detected,"['large_json_file_level', 'large_jsonl_file_level']"
results/svamp32_target_safe_oracle_replay_20260426,results,results/svamp32_target_safe_oracle_replay_20260426,1,1,no_named_partition_detected,['large_json_file_level']
results/svamp32_target_sampling_clean6_20260427,results,results/svamp32_target_sampling_clean6_20260427,15,15,no_named_partition_detected,"['large_json_file_level', 'large_jsonl_file_level']"
results/svamp32_target_sampling_full32_s8_20260427,results,results/svamp32_target_sampling_full32_s8_20260427,7,7,no_named_partition_detected,"['large_json_file_level', 'large_jsonl_file_level']"
results/svamp32_targetmem_query_codec_20260423,results,results/svamp32_targetmem_query_codec_20260423,1,1,no_named_partition_detected,['large_json_file_level']
results/svamp32_teacher_forced_connector_diagnostic_20260424,results,results/svamp32_teacher_forced_connector_diagnostic_20260424,2,2,prior_eval_rows_present_no_clean_confirm,['large_json_file_level']
results/svamp32_vfull_both_transport_20260423,results,results/svamp32_vfull_both_transport_20260423,2,2,no_named_partition_detected,['large_json_file_level']
results/svamp70_exact_id_overlap_audit_20260427,results,results/svamp70_exact_id_overlap_audit_20260427,1,1,no_named_partition_detected,['large_json_file_level']
results/svamp70_perceiver_answer_likelihood_cpu_smoke_20260426,results,results/svamp70_perceiver_answer_likelihood_cpu_smoke_20260426,12,12,no_named_partition_detected,"['large_json_file_level', 'large_jsonl_file_level']"
results/svamp70_perceiver_answer_teacher_contrastive_20260426,results,results/svamp70_perceiver_answer_teacher_contrastive_20260426,1,1,prior_eval_rows_present_no_clean_confirm,['large_json_file_level']
results/svamp_exactid_baselines32_20260423,results,results/svamp_exactid_baselines32_20260423,12,12,no_named_partition_detected,"['large_json_file_level', 'large_jsonl_file_level']"
results/svamp_exactid_baselines_20260423,results,results/svamp_exactid_baselines_20260423,10,10,no_named_partition_detected,"['large_json_file_level', 'large_jsonl_file_level']"
results/svamp_head_prior_20260418,results,results/svamp_head_prior_20260418,4,4,no_named_partition_detected,"['large_json_file_level', 'large_jsonl_file_level']"
results/svamp_replication_20260417,results,results/svamp_replication_20260417,3,3,no_named_partition_detected,['large_jsonl_file_level']
results/svamp_source_semantic_predicate_decoder_20260427,results,results/svamp_source_semantic_predicate_decoder_20260427,2,2,no_named_partition_detected,"['large_json_file_level', 'large_jsonl_file_level']"
results/svamp_source_semantic_predicate_decoder_strict_harm20_20260427,results,results/svamp_source_semantic_predicate_decoder_strict_harm20_20260427,2,2,no_named_partition_detected,"['large_json_file_level', 'large_jsonl_file_level']"
results/target_only_sampling_clean3_20260427,results,results/target_only_sampling_clean3_20260427,12,12,no_named_partition_detected,"['large_json_file_level', 'large_jsonl_file_level']"
results/target_self_repair_candidate_surface_20260427,results,results/target_self_repair_candidate_surface_20260427,2,2,no_named_partition_detected,['large_json_file_level']
results/target_self_resonance_hellaswag_chunk_encoder_gate_20260504_qwen05_train32_validation32_48,results,results/target_self_resonance_hellaswag_chunk_encoder_gate_20260504_qwen05_train32_validation32_48,4,4,named_dev_gate_no_confirm,"['large_csv_file_level', 'large_json_file_level', 'large_jsonl_file_level']"
results/target_self_resonance_hellaswag_chunk_encoder_gate_20260504_qwen05_train64_validation32_48,results,results/target_self_resonance_hellaswag_chunk_encoder_gate_20260504_qwen05_train64_validation32_48,4,4,named_dev_gate_no_confirm,"['large_csv_file_level', 'large_json_file_level', 'large_jsonl_file_level']"
results/target_self_resonance_hellaswag_chunk_encoder_gate_20260504_qwen05_train64_validation48_64,results,results/target_self_resonance_hellaswag_chunk_encoder_gate_20260504_qwen05_train64_validation48_64,4,4,named_dev_gate_no_confirm,"['large_csv_file_level', 'large_json_file_level', 'large_jsonl_file_level']"
results/target_self_resonance_hellaswag_consistency_refined_slot_gate_20260504_tiny_to_qwen05_train64_validation88_96,results,results/target_self_resonance_hellaswag_consistency_refined_slot_gate_20260504_tiny_to_qwen05_train64_validation88_96,6,6,named_dev_gate_no_confirm,"['large_csv_file_level', 'large_json_file_level', 'large_jsonl_file_level', 'npz_file_level']"
results/target_self_resonance_hellaswag_oracle_distill_gate_20260504_qwen05_train16_validation64_72,results,results/target_self_resonance_hellaswag_oracle_distill_gate_20260504_qwen05_train16_validation64_72,4,4,named_dev_gate_no_confirm,"['large_csv_file_level', 'large_json_file_level', 'large_jsonl_file_level']"
results/target_self_resonance_hellaswag_oracle_distill_gate_20260504_qwen05_train16_validation64_72_stronger_student,results,results/target_self_resonance_hellaswag_oracle_distill_gate_20260504_qwen05_train16_validation64_72_stronger_student,4,4,named_dev_gate_no_confirm,"['large_csv_file_level', 'large_json_file_level', 'large_jsonl_file_level']"
results/target_self_resonance_hellaswag_query_resampler_gate_20260504_qwen05_train32_validation72_80,results,results/target_self_resonance_hellaswag_query_resampler_gate_20260504_qwen05_train32_validation72_80,4,4,named_dev_gate_no_confirm,"['large_csv_file_level', 'large_json_file_level', 'large_jsonl_file_level']"
results/target_self_resonance_hellaswag_query_resampler_gate_20260504_qwen05_train64_validation72_80,results,results/target_self_resonance_hellaswag_query_resampler_gate_20260504_qwen05_train64_validation72_80,4,4,named_dev_gate_no_confirm,"['large_csv_file_level', 'large_json_file_level', 'large_jsonl_file_level']"
results/target_self_resonance_hellaswag_query_resampler_gate_20260504_qwen05_train64_validation72_80_contrastive,results,results/target_self_resonance_hellaswag_query_resampler_gate_20260504_qwen05_train64_validation72_80_contrastive,4,4,named_dev_gate_no_confirm,"['large_csv_file_level', 'large_json_file_level', 'large_jsonl_file_level']"
results/target_self_resonance_hellaswag_soft_prefix_gate_20260504_qwen05_validation0_16,results,results/target_self_resonance_hellaswag_soft_prefix_gate_20260504_qwen05_validation0_16,4,4,prior_eval_rows_present_no_clean_confirm,"['large_csv_file_level', 'large_json_file_level', 'large_jsonl_file_level']"
results/target_self_resonance_hellaswag_soft_prefix_gate_20260504_qwen05_validation16_32,results,results/target_self_resonance_hellaswag_soft_prefix_gate_20260504_qwen05_validation16_32,4,4,prior_eval_rows_present_no_clean_confirm,"['large_csv_file_level', 'large_json_file_level', 'large_jsonl_file_level']"
results/target_self_resonance_hellaswag_soft_prefix_gate_20260504_qwen05_validation32_48,results,results/target_self_resonance_hellaswag_soft_prefix_gate_20260504_qwen05_validation32_48,4,4,prior_eval_rows_present_no_clean_confirm,"['large_csv_file_level', 'large_json_file_level', 'large_jsonl_file_level']"
results/target_self_resonance_hellaswag_soft_prefix_gate_20260504_qwen05_validation48_64,results,results/target_self_resonance_hellaswag_soft_prefix_gate_20260504_qwen05_validation48_64,4,4,prior_eval_rows_present_no_clean_confirm,"['large_csv_file_level', 'large_json_file_level', 'large_jsonl_file_level']"
results/target_self_resonance_hellaswag_source_codebook_candidate_repair_gate_20260504_tiny_to_qwen05_train64_validation72_80,results,results/target_self_resonance_hellaswag_source_codebook_candidate_repair_gate_20260504_tiny_to_qwen05_train64_validation72_80,5,5,named_dev_gate_no_confirm,"['large_csv_file_level', 'large_json_file_level', 'large_jsonl_file_level']"
results/target_self_resonance_hellaswag_source_hidden_residual_slot_gate_20260504_tiny_to_qwen05_train64_validation80_88,results,results/target_self_resonance_hellaswag_source_hidden_residual_slot_gate_20260504_tiny_to_qwen05_train64_validation80_88,6,6,named_dev_gate_no_confirm,"['large_csv_file_level', 'large_json_file_level', 'large_jsonl_file_level', 'npz_file_level']"
results/target_self_resonance_hellaswag_source_hidden_residual_slot_gate_20260504_tiny_to_qwen05_train64_validation80_88_top2_stable,results,results/target_self_resonance_hellaswag_source_hidden_residual_slot_gate_20260504_tiny_to_qwen05_train64_validation80_88_top2_stable,6,6,named_dev_gate_no_confirm,"['large_csv_file_level', 'large_json_file_level', 'large_jsonl_file_level', 'npz_file_level']"
results/target_self_resonance_hellaswag_source_oracle_distill_gate_20260504_tiny_to_qwen05_train16_validation64_72,results,results/target_self_resonance_hellaswag_source_oracle_distill_gate_20260504_tiny_to_qwen05_train16_validation64_72,6,6,named_dev_gate_no_confirm,"['large_csv_file_level', 'large_json_file_level', 'large_jsonl_file_level', 'npz_file_level']"
results/target_self_resonance_hellaswag_source_oracle_distill_gate_20260504_tiny_to_qwen05_train64_validation64_72,results,results/target_self_resonance_hellaswag_source_oracle_distill_gate_20260504_tiny_to_qwen05_train64_validation64_72,6,6,named_dev_gate_no_confirm,"['large_csv_file_level', 'large_json_file_level', 'large_jsonl_file_level', 'npz_file_level']"
results/target_self_resonance_hellaswag_source_residual_slot_gate_20260504_tiny_to_qwen05_train64_validation72_80,results,results/target_self_resonance_hellaswag_source_residual_slot_gate_20260504_tiny_to_qwen05_train64_validation72_80,4,4,named_dev_gate_no_confirm,"['large_csv_file_level', 'large_json_file_level', 'large_jsonl_file_level']"
results/target_self_resonance_hellaswag_source_residual_slot_gate_20260504_tiny_to_qwen05_train64_validation72_80_gate2p5,results,results/target_self_resonance_hellaswag_source_residual_slot_gate_20260504_tiny_to_qwen05_train64_validation72_80_gate2p5,4,4,named_dev_gate_no_confirm,"['large_csv_file_level', 'large_json_file_level', 'large_jsonl_file_level']"
results/target_side_candidate_headroom_20260427,results,results/target_side_candidate_headroom_20260427,1,1,no_named_partition_detected,['large_json_file_level']
results/target_whitening_20260419,results,results/target_whitening_20260419,2,2,no_named_partition_detected,"['large_json_file_level', 'large_jsonl_file_level']"
results/tmp_kvpress_expected_gsm5.jsonl,results,results/tmp_kvpress_expected_gsm5.jsonl,1,1,no_named_partition_detected,['large_jsonl_file_level']
results/tmp_kvpress_expected_gsm5.jsonl.meta.json,results,results/tmp_kvpress_expected_gsm5.jsonl.meta.json,1,1,no_named_partition_detected,['large_json_file_level']
results/tmp_kvpress_none_gsm5.jsonl,results,results/tmp_kvpress_none_gsm5.jsonl,1,1,no_named_partition_detected,['large_jsonl_file_level']
results/tmp_kvpress_none_gsm5.jsonl.meta.json,results,results/tmp_kvpress_none_gsm5.jsonl.meta.json,1,1,no_named_partition_detected,['large_json_file_level']
results/toy_hub_sticky_frontier_stack_20260421,results,results/toy_hub_sticky_frontier_stack_20260421,1,1,no_named_partition_detected,['large_json_file_level']
