{
  "model": "Rosetta",
  "dataset": "ai2-arc",
  "answer_method": "generate",
  "overall_accuracy": 0.44041450777202074,
  "subjects": {
    "SPLIT_0_OF_1": 0.44041450777202074
  },
  "length_statistics": {
    "subjects": {
      "SPLIT_0_OF_1": {
        "avg_input_length": 168.0984455958549,
        "avg_gen_length": 8.419689119170984,
        "avg_length_ratio": 0.05012196444436532,
        "accuracy": 0.44041450777202074,
        "total_samples": 193
      }
    }
  }
}