{
  "model": "Rosetta",
  "dataset": "ai2-arc",
  "answer_method": "generate",
  "overall_accuracy": 0.5103092783505154,
  "subjects": {
    "SPLIT_0_OF_1": 0.5103092783505154
  },
  "length_statistics": {
    "subjects": {
      "SPLIT_0_OF_1": {
        "avg_input_length": 170.87113402061857,
        "avg_gen_length": 8.231958762886597,
        "avg_length_ratio": 0.04845751625013239,
        "accuracy": 0.5103092783505154,
        "total_samples": 194
      }
    }
  }
}