{
  "model": "Rosetta",
  "dataset": "ai2-arc",
  "answer_method": "generate",
  "overall_accuracy": 0.5025380710659898,
  "subjects": {
    "SPLIT_0_OF_1": 0.5025380710659898
  },
  "length_statistics": {
    "subjects": {
      "SPLIT_0_OF_1": {
        "avg_input_length": 167.4263959390863,
        "avg_gen_length": 7.9847715736040605,
        "avg_length_ratio": 0.0482547472621728,
        "accuracy": 0.5025380710659898,
        "total_samples": 197
      }
    }
  }
}