{
  "model": "Rosetta",
  "dataset": "ai2-arc",
  "answer_method": "generate",
  "overall_accuracy": 0.5477386934673367,
  "subjects": {
    "SPLIT_0_OF_1": 0.5477386934673367
  },
  "kv_transfer_stats": {
    "count": 5572,
    "selected_min": 63,
    "selected_max": 63,
    "selected_sum": 351036,
    "total_sum": 773108,
    "selected_fraction_sum": 2584.1804521950135,
    "score_mean_sum": 86702.38367164135,
    "score_min": 1.250839352607727,
    "score_max": 88.75782775878906,
    "prefill_count": 199,
    "prefill_time_sum_ms": 87473.1963534141,
    "selection_time_sum_ms": 838.9389846706763,
    "projection_score_time_sum_ms": 11698.971045901999,
    "projection_transfer_time_sum_ms": 11985.029409872368,
    "fuse_time_sum_ms": 614.8480239789933,
    "rd_int8_sum": 351036,
    "rd_int4_sum": 0,
    "rd_drop_sum": 422072,
    "rd_budget_bytes_sum": 91492240.0,
    "rd_bytes_used_sum": 90656440.0,
    "rd_effective_bits_sum": 44968.47222222162,
    "rd_payload_bytes_sum": 89865216.0,
    "rd_index_bytes_sum": 702072.0,
    "rd_scale_bytes_sum": 89152.0,
    "selected_mean": 63.0,
    "total_mean": 138.74874371859298,
    "selected_fraction_mean": 0.4637796935023355,
    "score_mean": 15.56037036461618,
    "prefill_time_mean_ms": 439.5638007709251,
    "selection_time_mean_ms": 0.15056334972553415,
    "projection_score_time_mean_ms": 2.0995999723442207,
    "projection_transfer_time_mean_ms": 2.150938515770346,
    "fuse_time_mean_ms": 0.11034602009673246,
    "rd_int8_mean": 63.0,
    "rd_int4_mean": 0.0,
    "rd_drop_mean": 75.74874371859296,
    "rd_budget_bytes_mean": 16420.0,
    "rd_bytes_used_mean": 16270.0,
    "rd_effective_bits_mean": 8.0704365079364,
    "rd_payload_bytes_mean": 16128.0,
    "rd_index_bytes_mean": 126.0,
    "rd_scale_bytes_mean": 16.0
  },
  "length_statistics": {
    "subjects": {
      "SPLIT_0_OF_1": {
        "avg_input_length": 139.74874371859298,
        "avg_gen_length": 10.391959798994975,
        "avg_length_ratio": 0.07517702686941856,
        "accuracy": 0.5477386934673367,
        "total_samples": 199
      }
    }
  }
}