{
  "model": "Rosetta",
  "dataset": "ai2-arc",
  "answer_method": "generate",
  "overall_accuracy": 0.5443786982248521,
  "subjects": {
    "SPLIT_0_OF_1": 0.5443786982248521
  },
  "kv_transfer_stats": {
    "count": 4732,
    "selected_min": 63,
    "selected_max": 63,
    "selected_sum": 298116,
    "total_sum": 661164,
    "selected_fraction_sum": 2179.8865661697528,
    "score_mean_sum": 73612.03323245049,
    "score_min": 1.2495698928833008,
    "score_max": 89.0440673828125,
    "prefill_count": 169,
    "prefill_time_sum_ms": 74152.98553113826,
    "selection_time_sum_ms": 715.127399773337,
    "projection_score_time_sum_ms": 9976.924780290574,
    "projection_transfer_time_sum_ms": 10235.044880304486,
    "fuse_time_sum_ms": 516.7496881913394,
    "rd_int8_sum": 298116,
    "rd_int4_sum": 0,
    "rd_drop_sum": 363048,
    "rd_budget_bytes_sum": 77699440.0,
    "rd_bytes_used_sum": 76989640.0,
    "rd_effective_bits_sum": 38189.30555555505,
    "rd_payload_bytes_sum": 76317696.0,
    "rd_index_bytes_sum": 596232.0,
    "rd_scale_bytes_sum": 75712.0,
    "selected_mean": 63.0,
    "total_mean": 139.72189349112426,
    "selected_fraction_mean": 0.4606691813545547,
    "score_mean": 15.55622004067001,
    "prefill_time_mean_ms": 438.77506231442754,
    "selection_time_mean_ms": 0.15112582412792414,
    "projection_score_time_mean_ms": 2.1083949239836377,
    "projection_transfer_time_mean_ms": 2.1629427050516665,
    "fuse_time_mean_ms": 0.10920323080966597,
    "rd_int8_mean": 63.0,
    "rd_int4_mean": 0.0,
    "rd_drop_mean": 76.72189349112426,
    "rd_budget_bytes_mean": 16420.0,
    "rd_bytes_used_mean": 16270.0,
    "rd_effective_bits_mean": 8.070436507936401,
    "rd_payload_bytes_mean": 16128.0,
    "rd_index_bytes_mean": 126.0,
    "rd_scale_bytes_mean": 16.0
  },
  "length_statistics": {
    "subjects": {
      "SPLIT_0_OF_1": {
        "avg_input_length": 140.72189349112426,
        "avg_gen_length": 10.402366863905325,
        "avg_length_ratio": 0.07417277270824879,
        "accuracy": 0.5443786982248521,
        "total_samples": 169
      }
    }
  }
}