{
  "model": "Rosetta",
  "dataset": "ai2-arc",
  "answer_method": "generate",
  "overall_accuracy": 0.5699481865284974,
  "subjects": {
    "SPLIT_0_OF_1": 0.5699481865284974
  },
  "kv_transfer_stats": {
    "count": 5404,
    "selected_min": 63,
    "selected_max": 63,
    "selected_sum": 340452,
    "total_sum": 757092,
    "selected_fraction_sum": 2495.147497483569,
    "score_mean_sum": 84061.43601512909,
    "score_min": 1.2495698928833008,
    "score_max": 88.81431579589844,
    "prefill_count": 193,
    "prefill_time_sum_ms": 85989.10046322271,
    "selection_time_sum_ms": 805.2655921783298,
    "projection_score_time_sum_ms": 11556.540607707575,
    "projection_transfer_time_sum_ms": 11857.789790723473,
    "fuse_time_sum_ms": 610.6737443478778,
    "rd_int8_sum": 340452,
    "rd_int4_sum": 0,
    "rd_drop_sum": 416640,
    "rd_budget_bytes_sum": 88733680.0,
    "rd_bytes_used_sum": 87923080.0,
    "rd_effective_bits_sum": 43612.63888888831,
    "rd_payload_bytes_sum": 87155712.0,
    "rd_index_bytes_sum": 680904.0,
    "rd_scale_bytes_sum": 86464.0,
    "selected_mean": 63.0,
    "total_mean": 140.0984455958549,
    "selected_fraction_mean": 0.4617223348415191,
    "score_mean": 15.55541006941693,
    "prefill_time_mean_ms": 445.53938063845965,
    "selection_time_mean_ms": 0.14901287790124534,
    "projection_score_time_mean_ms": 2.1385160265928156,
    "projection_transfer_time_mean_ms": 2.1942616193048616,
    "fuse_time_mean_ms": 0.11300402375053253,
    "rd_int8_mean": 63.0,
    "rd_int4_mean": 0.0,
    "rd_drop_mean": 77.09844559585493,
    "rd_budget_bytes_mean": 16420.0,
    "rd_bytes_used_mean": 16270.0,
    "rd_effective_bits_mean": 8.070436507936401,
    "rd_payload_bytes_mean": 16128.0,
    "rd_index_bytes_mean": 126.0,
    "rd_scale_bytes_mean": 16.0
  },
  "length_statistics": {
    "subjects": {
      "SPLIT_0_OF_1": {
        "avg_input_length": 141.0984455958549,
        "avg_gen_length": 9.901554404145077,
        "avg_length_ratio": 0.0713957309852728,
        "accuracy": 0.5699481865284974,
        "total_samples": 193
      }
    }
  }
}