{
  "model": "Rosetta",
  "dataset": "ai2-arc",
  "answer_method": "generate",
  "overall_accuracy": 0.5736040609137056,
  "subjects": {
    "SPLIT_0_OF_1": 0.5736040609137056
  },
  "kv_transfer_stats": {
    "count": 5516,
    "selected_min": 63,
    "selected_max": 63,
    "selected_sum": 347508,
    "total_sum": 769076,
    "selected_fraction_sum": 2556.7471233732713,
    "score_mean_sum": 85806.00074112415,
    "score_min": 1.2486317157745361,
    "score_max": 88.71595764160156,
    "prefill_count": 197,
    "prefill_time_sum_ms": 88512.2673928272,
    "selection_time_sum_ms": 817.6892286865041,
    "projection_score_time_sum_ms": 11855.504207545891,
    "projection_transfer_time_sum_ms": 12130.336898611858,
    "fuse_time_sum_ms": 616.9905893038958,
    "rd_int8_sum": 347508,
    "rd_int4_sum": 0,
    "rd_drop_sum": 421568,
    "rd_budget_bytes_sum": 90572720.0,
    "rd_bytes_used_sum": 89745320.0,
    "rd_effective_bits_sum": 44516.527777777184,
    "rd_payload_bytes_sum": 88962048.0,
    "rd_index_bytes_sum": 695016.0,
    "rd_scale_bytes_sum": 88256.0,
    "selected_mean": 63.0,
    "total_mean": 139.4263959390863,
    "selected_fraction_mean": 0.46351470692046254,
    "score_mean": 15.55583769781076,
    "prefill_time_mean_ms": 449.3008497097827,
    "selection_time_mean_ms": 0.14823952659291226,
    "projection_score_time_mean_ms": 2.149293728706652,
    "projection_transfer_time_mean_ms": 2.199118364505413,
    "fuse_time_mean_ms": 0.11185471162144595,
    "rd_int8_mean": 63.0,
    "rd_int4_mean": 0.0,
    "rd_drop_mean": 76.42639593908629,
    "rd_budget_bytes_mean": 16420.0,
    "rd_bytes_used_mean": 16270.0,
    "rd_effective_bits_mean": 8.0704365079364,
    "rd_payload_bytes_mean": 16128.0,
    "rd_index_bytes_mean": 126.0,
    "rd_scale_bytes_mean": 16.0
  },
  "length_statistics": {
    "subjects": {
      "SPLIT_0_OF_1": {
        "avg_input_length": 140.4263959390863,
        "avg_gen_length": 10.111675126903553,
        "avg_length_ratio": 0.07277634261784736,
        "accuracy": 0.5736040609137056,
        "total_samples": 197
      }
    }
  }
}