{
  "model": "Rosetta",
  "dataset": "ai2-arc",
  "answer_method": "generate",
  "overall_accuracy": 0.5088757396449705,
  "subjects": {
    "SPLIT_0_OF_1": 0.5088757396449705
  },
  "length_statistics": {
    "subjects": {
      "SPLIT_0_OF_1": {
        "avg_input_length": 140.72189349112426,
        "avg_gen_length": 11.479289940828401,
        "avg_length_ratio": 0.08149043408187585,
        "accuracy": 0.5088757396449705,
        "total_samples": 169
      }
    }
  }
}