{
  "model": "Rosetta",
  "dataset": "ai2-arc",
  "answer_method": "generate",
  "overall_accuracy": 0.5634517766497462,
  "subjects": {
    "SPLIT_0_OF_1": 0.5634517766497462
  },
  "length_statistics": {
    "subjects": {
      "SPLIT_0_OF_1": {
        "avg_input_length": 140.4263959390863,
        "avg_gen_length": 11.187817258883248,
        "avg_length_ratio": 0.08012069602478465,
        "accuracy": 0.5634517766497462,
        "total_samples": 197
      }
    }
  }
}