group,model,EM,F1,NLL/token,wall_clock_sec,compression,payload_bytes,samples,M,token_budget_mode,token_budget_k,dataset
text,llama,0.58,0.7994106570072514,12.72173482274305,17.755135774612427,7.65828125,32768,200,32,content_only,32,squad
text,qwen,0.68,0.8528460272957177,25.81069942126198,17.755135774612427,7.2403125,32768,200,32,content_only,32,squad
latent,llama,0.0,0.028969500943336595,7.05338198825075,15.745908260345459,7.65828125,32768,200,32,content_only,32,squad
latent,qwen,0.0,0.020233717263129024,7.109440777509931,15.745908260345459,7.2403125,32768,200,32,content_only,32,squad
token_budget,llama,0.005,0.04086507936507937,,15.082447528839111,7.65828125,32768,200,32,content_only,32,squad
token_budget,qwen,0.04,0.07479711954711955,,15.082447528839111,7.2403125,32768,200,32,content_only,32,squad
joint,both,0.0,0.019410864247551556,,,,32768,200,32,content_only,32,squad
