{
  "llama": {
    "rms_mean_raw": 0.8162768911583916,
    "rms_mean_cal": 0.010571376351167505,
    "embed_rms": 0.010575855150818825,
    "count": 1369
  },
  "qwen": {
    "rms_mean_raw": 0.9090006384995839,
    "rms_mean_cal": 0.013640723254469035,
    "embed_rms": 0.013637812808156013,
    "count": 1369
  }
}