{
  "method_summary": {
    "rotalign_kv_gate_0.10": {
      "accuracy": 0.03333333333333333,
      "avg_bits": 1381146.6666666667,
      "avg_bytes": 172643.33333333334,
      "count": 30,
      "head_keep_fraction_avg": 0.25,
      "head_layers_logged": 840,
      "head_score_entropy_avg": 1.9455190529425939,
      "metadata_bits_avg": 9191.466666666667,
      "metadata_bytes_avg": 1148.9333333333334,
      "payload_bits_avg": 1371955.2,
      "payload_bytes_avg": 171494.4,
      "route_atom_js_divergence_mean_avg": 0.09537741804185013,
      "route_atom_keep_fraction_avg": 0.25,
      "route_atom_orientation_span_avg": 0.24422105465616498,
      "route_atom_score_entropy_avg": 1.9455190529425939,
      "route_atom_score_gap_avg": 0.04600374826363155,
      "route_atom_sharpness_mean_avg": 0.8588219055107662,
      "selector_bits_avg": 9191.466666666667,
      "selector_bytes_avg": 1148.9333333333334,
      "selector_entropy_avg": 0.7527497562978949,
      "selector_keep_fraction_avg": 0.4999235545432257,
      "selector_layers_logged": 840
    },
    "target_alone": {
      "accuracy": 0.06666666666666667,
      "count": 30
    }
  },
  "metric_summary": {
    "rotalign_kv_gate_0.10": 0.03333333333333333,
    "rotalign_kv_gate_0.10_bits": 1381146.6666666667,
    "rotalign_kv_gate_0.10_bytes": 172643.33333333334,
    "rotalign_kv_gate_0.10_examples_per_sec": 0.11683455183187161,
    "rotalign_kv_gate_0.10_latency_sec": 8.559111875047286,
    "rotalign_kv_gate_0.10_tokens_per_sec": 7.442360951690222,
    "rotalign_kv_gate_0.10_ttft_sec": 1.9924443180672824,
    "target_alone": 0.06666666666666667,
    "target_alone_examples_per_sec": 0.12966232475919398,
    "target_alone_latency_sec": 7.712340511071186,
    "target_alone_tokens_per_sec": 8.220591389732897,
    "target_alone_ttft_sec": 0.4842425566787521
  },
  "paired_summary": {
    "paired_rotalign_kv_gate_0_10_vs_target_alone_baseline_only": 1.0,
    "paired_rotalign_kv_gate_0_10_vs_target_alone_bootstrap_delta_high": 0.0,
    "paired_rotalign_kv_gate_0_10_vs_target_alone_bootstrap_delta_low": -0.10000000149011612,
    "paired_rotalign_kv_gate_0_10_vs_target_alone_both_correct": 1.0,
    "paired_rotalign_kv_gate_0_10_vs_target_alone_both_wrong": 28.0,
    "paired_rotalign_kv_gate_0_10_vs_target_alone_delta_accuracy": -0.03333333333333333,
    "paired_rotalign_kv_gate_0_10_vs_target_alone_mcnemar_chi2": 0.0,
    "paired_rotalign_kv_gate_0_10_vs_target_alone_mcnemar_p": 1.0,
    "paired_rotalign_kv_gate_0_10_vs_target_alone_method_only": 0.0,
    "paired_rotalign_kv_gate_0_10_vs_target_alone_paired_n": 30.0
  },
  "run_config": {
    "device": "mps",
    "drop_target_layer_mode": "none",
    "drop_target_layers": [],
    "dtype": "float32",
    "eval_file": "/tmp/gsm8k_eval_30.jsonl",
    "fixed_gate": 0.1,
    "fusion_rule": "static",
    "gate_mode": "fixed",
    "gate_search_file": null,
    "gate_search_limit": 16,
    "gate_values": [
      0.0,
      0.25,
      0.5,
      0.75,
      1.0
    ],
    "kv_transport": "k_only",
    "max_new_tokens": 64,
    "methods": [
      "target",
      "rotalign"
    ],
    "per_head_position_budget_mode": "none",
    "position_selection_metric": "attention",
    "position_selection_prior_bins": 128,
    "position_selection_prior_file": null,
    "position_selection_prior_source": "calibration_mean_attention",
    "position_selection_ratio": 0.5,
    "quantization_control": "real",
    "quantize": true,
    "runtime_head_gate_metric": "none",
    "runtime_head_gate_strength": 1.0,
    "runtime_head_prior_alpha": 0.5,
    "runtime_head_prior_bundle_metadata": null,
    "runtime_head_prior_file": null,
    "runtime_head_prior_load": null,
    "runtime_head_prior_metric": "attention_peak",
    "runtime_head_prior_save": null,
    "runtime_head_prior_shrink_target": "uniform",
    "runtime_head_prior_shrinkage": 0.0,
    "runtime_head_selection_metric": "headwise_route_atom",
    "runtime_head_selection_ratio": 0.25,
    "source_enable_thinking": "false",
    "source_kv_control": "real",
    "source_model": "Qwen/Qwen2.5-0.5B-Instruct",
    "source_reasoning_mode": "brief_analysis",
    "source_use_chat_template": true,
    "target_enable_thinking": "false",
    "target_model": "Qwen/Qwen3-0.6B",
    "target_use_chat_template": true,
    "task_type": "generation",
    "translated_kv_control": "real",
    "translator": "checkpoints/bridge_ridge_qk_dynalign_prefdist_module_replace_20260420_diag/qwen25_to_qwen3_grouped_subspace_transport_w010_r4_dynalign_prefdist_module_replace_cal16_chat.pt"
  }
}