metric,threshold,validation_accuracy,validation_alt_rate,test_router_accuracy_mean,test_qwen_accuracy_mean,test_oracle_accuracy_mean,test_router_minus_qwen_mean,test_router_minus_qwen_min,test_router_alt_rate_mean,test_ci95_low_vs_qwen_min
best_score,0.08043015280622001,0.39444444444444443,0.03888888888888889,0.31543340380549684,0.3171247357293869,0.5856236786469344,-0.0016913319238900603,-0.008456659619450302,0.03890063424947146,-0.023255813953488372
pred_eq_source,2.0,0.3888888888888889,0.0,0.3171247357293869,0.3171247357293869,0.5856236786469344,0.0,0.0,0.0,0.0
packet_norm,2.2952654240511965,0.3888888888888889,0.0,0.3171247357293869,0.3171247357293869,0.5856236786469344,0.0,0.0,0.0,0.0
neg_entropy,2.0813244151970007,0.3888888888888889,0.0,0.3171247357293869,0.3171247357293869,0.5856236786469344,0.0,0.0,0.0,0.0
margin,3.5427902420769364,0.3888888888888889,0.0,0.3171247357293869,0.3171247357293869,0.5856236786469344,0.0,0.0,0.0,0.0
