{
  "llama": {
    "rms_mean_raw": 0.010608420950862077,
    "rms_mean_cal": 0.010571067758112937,
    "embed_rms": 0.01057521253824234,
    "count": 715
  },
  "qwen": {
    "rms_mean_raw": 0.013713795876690558,
    "rms_mean_cal": 0.013640664612965567,
    "embed_rms": 0.013643525540828705,
    "count": 715
  }
}