{
  "name": "synthetic_100x",
  "shape": [
    1,
    172209,
    4096
  ],
  "per_token_rms": {
    "min": 9.515625,
    "max": 10.5078125,
    "mean": 10.0390625,
    "std": 0.11212158203125,
    "median": 10.0390625,
    "q25": 9.9609375,
    "q75": 10.109375
  },
  "overall_rms": 10.0390625,
  "per_dim": {
    "mean_of_means": 0.004444122314453125,
    "std_of_means": 0.221435546875,
    "mean_of_stds": 10.03125,
    "std_of_stds": 0.040924072265625
  },
  "nearest_vocab_cosine": {
    "min": NaN,
    "max": NaN,
    "mean": NaN,
    "std": NaN,
    "median": NaN
  },
  "global_mean": 0.004444122314453125,
  "global_std": 10.0390625
}