{
  "name": "text_embeddings",
  "shape": [
    1,
    172209,
    4096
  ],
  "per_token_rms": {
    "min": 0.005313873291015625,
    "max": 0.01454925537109375,
    "mean": 0.0083770751953125,
    "std": 0.0019130706787109375,
    "median": 0.00836944580078125,
    "q25": 0.0064544677734375,
    "q75": 0.0098876953125
  },
  "overall_rms": 0.0085906982421875,
  "per_dim": {
    "mean_of_means": 4.315376281738281e-05,
    "std_of_means": 0.002201080322265625,
    "mean_of_stds": 0.00806427001953125,
    "std_of_stds": 0.0019683837890625
  },
  "nearest_vocab_cosine": {
    "min": NaN,
    "max": NaN,
    "mean": NaN,
    "std": NaN,
    "median": NaN
  },
  "global_mean": 4.315376281738281e-05,
  "global_std": 0.0085906982421875
}