{
  "rms": 0.01049041748046875,
  "mean": 2.2649765014648438e-05,
  "std": 0.0105743408203125,
  "vocab_size": 128256,
  "embedding_dim": 4096
}