{
  "model": "Rosetta",
  "dataset": "ai2-arc",
  "answer_method": "generate",
  "overall_accuracy": 0.5739644970414202,
  "subjects": {
    "SPLIT_0_OF_1": 0.5739644970414202
  },
  "kv_transfer_stats": {
    "count": 4732,
    "selected_min": 32,
    "selected_max": 32,
    "selected_sum": 151424,
    "total_sum": 661164,
    "selected_fraction_sum": 1107.2439701179894,
    "score_mean_sum": 84785.26509308815,
    "score_min": 1.3530524969100952,
    "score_max": 89.0440673828125,
    "prefill_count": 169,
    "prefill_time_sum_ms": 84826.94357028231,
    "selection_time_sum_ms": 716.4134943159297,
    "projection_score_time_sum_ms": 9942.648301715963,
    "projection_transfer_time_sum_ms": 19384.971195831895,
    "fuse_time_sum_ms": 904.7464062459767,
    "rd_int8_sum": 146692,
    "rd_int4_sum": 4732,
    "rd_drop_sum": 509740,
    "rd_budget_bytes_sum": 38849720.0,
    "rd_bytes_used_sum": 38613120.0,
    "rd_effective_bits_sum": 37708.125,
    "rd_payload_bytes_sum": 38158848.0,
    "rd_index_bytes_sum": 302848.0,
    "rd_scale_bytes_sum": 151424.0,
    "selected_mean": 32.0,
    "total_mean": 139.72189349112426,
    "selected_fraction_mean": 0.23399069529120656,
    "score_mean": 17.91742711181068,
    "prefill_time_mean_ms": 501.9345773389486,
    "selection_time_mean_ms": 0.15139761080218295,
    "projection_score_time_mean_ms": 2.101151373989003,
    "projection_transfer_time_mean_ms": 4.096570413320349,
    "fuse_time_mean_ms": 0.1911974653943315,
    "rd_int8_mean": 31.0,
    "rd_int4_mean": 1.0,
    "rd_drop_mean": 107.72189349112426,
    "rd_budget_bytes_mean": 8210.0,
    "rd_bytes_used_mean": 8160.0,
    "rd_effective_bits_mean": 7.96875,
    "rd_payload_bytes_mean": 8064.0,
    "rd_index_bytes_mean": 64.0,
    "rd_scale_bytes_mean": 32.0
  },
  "length_statistics": {
    "subjects": {
      "SPLIT_0_OF_1": {
        "avg_input_length": 140.72189349112426,
        "avg_gen_length": 8.970414201183432,
        "avg_length_ratio": 0.06348131630858066,
        "accuracy": 0.5739644970414202,
        "total_samples": 169
      }
    }
  }
}