{
  "samples": 50,
  "max_new_tokens": 6,
  "latent_len": 16,
  "device": "mps",
  "dtype": "torch.float16",
  "avg_prompt_tokens": {
    "llama": 444.8,
    "qwen": 442.82
  },
  "compression": {
    "llama": 27.8,
    "qwen": 27.67625
  },
  "payload_bytes": 16384,
  "wire": {
    "text_bytes_onecopy": {
      "llama_avg": 2022,
      "qwen_avg": 1869,
      "max_avg": 2022
    },
    "text_bytes_twocopies": {
      "sum_avg": 3891
    },
    "latent_bytes": {
      "fp32": 16384,
      "fp16": 8192
    }
  },
  "text": {
    "llama": {
      "em": 0.44,
      "f1": 0.6024155844155845,
      "nll_token": 11.256132204798941
    },
    "qwen": {
      "em": 0.38,
      "f1": 0.5213972693972694,
      "nll_token": 20.94948334409701
    },
    "wall_clock_sec": 229.98701691627502
  },
  "latent": {
    "llama": {
      "em": 0.0,
      "f1": 0.0,
      "nll_token": 11.948815127636523
    },
    "qwen": {
      "em": 0.0,
      "f1": 0.0,
      "nll_token": 11.463646967679459
    },
    "wall_clock_sec": 173.11856508255005
  },
  "token_budget": {
    "mode": "content_only",
    "k": 16,
    "llama": {
      "em": 0.02,
      "f1": 0.11933333333333332
    },
    "qwen": {
      "em": 0.04,
      "f1": 0.062272727272727264
    },
    "wall_clock_sec": 105.25608658790588
  },
  "joint": {
    "em": 0.0,
    "f1": 0.0,
    "agreement": 0.42,
    "oracle": {
      "em": null,
      "f1": null
    }
  },
  "debug": {
    "llama": {
      "adapter_scale": 0.9999411106109619,
      "Z_std": 0.9993295073509216,
      "Z_mean_norm": 15.989230155944824,
      "prefix_std": 0.6073083281517029,
      "prefix_mean_norm": 38.82302474975586
    },
    "qwen": {
      "adapter_scale": 1.0070216655731201,
      "Z_std": 0.9993295073509216,
      "Z_mean_norm": 15.989230155944824,
      "prefix_std": 0.6246752738952637,
      "prefix_mean_norm": 39.95219802856445
    },
    "latent_anchor_text": "Answer:"
  },
  "oracle": {
    "em": 0.0,
    "f1": 0.0
  },
  "dataset": "hotpot",
  "dataset_detail": {
    "config": "distractor"
  }
}