{
  "controls": {
    "random_reactive_top1": {
      "bootstrap_ci95": {
        "ci95_high": -0.8667338887624265,
        "ci95_low": -219.01468794770764
      },
      "included_trace_count": 8,
      "mean_recovery": -82.85174276581658,
      "median_recovery": -1.2626049261250778,
      "no_recoverable_static_gap_count": 4,
      "no_recoverable_static_gap_fraction": 0.3333333333333333,
      "total_trace_count": 12
    },
    "static_1pct": {
      "median_recovery": 0.0
    },
    "static_top10": {
      "bootstrap_ci95": {
        "ci95_high": 0.6174752804074675,
        "ci95_low": -68.56236265688855
      },
      "included_trace_count": 8,
      "mean_recovery": -150.35348898846578,
      "median_recovery": -0.22827336820997218,
      "no_recoverable_static_gap_count": 4,
      "no_recoverable_static_gap_fraction": 0.3333333333333333,
      "total_trace_count": 12
    }
  },
  "created_at_utc": "2026-05-18T02:39:37Z",
  "decdec_minus_random_reactive_median": 1.1925701448668713,
  "decdec_minus_static_top10_median": 0.15823858695176574,
  "schema_version": "om_phase9_decdec_v1_control_metrics"
}
