{
  "dataset": "openbookqa",
  "sample_indices": [
    0,
    1,
    2,
    3,
    4,
    5,
    6,
    7,
    8,
    9,
    10,
    11,
    12,
    13,
    14,
    15,
    16,
    17,
    18,
    19
  ],
  "num_samples": 20,
  "num_correct": 4,
  "accuracy": 0.2,
  "kv_quant_config": {
    "enabled": true,
    "scheme": "int8",
    "axis": "head",
    "eps": 1e-06,
    "collect_stats": true
  },
  "kv_quant_stats": {
    "count": 3984,
    "k_scale_min": 0.02502153068780899,
    "k_scale_max": 1.7401574850082397,
    "k_scale_mean_sum": 744.5883652828634,
    "v_scale_min": 0.00036909448681399226,
    "v_scale_max": 0.13927164673805237,
    "v_scale_mean_sum": 77.38698322698474,
    "k_scale_mean": 0.18689467000071872,
    "v_scale_mean": 0.019424443581070466
  }
}
