method,slot0_count,slot1_count,slot2_count,slot3_count,slot0_share,slot1_share,slot2_share,slot3_share,max_abs_shift_from_answer_distribution,total_variation_from_answer_distribution,max_slot_share
answer_gold,2515,2485,2584,2458,0.2504481179047998,0.24746066520613424,0.25731925911173076,0.24477195777733518,0.0,0.0,0.25731925911173076
candidate_only,2566,2364,2616,2496,0.2555267874925314,0.23541127265484962,0.2605058753236407,0.2485560645289783,0.012049392551284621,0.012049392551284635,0.2605058753236407
fixed_hybrid_vote_on_score_agreement,2592,2354,2607,2489,0.2581159131647082,0.23441545508862777,0.25960963951404104,0.24785899223262298,0.013045210117506478,0.013045210117506478,0.25960963951404104
