method,eval_rows,accuracy,delta_vs_fixed_hybrid,ci95_low_vs_fixed_hybrid,ci95_high_vs_fixed_hybrid,helps_vs_fixed_hybrid,harms_vs_fixed_hybrid
candidate_only_cyclic_roll_1,10042,0.15544712208723363,-0.3770165305715993,-0.3908583947420832,-0.3620767775343557,1517,5303
candidate_only_cyclic_roll_2,10042,0.15952997410874328,-0.37293367855008963,-0.3870817566221868,-0.3589822744473213,1563,5308
candidate_only_cyclic_roll_3,10042,0.15833499302927703,-0.3741286596295559,-0.38807757418840866,-0.35988348934475206,1534,5291
fixed_hybrid_vote_on_score_agreement_cyclic_roll_1,10042,0.15514837681736707,-0.37731527584146585,-0.3916625174268074,-0.3623780123481378,1558,5347
fixed_hybrid_vote_on_score_agreement_cyclic_roll_2,10042,0.1570404301931886,-0.3754232224656443,-0.390367954590719,-0.36167347142003586,1577,5347
fixed_hybrid_vote_on_score_agreement_cyclic_roll_3,10042,0.15534754033061143,-0.37711611232822145,-0.39075881298546106,-0.36277136028679546,1560,5347
