group,model,EM,F1,NLL/token,wall_clock_sec,compression,payload_bytes,samples,M,token_budget_mode,token_budget_k,dataset
text,llama,0.59,0.8007829157729505,12.72173482274305,17.4599769115448,5.105520833333333,43008,200,48,content_only,32,squad
text,qwen,0.665,0.8383902733374898,25.81069942126198,17.4599769115448,4.826875,43008,200,48,content_only,32,squad
latent,llama,0.0,0.006483598534155402,9.804483931621457,4.381702423095703,5.105520833333333,43008,200,48,content_only,32,squad
latent,qwen,0.0,0.0,9.756985196676204,4.381702423095703,4.826875,43008,200,48,content_only,32,squad
token_budget,llama,0.005,0.04095895236860437,,3.8728532791137695,5.105520833333333,43008,200,48,content_only,32,squad
token_budget,qwen,0.04,0.07479711898018827,,3.8728532791137695,4.826875,43008,200,48,content_only,32,squad
joint,both,0.0,0.003921568580315265,,,,43008,200,48,content_only,32,squad
