{
  "experiment": "full_finetune_baseline_agnews",
  "timestamp": "2025-12-14T18:36:25.885294",
  "config": {
    "dataset": "agnews",
    "finetune_layers": 4,
    "epochs": 3,
    "batch_size": 2,
    "lr": 1e-05,
    "max_train_samples": 2000,
    "max_eval_samples": 200,
    "seed": 42,
    "gradient_checkpointing": true
  },
  "results": {
    "accuracy": 84.0,
    "correct": 168,
    "total": 200,
    "train_time": 239.09848809242249,
    "total_params": 7248023552,
    "trainable_params": 1006669824,
    "train_losses": [
      1.8017248536348343,
      1.4406006124019624,
      1.2737461529374123
    ]
  }
}