{
  "experiment": "full_finetune_baseline_sst2",
  "timestamp": "2025-12-14T18:26:47.498937",
  "config": {
    "dataset": "sst2",
    "finetune_layers": 4,
    "epochs": 3,
    "batch_size": 2,
    "lr": 1e-05,
    "max_train_samples": 2000,
    "max_eval_samples": 200,
    "seed": 42,
    "gradient_checkpointing": true
  },
  "results": {
    "accuracy": 94.0,
    "correct": 188,
    "total": 200,
    "train_time": 226.33984875679016,
    "total_params": 7248023552,
    "trainable_params": 1006669824,
    "train_losses": [
      1.7976032794117927,
      1.3988729938268663,
      1.2450787525773048
    ]
  }
}