{
  "experiment": "full_finetune_baseline_sst2",
  "timestamp": "2025-12-14T18:31:27.109171",
  "config": {
    "dataset": "sst2",
    "finetune_layers": 8,
    "epochs": 3,
    "batch_size": 2,
    "lr": 1e-05,
    "max_train_samples": 2000,
    "max_eval_samples": 200,
    "seed": 42,
    "gradient_checkpointing": true
  },
  "results": {
    "accuracy": 94.0,
    "correct": 188,
    "total": 200,
    "train_time": 224.33940839767456,
    "total_params": 7248023552,
    "trainable_params": 1879117824,
    "train_losses": [
      1.8045898218750953,
      1.3994014496803284,
      1.2502697393000126
    ]
  }
}