{
  "samples": 400,
  "max_new_tokens": 16,
  "latent_len": 48,
  "device": "cuda",
  "dtype": "torch.bfloat16",
  "avg_prompt_tokens": {
    "llama": 245.3875,
    "qwen": 231.6975
  },
  "compression": {
    "llama": 5.112239583333333,
    "qwen": 4.82703125
  },
  "payload_bytes": 8752,
  "payload_bytes_detail": {
    "fp32": 43024,
    "fp16": 21520,
    "selected": 8752
  },
  "wire": {
    "text_bytes_onecopy": {
      "llama_avg": 1254,
      "qwen_avg": 1102,
      "max_avg": 1254
    },
    "text_bytes_twocopies": {
      "sum_avg": 2356
    },
    "latent_bytes": {
      "fp32": 43024,
      "fp16": 21520,
      "int8": 11440,
      "int6": 8752,
      "int4": 6064
    },
    "selected_latent_bytes": 8752,
    "wire_ratio": {
      "latent_over_onecopy_fp16": 17.161084529505583,
      "latent_over_onecopy_fp32": 34.30940988835726,
      "selected_over_onecopy": 6.979266347687401
    },
    "base_latent_bytes": 43008
  },
  "text": {
    "llama": {
      "em": 0.5625,
      "f1": 0.7909989729439809,
      "nll_token": 12.45985620746975
    },
    "qwen": {
      "em": 0.625,
      "f1": 0.8187413621093965,
      "nll_token": 24.665170413293474
    },
    "wall_clock_sec": 60.947922229766846
  },
  "latent": {
    "llama": {
      "em": 0.0,
      "f1": 0.004575396825396826,
      "nll": 10.89365867754371,
      "first_token_top1": 0.007499999832361937,
      "first_token_top5": 0.014999999664723873,
      "nll_token": 10.89365867754371
    },
    "qwen": {
      "em": 0.0,
      "f1": 0.0016666666666666666,
      "nll": 10.032146922077944,
      "first_token_top1": 0.057499997317790985,
      "first_token_top5": 0.11749999970197678,
      "nll_token": 10.032146922077944
    },
    "wall_clock_sec": 72.31333446502686
  },
  "token_budget": {
    "mode": "content_only",
    "k": 48,
    "llama": {
      "em": 0.015,
      "f1": 0.04741670712185418
    },
    "qwen": {
      "em": 0.03,
      "f1": 0.07472267316017313
    },
    "wall_clock_sec": 52.64525651931763
  },
  "joint": {
    "em": 0.0,
    "f1": 0.0016666666666666666,
    "agreement": 0.0,
    "oracle": {
      "em": 0.0,
      "f1": 0.005527777777777778
    }
  },
  "debug": {
    "llama": {},
    "qwen": {},
    "settings": {
      "latent_anchor_mode": "text",
      "latent_anchor_text": "Answer: ",
      "prefix_gain": 1.15,
      "calibration_mode": "embed_rms",
      "append_bos_after_prefix": "no",
      "decode": {
        "min_new_tokens": 3,
        "eos_ban_steps": 6,
        "first_token_top_p": 1.0,
        "first_token_temperature": 0.0
      }
    }
  },
  "oracle": {
    "em": 0.0,
    "f1": 0.005527777777777778
  },
  "dataset": "squad"
}