group,model,EM,F1,NLL/token,wall_clock_sec,compression,payload_bytes,samples,M,token_budget_mode,token_budget_k,dataset
text,llama,0.5625,0.7909989729439809,12.45985620746975,60.947922229766846,5.112239583333333,8752,400,48,content_only,48,squad
text,qwen,0.625,0.8187413621093965,24.665170413293474,60.947922229766846,4.82703125,8752,400,48,content_only,48,squad
latent,llama,0.0,0.004575396825396826,10.89365867754371,72.31333446502686,5.112239583333333,8752,400,48,content_only,48,squad
latent,qwen,0.0,0.0016666666666666666,10.032146922077944,72.31333446502686,4.82703125,8752,400,48,content_only,48,squad
token_budget,llama,0.015,0.04741670712185418,,52.64525651931763,5.112239583333333,8752,400,48,content_only,48,squad
token_budget,qwen,0.03,0.07472267316017313,,52.64525651931763,4.82703125,8752,400,48,content_only,48,squad
joint,both,0.0,0.0016666666666666666,,,,8752,400,48,content_only,48,squad
