{
  "dataset": "openbookqa",
  "sample_indices": [
    0,
    1,
    2,
    3,
    4,
    5,
    6,
    7,
    8,
    9,
    10,
    11,
    12,
    13,
    14,
    15,
    16,
    17,
    18,
    19
  ],
  "num_samples": 20,
  "num_correct": 3,
  "accuracy": 0.15,
  "kv_quant_config": {
    "enabled": true,
    "scheme": "int8",
    "axis": "head",
    "eps": 1e-06,
    "collect_stats": true
  },
  "kv_quant_stats": {
    "count": 480,
    "k_scale_min": 0.054472193121910095,
    "k_scale_max": 1.7401574850082397,
    "k_scale_mean_sum": 99.43563737720251,
    "v_scale_min": 0.0011466919677332044,
    "v_scale_max": 0.13927164673805237,
    "v_scale_mean_sum": 16.251888716593385,
    "k_scale_mean": 0.2071575778691719,
    "v_scale_mean": 0.03385810149290289
  },
  "include_response": false
}
