{
  "bootstrap_samples": 1000,
  "bootstrap_seed": 20260512,
  "packets": [
    {
      "key": "phase0_granite_tiny",
      "label": "Phase 0 Granite-Tiny",
      "run_dir": "experimental/outlier_migrate/phase0/results/om_phase0_20260508T011824Z",
      "stable_thresholds": [
        0.005,
        0.01,
        0.02
      ],
      "threshold_rows": [
        {
          "base_position": 100,
          "final_position": 10000,
          "gate_style_migration_fraction": 0.690625,
          "gate_style_migration_fraction_ci95": {
            "ci95_high": 0.7203125,
            "ci95_low": 0.6583333333333333
          },
          "left_set_fraction": 0.5833333333333334,
          "left_set_fraction_ci95": {
            "ci95_high": 0.6296875,
            "ci95_low": 0.5427083333333333
          },
          "strict_original_fraction": 0.6770833333333334,
          "strict_original_fraction_ci95": {
            "ci95_high": 0.70859375,
            "ci95_low": 0.64453125
          },
          "top_channel_fraction": 0.005,
          "top_channel_percent": 0.5,
          "within_set_rank_shuffle_fraction": 0.1,
          "within_set_rank_shuffle_fraction_ci95": {
            "ci95_high": 0.1234375,
            "ci95_low": 0.07473958333333333
          }
        },
        {
          "base_position": 100,
          "final_position": 10000,
          "gate_style_migration_fraction": 0.8178385416666667,
          "gate_style_migration_fraction_ci95": {
            "ci95_high": 0.8375,
            "ci95_low": 0.796875
          },
          "left_set_fraction": 0.6342447916666667,
          "left_set_fraction_ci95": {
            "ci95_high": 0.6662760416666667,
            "ci95_low": 0.60703125
          },
          "strict_original_fraction": 0.8080729166666667,
          "strict_original_fraction_ci95": {
            "ci95_high": 0.8303385416666667,
            "ci95_low": 0.7869791666666667
          },
          "top_channel_fraction": 0.01,
          "top_channel_percent": 1.0,
          "within_set_rank_shuffle_fraction": 0.17526041666666667,
          "within_set_rank_shuffle_fraction_ci95": {
            "ci95_high": 0.19140625,
            "ci95_low": 0.15924479166666666
          }
        },
        {
          "base_position": 100,
          "final_position": 10000,
          "gate_style_migration_fraction": 0.8932795698924731,
          "gate_style_migration_fraction_ci95": {
            "ci95_high": 0.9050403225806452,
            "ci95_low": 0.8815860215053763
          },
          "left_set_fraction": 0.6691532258064516,
          "left_set_fraction_ci95": {
            "ci95_high": 0.6897177419354839,
            "ci95_low": 0.6501344086021505
          },
          "strict_original_fraction": 0.8855510752688172,
          "strict_original_fraction_ci95": {
            "ci95_high": 0.8977150537634409,
            "ci95_low": 0.8736559139784946
          },
          "top_channel_fraction": 0.02,
          "top_channel_percent": 2.0,
          "within_set_rank_shuffle_fraction": 0.21666666666666665,
          "within_set_rank_shuffle_fraction_ci95": {
            "ci95_high": 0.22748655913978494,
            "ci95_low": 0.2053763440860215
          }
        },
        {
          "base_position": 100,
          "final_position": 10000,
          "gate_style_migration_fraction": 0.9492424242424242,
          "gate_style_migration_fraction_ci95": {
            "ci95_high": 0.9540584415584416,
            "ci95_low": 0.9446158008658009
          },
          "left_set_fraction": 0.658008658008658,
          "left_set_fraction_ci95": {
            "ci95_high": 0.6695075757575758,
            "ci95_low": 0.6457521645021645
          },
          "strict_original_fraction": 0.9449404761904762,
          "strict_original_fraction_ci95": {
            "ci95_high": 0.9500541125541125,
            "ci95_low": 0.9400974025974026
          },
          "top_channel_fraction": 0.05,
          "top_channel_percent": 5.0,
          "within_set_rank_shuffle_fraction": 0.28695887445887447,
          "within_set_rank_shuffle_fraction_ci95": {
            "ci95_high": 0.2970508658008658,
            "ci95_low": 0.27621753246753245
          }
        }
      ]
    },
    {
      "key": "phase1_granite_small",
      "label": "Phase 1 Granite-Small",
      "run_dir": "experimental/outlier_migrate/phase1/results/om_phase1_20260508T014959Z",
      "stable_thresholds": [
        0.005,
        0.01,
        0.02
      ],
      "threshold_rows": [
        {
          "base_position": 100,
          "final_position": 20000,
          "gate_style_migration_fraction": 0.7234126984126984,
          "gate_style_migration_fraction_ci95": {
            "ci95_high": 0.7372519841269841,
            "ci95_low": 0.7091269841269842
          },
          "left_set_fraction": 0.5382936507936508,
          "left_set_fraction_ci95": {
            "ci95_high": 0.5584325396825397,
            "ci95_low": 0.5168154761904762
          },
          "strict_original_fraction": 0.7146825396825397,
          "strict_original_fraction_ci95": {
            "ci95_high": 0.7285218253968254,
            "ci95_low": 0.6995039682539682
          },
          "top_channel_fraction": 0.005,
          "top_channel_percent": 0.5,
          "within_set_rank_shuffle_fraction": 0.17787698412698413,
          "within_set_rank_shuffle_fraction_ci95": {
            "ci95_high": 0.188640873015873,
            "ci95_low": 0.166765873015873
          }
        },
        {
          "base_position": 100,
          "final_position": 20000,
          "gate_style_migration_fraction": 0.843165650406504,
          "gate_style_migration_fraction_ci95": {
            "ci95_high": 0.8510924796747967,
            "ci95_low": 0.8342987804878048
          },
          "left_set_fraction": 0.566234756097561,
          "left_set_fraction_ci95": {
            "ci95_high": 0.5806402439024391,
            "ci95_low": 0.5491869918699187
          },
          "strict_original_fraction": 0.8367632113821138,
          "strict_original_fraction_ci95": {
            "ci95_high": 0.844969512195122,
            "ci95_low": 0.8271595528455284
          },
          "top_channel_fraction": 0.01,
          "top_channel_percent": 1.0,
          "within_set_rank_shuffle_fraction": 0.2709349593495935,
          "within_set_rank_shuffle_fraction_ci95": {
            "ci95_high": 0.2809959349593496,
            "ci95_low": 0.2613821138211382
          }
        },
        {
          "base_position": 100,
          "final_position": 20000,
          "gate_style_migration_fraction": 0.9133003048780488,
          "gate_style_migration_fraction_ci95": {
            "ci95_high": 0.9176956300813008,
            "ci95_low": 0.9082571138211382
          },
          "left_set_fraction": 0.5741234756097561,
          "left_set_fraction_ci95": {
            "ci95_high": 0.5900025406504065,
            "ci95_low": 0.5590701219512195
          },
          "strict_original_fraction": 0.9097433943089431,
          "strict_original_fraction_ci95": {
            "ci95_high": 0.9144563008130081,
            "ci95_low": 0.9042682926829269
          },
          "top_channel_fraction": 0.02,
          "top_channel_percent": 2.0,
          "within_set_rank_shuffle_fraction": 0.33572154471544713,
          "within_set_rank_shuffle_fraction_ci95": {
            "ci95_high": 0.3483104674796748,
            "ci95_low": 0.3222433943089431
          }
        },
        {
          "base_position": 100,
          "final_position": 20000,
          "gate_style_migration_fraction": 0.9619664634146341,
          "gate_style_migration_fraction_ci95": {
            "ci95_high": 0.9638871951219512,
            "ci95_low": 0.9596747967479674
          },
          "left_set_fraction": 0.6891615853658537,
          "left_set_fraction_ci95": {
            "ci95_high": 0.7015802845528455,
            "ci95_low": 0.6776168699186992
          },