group,model,EM,F1,NLL/token,wall_clock_sec,compression,payload_bytes,samples,M,token_budget_mode,token_budget_k,dataset
text,llama,0.585,0.7992829157767006,12.72173482274305,20.30587649345398,5.105520833333333,43008,200,48,content_only,32,squad
text,qwen,0.655,0.8360093209598256,25.81069942126198,20.30587649345398,4.826875,43008,200,48,content_only,32,squad
latent,llama,0.0,0.005843055576684474,11.227892446950449,3.670410633087158,5.105520833333333,43008,200,48,content_only,32,squad
latent,qwen,0.0,0.005926587104980233,16.847822601202303,3.670410633087158,4.826875,43008,200,48,content_only,32,squad
token_budget,llama,0.005,0.04115193480713192,,3.2934019565582275,5.105520833333333,43008,200,48,content_only,32,squad
token_budget,qwen,0.04,0.07479711898018827,,3.2934019565582275,4.826875,43008,200,48,content_only,32,squad
joint,both,0.0,0.0036626982772496315,,,,43008,200,48,content_only,32,squad
