{
  "samples": 200,
  "max_new_tokens": 16,
  "latent_len": 48,
  "device": "cuda",
  "dtype": "torch.bfloat16",
  "avg_prompt_tokens": {
    "llama": 245.065,
    "qwen": 231.69
  },
  "compression": {
    "llama": 5.105520833333333,
    "qwen": 4.826875
  },
  "payload_bytes": 43008,
  "payload_bytes_detail": {
    "fp32": 8601600,
    "fp16": 4300800,
    "selected": null
  },
  "wire": {
    "prompt_chars": {
      "llama": 251564,
      "qwen": 221164
    },
    "prompt_count": 200,
    "latent_shape": [
      200,
      42,
      256
    ],
    "latent_bytes": {
      "fp32": 8601600,
      "fp16": 4300800
    },
    "group_size": 32,
    "scale_bits": 16,
    "selected_latent_bytes": null,
    "base_latent_bytes": 43008,
    "wire_ratio": {}
  },
  "text": {
    "llama": {
      "em": 0.585,
      "f1": 0.7992829157767006,
      "nll_token": 12.72173482274305
    },
    "qwen": {
      "em": 0.655,
      "f1": 0.8360093209598256,
      "nll_token": 25.81069942126198
    },
    "wall_clock_sec": 20.30587649345398
  },
  "latent": {
    "llama": {
      "em": 0.0,
      "f1": 0.005843055576684474,
      "nll": 11.227892446950449,
      "first_token_top1": 0.0,
      "first_token_top5": 0.004999999888241291,
      "nll_token": 11.227892446950449
    },
    "qwen": {
      "em": 0.0,
      "f1": 0.005926587104980233,
      "nll": 16.847822601202303,
      "first_token_top1": 0.0,
      "first_token_top5": 0.0,
      "nll_token": 16.847822601202303
    },
    "wall_clock_sec": 3.670410633087158
  },
  "token_budget": {
    "mode": "content_only",
    "k": 32,
    "llama": {
      "em": 0.005,
      "f1": 0.04115193480713192
    },
    "qwen": {
      "em": 0.04,
      "f1": 0.07479711898018827
    },
    "wall_clock_sec": 3.2934019565582275
  },
  "joint": {
    "em": 0.0,
    "f1": 0.0036626982772496315,
    "agreement": 0.0,
    "oracle": {
      "em": 0.0,
      "f1": 0.009763690369155881
    }
  },
  "debug": {
    "llama": {},
    "qwen": {},
    "settings": {
      "latent_anchor_mode": "auto",
      "latent_anchor_text": "",
      "prefix_gain": 1.15,
      "calibration_mode": "embed_rms",
      "append_bos_after_prefix": "yes",
      "decode": {
        "min_new_tokens": 3,
        "eos_ban_steps": 6,
        "first_token_top_p": 1.0,
        "first_token_temperature": 0.0
      }
    }
  },
  "oracle": {
    "em": 0.0,
    "f1": 0.009763690369155881
  },
  "dataset": "squad"
}