{
  "budget_summaries": [
    {
      "best_compression_baseline_accuracy": 0.361328125,
      "best_no_source_accuracy": 0.25,
      "budget_bytes": 4,
      "learned_vs_compression_pass": false,
      "matched_accuracy": 0.2646484375,
      "matched_minus_best_compression": -0.0966796875,
      "matched_minus_best_no_source": 0.0146484375,
      "metrics": {
        "matched_learned_syndrome": {
          "accuracy": 0.2646484375,
          "correct": 271,
          "mean_payload_bytes": 4.0,
          "mean_payload_tokens": 1.0,
          "n": 1024,
          "p50_latency_ms": 8.51458349643508,
          "p95_latency_ms": 27.937250008108094
        },
        "random_same_byte": {
          "accuracy": 0.2421875,
          "correct": 248,
          "mean_payload_bytes": 4.0,
          "mean_payload_tokens": 1.0,
          "n": 1024,
          "p50_latency_ms": 0.4296454935683869,
          "p95_latency_ms": 4.568958989693783
        },
        "raw_source_sign_sketch": {
          "accuracy": 0.3271484375,
          "correct": 335,
          "mean_payload_bytes": 4.0,
          "mean_payload_tokens": 1.0,
          "n": 1024,
          "p50_latency_ms": 4.41777100058971,
          "p95_latency_ms": 15.7912090071477
        },
        "relative_canonical_answer_masked_source": {
          "accuracy": 0.275390625,
          "correct": 282,
          "mean_payload_bytes": 4.0,
          "mean_payload_tokens": 1.0,
          "n": 1024,
          "p50_latency_ms": 4.151270499278326,
          "p95_latency_ms": 17.413958004908636
        },
        "relative_canonical_constrained_shuffled_source": {
          "accuracy": 0.2666015625,
          "correct": 273,
          "mean_payload_bytes": 4.0,
          "mean_payload_tokens": 1.0,
          "n": 1024,
          "p50_latency_ms": 4.347541500465013,
          "p95_latency_ms": 16.84366700646933
        },
        "relative_canonical_label_shuffled_ridge": {
          "accuracy": 0.2099609375,
          "correct": 215,
          "mean_payload_bytes": 4.0,
          "mean_payload_tokens": 1.0,
          "n": 1024,
          "p50_latency_ms": 4.384896004921757,
          "p95_latency_ms": 16.384417001972906
        },
        "relative_canonical_order_mismatch_source": {
          "accuracy": 0.1943359375,
          "correct": 199,
          "mean_payload_bytes": 4.0,
          "mean_payload_tokens": 1.0,
          "n": 1024,
          "p50_latency_ms": 4.32989549881313,
          "p95_latency_ms": 17.708874991512857
        },
        "relative_canonical_permuted_score_bytes": {
          "accuracy": 0.18359375,
          "correct": 188,
          "mean_payload_bytes": 4.0,
          "mean_payload_tokens": 1.0,
          "n": 1024,
          "p50_latency_ms": 4.2120210055145435,
          "p95_latency_ms": 17.206999997142702
        },
        "relative_canonical_random_same_byte": {
          "accuracy": 0.2509765625,
          "correct": 257,
          "mean_payload_bytes": 4.0,
          "mean_payload_tokens": 1.0,
          "n": 1024,
          "p50_latency_ms": 0.0421659933635965,
          "p95_latency_ms": 0.14174998796079308
        },
        "relative_canonical_score_source": {
          "accuracy": 0.4423828125,
          "correct": 453,
          "mean_payload_bytes": 4.0,
          "mean_payload_tokens": 1.0,
          "n": 1024,
          "p50_latency_ms": 4.329582996433601,
          "p95_latency_ms": 17.6342500053579
        },
        "scalar_answer_masked_source": {
          "accuracy": 0.275390625,
          "correct": 282,
          "mean_payload_bytes": 4.0,
          "mean_payload_tokens": 1.0,
          "n": 1024,
          "p50_latency_ms": 4.094854004506487,
          "p95_latency_ms": 16.852749991812743
        },
        "scalar_constrained_shuffled_source": {
          "accuracy": 0.205078125,
          "correct": 210,
          "mean_payload_bytes": 4.0,
          "mean_payload_tokens": 1.0,
          "n": 1024,
          "p50_latency_ms": 4.049562492582481,
          "p95_latency_ms": 17.224166003870778
        },
        "scalar_label_shuffled_ridge": {
          "accuracy": 0.203125,
          "correct": 208,
          "mean_payload_bytes": 4.0,
          "mean_payload_tokens": 1.0,
          "n": 1024,
          "p50_latency_ms": 4.4156459989608265,
          "p95_latency_ms": 15.940582990879193
        },
        "scalar_quantized_source": {
          "accuracy": 0.361328125,
          "correct": 370,
          "mean_payload_bytes": 4.0,
          "mean_payload_tokens": 1.0,
          "n": 1024,
          "p50_latency_ms": 4.183541495876852,
          "p95_latency_ms": 17.973915993934497
        },
        "scalar_shuffled_source": {
          "accuracy": 0.2236328125,
          "correct": 229,
          "mean_payload_bytes": 4.0,
          "mean_payload_tokens": 1.0,
          "n": 1024,
          "p50_latency_ms": 3.9924584998516366,
          "p95_latency_ms": 16.35770799475722
        },
        "target_only": {
          "accuracy": 0.25,
          "correct": 256,
          "mean_payload_bytes": 0.0,
          "mean_payload_tokens": 0.0,
          "n": 1024,
          "p50_latency_ms": 0.0025410117814317346,
          "p95_latency_ms": 0.006791000487282872
        },
        "zero_source": {
          "accuracy": 0.25,
          "correct": 256,
          "mean_payload_bytes": 0.0,
          "mean_payload_tokens": 0.0,
          "n": 1024,
          "p50_latency_ms": 0.0022500025806948543,
          "p95_latency_ms": 0.006166999810375273
        }
      },
      "pass_gate": false,
      "qjl_controls_ok": false,
      "qjl_minus_best_no_source": null,
      "qjl_minus_scalar": null,
      "qjl_residual_source_accuracy": null,
      "qjl_source_packet_pass": false,
      "relative_canonical_controls_ok": true,
      "relative_canonical_minus_best_no_source": 0.1923828125,
      "relative_canonical_minus_scalar": 0.0810546875,
      "relative_canonical_score_source_accuracy": 0.4423828125,
      "relative_canonical_source_packet_pass": true,
      "relative_controls_ok": false,
      "relative_minus_best_no_source": null,
      "relative_minus_scalar": null,
      "relative_score_source_accuracy": null,
      "relative_source_packet_pass": false,
      "scalar_controls_ok": true,
      "scalar_minus_best_no_source": 0.111328125,
      "scalar_quantized_source_accuracy": 0.361328125,
      "scalar_source_packet_pass": false,
      "target_only_accuracy": 0.25
    }
  ],
  "budgets": [
    4
  ],
  "candidate_pool_recall": 1.0,
  "candidate_view": "slot",
  "candidates": 4,
  "code_projection_sha256": "ecdf2cca90546220df37f713cbae254c39da756040dc798437c99b38fb8abe52",
  "created_utc": "2026-04-29T07:24:21.098603+00:00",
  "encoder_sha256": "cbc0ec5c956b3d4c97092ca37a52c9ada2ee3b377101b9ed5f33b811a80ed7ad",
  "eval_examples": 1024,
  "eval_family_set": "all",
  "eval_seed": 30,
  "exact_id_parity": true,
  "feature_dim": 512,
  "fit_intercept": false,
  "gate": "source_private_tool_trace_compression_baselines",
  "label_shuffle_encoder_sha256": "003e08a6e1b67635b1adf38b0bb0c35fcc14519677c6bbc757867a9c2fd2f20b",
  "label_shuffle_seed": 145117,
  "packet_variants": [
    "relative_scores_canonical"
  ],
  "pass_gate": false,
  "pass_rule": "learned syndrome pass: beats target/no-source by >=0.15 and beats best matched-byte compression baseline by >=0.02. Scalar packet pass: scalar quantized source packet beats no-source by >=0.15 and scalar source-destroying controls stay within target_only +0.05. Optional packet variants are reported as comparator/candidate rows and do not change the historical pass gate. Canonical relative-score packets serialize scores by stable public candidate identity and map bytes back at decode time.",
  "prediction_files": {
    "4": "predictions_budget4.jsonl"
  },
  "qjl_residual_projection_sha256": "288d46b5161627973ba4baa257597127e16fe23b013eeb667eaa9122ac6c53ee",
  "relative_score_calibration": {
    "hi": 0.919625470638275,