{
  "model": "Rosetta",
  "dataset": "ai2-arc",
  "answer_method": "generate",
  "overall_accuracy": 0.5539130434782609,
  "subjects": {
    "SPLIT_0_OF_1": 0.5539130434782609
  },
  "length_statistics": {
    "subjects": {
      "SPLIT_0_OF_1": {
        "avg_input_length": 141.31739130434784,
        "avg_gen_length": 10.63304347826087,
        "avg_length_ratio": 0.07588756100981155,
        "accuracy": 0.5539130434782609,
        "total_samples": 1150
      }
    }
  }
}