{
  "samples": 50,
  "max_new_tokens": 6,
  "latent_len": 16,
  "device": "mps",
  "dtype": "torch.float16",
  "avg_prompt_tokens": {
    "llama": 444.8,
    "qwen": 442.82
  },
  "compression": {
    "llama": 27.8,
    "qwen": 27.67625
  },
  "payload_bytes": 16384,
  "wire": {
    "text_bytes_onecopy": {
      "llama_avg": 2022,
      "qwen_avg": 1869,
      "max_avg": 2022
    },
    "text_bytes_twocopies": {
      "sum_avg": 3891
    },
    "latent_bytes": {
      "fp32": 16384,
      "fp16": 8192
    }
  },
  "text": {
    "llama": {
      "em": 0.44,
      "f1": 0.6024155844155845,
      "nll_token": 11.256132204798941
    },
    "qwen": {
      "em": 0.38,
      "f1": 0.5213972693972694,
      "nll_token": 20.94948334409701
    },
    "wall_clock_sec": 212.3288450241089
  },
  "latent": {
    "llama": {
      "em": 0.0,
      "f1": 0.0,
      "nll_token": 11.948815127636523
    },
    "qwen": {
      "em": 0.0,
      "f1": 0.0,
      "nll_token": 11.463646967679459
    },
    "wall_clock_sec": 106.2020308971405
  },
  "token_budget": {
    "mode": "content_only",
    "k": 32,
    "llama": {
      "em": 0.12,
      "f1": 0.24771428571428575
    },
    "qwen": {
      "em": 0.1,
      "f1": 0.14304761904761903
    },
    "wall_clock_sec": 161.03909397125244
  },
  "joint": {
    "em": 0.0,
    "f1": 0.0,
    "agreement": 1.0,
    "oracle": {
      "em": 0.0,
      "f1": 0.0
    }
  },
  "dataset": "hotpot",
  "dataset_detail": {
    "config": "distractor"
  }
}