group,model,EM,F1,NLL/token,wall_clock_sec,compression,payload_bytes,samples,M,token_budget_mode,token_budget_k,dataset
text,llama,0.615,0.8094276466075133,12.403911339973977,34.623138427734375,7.65828125,1164800,200,32,content_only,32,squad
text,qwen,0.68,0.8516192862752388,24.624676366308734,34.623138427734375,7.2403125,1164800,200,32,content_only,32,squad
latent,llama,0.0,0.0012499999812500002,11.060807631399626,39.04214906692505,7.65828125,1164800,200,32,content_only,32,squad
latent,qwen,0.0,0.015401879565847534,10.36449353152482,39.04214906692505,7.2403125,1164800,200,32,content_only,32,squad
token_budget,llama,0.005,0.04021474843730812,,28.55026650428772,7.65828125,1164800,200,32,content_only,32,squad
token_budget,qwen,0.04,0.08823398758088613,,28.55026650428772,7.2403125,1164800,200,32,content_only,32,squad
joint,both,0.0,0.008291666467446186,,,,1164800,200,32,content_only,32,squad
