group,model,EM,F1,NLL/token,wall_clock_sec,compression,payload_bytes,samples,M,token_budget_mode,token_budget_k,dataset
text,llama,0.59,0.7958243517451916,13.675748455854526,7.361482620239258,7.6884375,6553600,200,32,content_only,32,squad
text_embed,llama,0.59,0.7958243517451916,13.675748455854526,6.831209421157837,7.6884375,6553600,200,32,content_only,32,squad
latent,llama,0.0,0.0,9.331006917283108,1.9895601272583008,7.6884375,6553600,200,32,content_only,32,squad
token_budget,llama,0.005,0.048777777166363785,,1.8387491703033447,7.6884375,6553600,200,32,content_only,32,squad
embedding_raw,llama,0.595,0.8055916297639502,13.675748455854526,30.00700831413269,7.6884375,6553600,200,32,content_only,32,squad
embedding_anchor,llama,0.645,0.8195118725299646,12.751180602309384,29.7332763671875,7.6884375,6553600,200,32,content_only,32,squad
embedding_adapter,llama,0.0,0.010155969191806216,9.753239258076329,54.7069730758667,7.6884375,6553600,200,32,content_only,32,squad
