group,model,EM,F1,NLL/token,wall_clock_sec,compression,payload_bytes,samples,M,token_budget_mode,token_budget_k,dataset
text,llama,0.4666666666666667,0.737991448664498,12.674708925365275,1.8760628700256348,8.354166666666666,983040,30,32,content_only,32,squad
text_embed,llama,0.4666666666666667,0.737991448664498,12.674708925365275,1.4865751266479492,8.354166666666666,983040,30,32,content_only,32,squad
latent,llama,0.0,0.006060605895316808,10.615517264918276,1.224363088607788,8.354166666666666,983040,30,32,content_only,32,squad
token_budget,llama,0.0,0.05230880174640422,,0.8857913017272949,8.354166666666666,983040,30,32,content_only,32,squad
embedding_raw,llama,0.5333333333333333,0.7682141206608112,12.674708925365275,4.570751905441284,8.354166666666666,983040,30,32,content_only,32,squad
embedding_anchor,llama,0.6666666666666666,0.8379120831945316,11.858278525503058,4.650776147842407,8.354166666666666,983040,30,32,content_only,32,squad
embedding_adapter,llama,0.0,0.0,11.045411954846298,16.9409921169281,8.354166666666666,983040,30,32,content_only,32,squad
