group,model,EM,F1,NLL/token,wall_clock_sec,compression,payload_bytes,samples,M,token_budget_mode,token_budget_k,dataset
text,llama,0.58,0.7994106570072514,12.72173482274305,15.948981285095215,15.3165625,16384,200,16,content_only,16,squad
text,qwen,0.68,0.8528460272957177,25.81069942126198,15.948981285095215,14.480625,16384,200,16,content_only,16,squad
latent,llama,0.0,0.03167944555444555,8.606112452591358,12.986897468566895,15.3165625,16384,200,16,content_only,16,squad
latent,qwen,0.0,0.01895719803072744,8.348007526977984,12.986897468566895,14.480625,16384,200,16,content_only,16,squad
token_budget,llama,0.0,0.038205738705738714,,11.328083515167236,15.3165625,16384,200,16,content_only,16,squad
token_budget,qwen,0.01,0.04269888444888446,,11.328083515167236,14.480625,16384,200,16,content_only,16,squad
joint,both,0.0,0.02419966389819331,,,,16384,200,16,content_only,16,squad
