{
  "experiment": "fewshot_baseline",
  "timestamp": "20260119_155226",
  "config": {
    "baseline": "fewshot",
    "dataset": "hellaswag",
    "seeds": [
      42,
      123,
      456
    ],
    "max_samples": 200,
    "shots": 4
  },
  "results": {
    "Llama": {
      "mean_accuracy": 23.166666666666668,
      "std_accuracy": 1.649915822768611,
      "seeds": [
        25.0,
        21.0,
        23.5
      ]
    },
    "Mistral": {
      "mean_accuracy": 18.833333333333332,
      "std_accuracy": 3.1710495984067415,
      "seeds": [
        20.0,
        22.0,
        14.5
      ]
    }
  }
}