group,model,EM,F1,NLL/token,wall_clock_sec,compression,payload_bytes,samples,M,token_budget_mode,token_budget_k,dataset
text,llama,0.615,0.8094276466075133,12.403911339973977,34.597195863723755,7.65828125,1164800,200,32,content_only,32,squad
text,qwen,0.68,0.8516192862752388,24.624676366308734,34.597195863723755,7.2403125,1164800,200,32,content_only,32,squad
latent,llama,0.0,0.003166666623916668,10.404735472196895,38.72979664802551,7.65828125,1164800,200,32,content_only,32,squad
latent,qwen,0.0,0.00743346202308816,10.193476339812001,38.72979664802551,7.2403125,1164800,200,32,content_only,32,squad
token_budget,llama,0.005,0.04021474843730812,,28.19061851501465,7.65828125,1164800,200,32,content_only,32,squad
token_budget,qwen,0.04,0.08823398758088613,,28.19061851501465,7.2403125,1164800,200,32,content_only,32,squad
joint,both,0.0,0.004840625889699314,,,,1164800,200,32,content_only,32,squad
