{
  "model": "Rosetta",
  "dataset": "openbookqa",
  "answer_method": "generate",
  "overall_accuracy": 0.48,
  "subjects": {
    "SPLIT_0_OF_1": 0.48
  },
  "kv_transfer_stats": {
    "count": 2800,
    "selected_min": 63,
    "selected_max": 63,
    "selected_sum": 176400,
    "total_sum": 330400,
    "selected_fraction_sum": 1511.3436755086047,
    "score_mean_sum": 42857.76309645176,
    "score_min": 1.2495698928833008,
    "score_max": 88.35688781738281,
    "prefill_count": 100,
    "prefill_time_sum_ms": 41617.57438618224,
    "selection_time_sum_ms": 456.5224900143221,
    "projection_score_time_sum_ms": 5979.786806274205,
    "projection_transfer_time_sum_ms": 6145.523609826341,
    "fuse_time_sum_ms": 310.78763701952994,
    "rd_int8_sum": 176400,
    "rd_int4_sum": 0,
    "rd_drop_sum": 154000,
    "rd_budget_bytes_sum": 45976000.0,
    "rd_bytes_used_sum": 45556000.0,
    "rd_effective_bits_sum": 22597.222222221943,
    "rd_payload_bytes_sum": 45158400.0,
    "rd_index_bytes_sum": 352800.0,
    "rd_scale_bytes_sum": 44800.0,
    "selected_mean": 63.0,
    "total_mean": 118.0,
    "selected_fraction_mean": 0.5397655983959303,
    "score_mean": 15.306343963018486,
    "prefill_time_mean_ms": 416.1757438618224,
    "selection_time_mean_ms": 0.16304374643368647,
    "projection_score_time_mean_ms": 2.1356381450979307,
    "projection_transfer_time_mean_ms": 2.194829860652265,
    "fuse_time_mean_ms": 0.11099558464983213,
    "rd_int8_mean": 63.0,
    "rd_int4_mean": 0.0,
    "rd_drop_mean": 55.0,
    "rd_budget_bytes_mean": 16420.0,
    "rd_bytes_used_mean": 16270.0,
    "rd_effective_bits_mean": 8.070436507936408,
    "rd_payload_bytes_mean": 16128.0,
    "rd_index_bytes_mean": 126.0,
    "rd_scale_bytes_mean": 16.0
  },
  "length_statistics": {
    "subjects": {
      "SPLIT_0_OF_1": {
        "avg_input_length": 119.0,
        "avg_gen_length": 8.26,
        "avg_length_ratio": 0.07021058512905294,
        "accuracy": 0.48,
        "total_samples": 100
      }
    }
  }
}