{
  "llama": {
    "rms_mean_raw": 0.010568873354179017,
    "rms_mean_cal": 0.010570018661811072,
    "embed_rms": 0.01057322695851326,
    "count": 17
  },
  "qwen": {
    "rms_mean_raw": 0.013651642455335926,
    "rms_mean_cal": 0.013641401741872816,
    "embed_rms": 0.013643264770507812,
    "count": 17
  }
}