{
  "llama": {
    "rms_mean_raw": 0.010559869976714254,
    "rms_mean_cal": 0.010571582689881325,
    "embed_rms": 0.01057388074696064,
    "count": 100
  },
  "qwen": {
    "rms_mean_raw": 0.013677011765539647,
    "rms_mean_cal": 0.01364018046297133,
    "embed_rms": 0.013650601729750633,
    "count": 100
  }
}