{
  "experiment": "fewshot_baseline_sst2",
  "timestamp": "2025-12-14T14:36:46.582500",
  "config": {
    "dataset": "sst2",
    "shots": 5,
    "seeds": [
      42,
      123,
      456
    ],
    "max_samples": 200
  },
  "results": {
    "Llama": {
      "mean": 94.33333333333333,
      "std": 0.23570226039551584,
      "seeds": [
        94.5,
        94.5,
        94.0
      ]
    },
    "Mistral": {
      "mean": 94.5,
      "std": 1.0801234497346435,
      "seeds": [
        93.5,
        96.0,
        94.0
      ]
    }
  }
}