{
  "llama": {
    "rms_mean_raw": 0.6322672562149861,
    "rms_mean_cal": 0.010571094556358542,
    "embed_rms": 0.01057521253824234,
    "count": 1369
  },
  "qwen": {
    "rms_mean_raw": 0.6184672953614011,
    "rms_mean_cal": 0.013640873189240019,
    "embed_rms": 0.013628026470541954,
    "count": 1369
  }
}