{
  "llama": {
    "rms_mean_raw": 0.7506323306555291,
    "rms_mean_cal": 0.010571262204626383,
    "embed_rms": 0.010576444678008556,
    "count": 1369
  },
  "qwen": {
    "rms_mean_raw": 0.7757964702397911,
    "rms_mean_cal": 0.01364102004704095,
    "embed_rms": 0.013652386143803596,
    "count": 1369
  }
}