{
  "budget_summaries": [
    {
      "best_no_source_accuracy": 0.28125,
      "budget_bytes": 1,
      "matched_accuracy": 0.8203125,
      "matched_minus_best_no_source": 0.5390625,
      "metrics": {
        "answer_masked_source": {
          "accuracy": 0.234375,
          "correct": 60,
          "mean_payload_bytes": 1.0,
          "mean_payload_tokens": 1.0,
          "n": 256,
          "p50_latency_ms": 0.017541002307552844,
          "p95_latency_ms": 0.0651660084258765
        },
        "answer_only": {
          "accuracy": 0.28125,
          "correct": 72,
          "mean_payload_bytes": 1.0,
          "mean_payload_tokens": 1.0,
          "n": 256,
          "p50_latency_ms": 0.011749994882848114,
          "p95_latency_ms": 0.0441250012954697
        },
        "full_text_oracle": {
          "accuracy": 1.0,
          "correct": 256,
          "mean_payload_bytes": 11.0,
          "mean_payload_tokens": 1.0,
          "n": 256,
          "p50_latency_ms": 0.0004590037860907614,
          "p95_latency_ms": 0.0020830048015341163
        },
        "matched_learned_syndrome": {
          "accuracy": 0.8203125,
          "correct": 210,
          "mean_payload_bytes": 1.0,
          "mean_payload_tokens": 1.0,
          "n": 256,
          "p50_latency_ms": 0.018207996618002653,
          "p95_latency_ms": 0.0661249941913411
        },
        "random_same_byte": {
          "accuracy": 0.24609375,
          "correct": 63,
          "mean_payload_bytes": 1.0,
          "mean_payload_tokens": 1.0,
          "n": 256,
          "p50_latency_ms": 0.011833006283268332,
          "p95_latency_ms": 0.044500004150904715
        },
        "shuffled_source": {
          "accuracy": 0.2421875,
          "correct": 62,
          "mean_payload_bytes": 1.0,
          "mean_payload_tokens": 1.0,
          "n": 256,
          "p50_latency_ms": 0.01837499439716339,
          "p95_latency_ms": 0.06991700502112508
        },
        "structured_text_matched": {
          "accuracy": 0.25390625,
          "correct": 65,
          "mean_payload_bytes": 1.0,
          "mean_payload_tokens": 1.0,
          "n": 256,
          "p50_latency_ms": 0.011625001206994057,
          "p95_latency_ms": 0.048999994760379195
        },
        "target_derived_sidecar": {
          "accuracy": 0.25,
          "correct": 64,
          "mean_payload_bytes": 1.0,
          "mean_payload_tokens": 1.0,
          "n": 256,
          "p50_latency_ms": 0.01510450238129124,
          "p95_latency_ms": 0.05633301043417305
        },
        "target_only": {
          "accuracy": 0.25,
          "correct": 64,
          "mean_payload_bytes": 0.0,
          "mean_payload_tokens": 0.0,
          "n": 256,
          "p50_latency_ms": 0.0002704982762224972,
          "p95_latency_ms": 0.0009580107871443033
        },
        "wrong_projection_source": {
          "accuracy": 0.24609375,
          "correct": 63,
          "mean_payload_bytes": 1.0,
          "mean_payload_tokens": 1.0,
          "n": 256,
          "p50_latency_ms": 0.017875005141831934,
          "p95_latency_ms": 0.07066699618007988
        },
        "zero_source": {
          "accuracy": 0.25,
          "correct": 64,
          "mean_payload_bytes": 0.0,
          "mean_payload_tokens": 0.0,
          "n": 256,
          "p50_latency_ms": 0.0002500019036233425,
          "p95_latency_ms": 0.0009590003173798323
        }
      },
      "pass_gate": true,
      "target_only_accuracy": 0.25
    },
    {
      "best_no_source_accuracy": 0.26171875,
      "budget_bytes": 2,
      "matched_accuracy": 0.94921875,
      "matched_minus_best_no_source": 0.6875,
      "metrics": {
        "answer_masked_source": {
          "accuracy": 0.234375,
          "correct": 60,
          "mean_payload_bytes": 2.0,
          "mean_payload_tokens": 1.0,
          "n": 256,
          "p50_latency_ms": 0.017416998161934316,
          "p95_latency_ms": 0.02112500078510493
        },
        "answer_only": {
          "accuracy": 0.26171875,
          "correct": 67,
          "mean_payload_bytes": 2.0,
          "mean_payload_tokens": 1.0,
          "n": 256,
          "p50_latency_ms": 0.011749994882848114,
          "p95_latency_ms": 0.014125005691312253
        },
        "full_text_oracle": {
          "accuracy": 1.0,
          "correct": 256,
          "mean_payload_bytes": 11.0,
          "mean_payload_tokens": 1.0,
          "n": 256,
          "p50_latency_ms": 0.00045899651013314724,
          "p95_latency_ms": 0.0007080088835209608
        },
        "matched_learned_syndrome": {
          "accuracy": 0.94921875,
          "correct": 243,
          "mean_payload_bytes": 2.0,
          "mean_payload_tokens": 1.0,
          "n": 256,
          "p50_latency_ms": 0.01783400512067601,
          "p95_latency_ms": 0.026374997105449438
        },
        "random_same_byte": {
          "accuracy": 0.25390625,
          "correct": 65,
          "mean_payload_bytes": 2.0,
          "mean_payload_tokens": 1.0,
          "n": 256,
          "p50_latency_ms": 0.011833006283268332,
          "p95_latency_ms": 0.015124998753890395
        },
        "shuffled_source": {
          "accuracy": 0.26171875,
          "correct": 67,
          "mean_payload_bytes": 2.0,
          "mean_payload_tokens": 1.0,
          "n": 256,
          "p50_latency_ms": 0.018167003872804344,
          "p95_latency_ms": 0.022209002054296434
        },
        "structured_text_matched": {
          "accuracy": 0.26171875,
          "correct": 67,
          "mean_payload_bytes": 2.0,
          "mean_payload_tokens": 1.0,
          "n": 256,
          "p50_latency_ms": 0.011707990779541433,
          "p95_latency_ms": 0.013334007235243917
        },
        "target_derived_sidecar": {
          "accuracy": 0.25,
          "correct": 64,
          "mean_payload_bytes": 2.0,
          "mean_payload_tokens": 1.0,
          "n": 256,
          "p50_latency_ms": 0.015166995581239462,
          "p95_latency_ms": 0.018207996618002653
        },
        "target_only": {
          "accuracy": 0.25,
          "correct": 64,
          "mean_payload_bytes": 0.0,
          "mean_payload_tokens": 0.0,
          "n": 256,
          "p50_latency_ms": 0.0002500019036233425,
          "p95_latency_ms": 0.0004169996827840805
        },
        "wrong_projection_source": {
          "accuracy": 0.2265625,
          "correct": 58,
          "mean_payload_bytes": 2.0,
          "mean_payload_tokens": 1.0,
          "n": 256,
          "p50_latency_ms": 0.017750004190020263,
          "p95_latency_ms": 0.022916996385902166
        },
        "zero_source": {
          "accuracy": 0.25,
          "correct": 64,
          "mean_payload_bytes": 0.0,
          "mean_payload_tokens": 0.0,
          "n": 256,
          "p50_latency_ms": 0.0002500019036233425,
          "p95_latency_ms": 0.00033300602808594704
        }
      },
      "pass_gate": true,
      "target_only_accuracy": 0.25
    },
    {
      "best_no_source_accuracy": 0.26171875,
      "budget_bytes": 4,
      "matched_accuracy": 0.9921875,
      "matched_minus_best_no_source": 0.73046875,
      "metrics": {
        "answer_masked_source": {
          "accuracy": 0.24609375,
          "correct": 63,
          "mean_payload_bytes": 4.0,
          "mean_payload_tokens": 1.0,
          "n": 256,
          "p50_latency_ms": 0.017833008314482868,
          "p95_latency_ms": 0.019166996935382485
        },
        "answer_only": {
          "accuracy": 0.21484375,
          "correct": 55,
          "mean_payload_bytes": 4.0,
          "mean_payload_tokens": 1.0,
          "n": 256,
          "p50_latency_ms": 0.011999989510513842,
          "p95_latency_ms": 0.016541991499252617
        },
        "full_text_oracle": {
          "accuracy": 1.0,
          "correct": 256,
          "mean_payload_bytes": 11.0,
          "mean_payload_tokens": 1.0,
          "n": 256,
          "p50_latency_ms": 0.0004590110620483756,