{
  "model": "Rosetta",
  "dataset": "ai2-arc",
  "answer_method": "generate",
  "overall_accuracy": 0.551304347826087,
  "subjects": {
    "SPLIT_0_OF_1": 0.551304347826087
  },
  "length_statistics": {
    "subjects": {
      "SPLIT_0_OF_1": {
        "avg_input_length": 141.31739130434784,
        "avg_gen_length": 10.643478260869566,
        "avg_length_ratio": 0.07607195826331603,
        "accuracy": 0.551304347826087,
        "total_samples": 1150
      }
    }
  }
}