group,model,EM,F1,NLL/token,wall_clock_sec,compression,payload_bytes,samples,M,token_budget_mode,token_budget_k,dataset
text,llama,0.0,0.055118510574392925,15.681324996504673,134.30719113349915,16.8253125,16384,200,16,content_only,32,squad
text,qwen,0.065,0.29778076988371094,13.044476828877889,134.30719113349915,14.418125,16384,200,16,content_only,32,squad
latent,llama,0.0,0.0,,33.39684820175171,16.8253125,16384,200,16,content_only,32,squad
latent,qwen,0.0,0.0023333333333333335,9.144535482560515,33.39684820175171,14.418125,16384,200,16,content_only,32,squad
token_budget,llama,0.0,0.03346892873208663,,52.94118309020996,16.8253125,16384,200,16,content_only,32,squad
token_budget,qwen,0.0,0.053228646353646346,,52.94118309020996,14.418125,16384,200,16,content_only,32,squad
joint,both,0.0,0.0,,,,16384,200,16,content_only,32,squad
