{
  "samples": 200,
  "max_new_tokens": 8,
  "latent_len": 16,
  "device": "mps",
  "dtype": "torch.float16",
  "avg_prompt_tokens": {
    "llama": 269.205,
    "qwen": 230.69
  },
  "compression": {
    "llama": 16.8253125,
    "qwen": 14.418125
  },
  "payload_bytes": 16384,
  "wire": {
    "text_bytes_onecopy": {
      "llama_avg": 1070,
      "qwen_avg": 1106,
      "max_avg": 1106
    },
    "text_bytes_twocopies": {
      "sum_avg": 2176
    },
    "latent_bytes": {
      "fp32": 16384,
      "fp16": 8192
    }
  },
  "text": {
    "llama": {
      "em": 0.0,
      "f1": 0.055118510574392925,
      "nll_token": 15.681324996504673
    },
    "qwen": {
      "em": 0.065,
      "f1": 0.29778076988371094,
      "nll_token": 13.044476828877889
    },
    "wall_clock_sec": 134.30719113349915
  },
  "latent": {
    "llama": {
      "em": 0.0,
      "f1": 0.0,
      "nll_token": null
    },
    "qwen": {
      "em": 0.0,
      "f1": 0.0023333333333333335,
      "nll_token": 9.144535482560515
    },
    "wall_clock_sec": 33.39684820175171
  },
  "token_budget": {
    "mode": "content_only",
    "k": 32,
    "llama": {
      "em": 0.0,
      "f1": 0.03346892873208663
    },
    "qwen": {
      "em": 0.0,
      "f1": 0.053228646353646346
    },
    "wall_clock_sec": 52.94118309020996
  },
  "joint": {
    "em": 0.0,
    "f1": 0.0,
    "agreement": 0.0,
    "oracle": {
      "em": null,
      "f1": null
    }
  },
  "debug": {
    "llama": {},
    "qwen": {
      "adapter_scale": 0.1593082845211029,
      "Z_std": 1.029585599899292,
      "Z_mean_norm": 16.473276138305664,
      "prefix_std": 0.01658441126346588,
      "prefix_mean_norm": 0.45389628410339355
    },
    "latent_anchor_text": "Answer: "
  },
  "oracle": {
    "em": 0.0,
    "f1": 0.0023333333333333335
  },
  "dataset": "squad"
}