{
  "model": "Rosetta",
  "dataset": "ai2-arc",
  "answer_method": "generate",
  "overall_accuracy": 0.41450777202072536,
  "subjects": {
    "SPLIT_0_OF_1": 0.41450777202072536
  },
  "kv_transfer_stats": {
    "count": 5404,
    "selected_min": 10,
    "selected_max": 26,
    "selected_sum": 75852,
    "total_sum": 757092,
    "selected_fraction_sum": 541.5874569243035,
    "score_mean_sum": 238056.97131228447,
    "score_min": 2.17002534866333,
    "score_max": 230.7533416748047,
    "prefill_count": 193,
    "prefill_time_sum_ms": 46035.21327266935,
    "selection_time_sum_ms": 1983.4609350655228,
    "projection_score_time_sum_ms": 10075.479420367628,
    "projection_transfer_time_sum_ms": 11954.450772493146,
    "fuse_time_sum_ms": 585.8553186990321,
    "rd_int8_sum": 0,
    "rd_int4_sum": 0,
    "rd_drop_sum": 0,
    "rd_budget_bytes_sum": 0.0,
    "rd_bytes_used_sum": 0.0,
    "rd_effective_bits_sum": 0.0,
    "rd_payload_bytes_sum": 0.0,
    "rd_index_bytes_sum": 0.0,
    "rd_scale_bytes_sum": 0.0,
    "selected_mean": 14.036269430051814,
    "total_mean": 140.0984455958549,
    "selected_fraction_mean": 0.10021973666252841,
    "score_mean": 44.05199321100749,
    "prefill_time_mean_ms": 238.52442110191373,
    "selection_time_mean_ms": 0.3670357022697118,
    "projection_score_time_mean_ms": 1.864448449364846,
    "projection_transfer_time_mean_ms": 2.2121485515346313,
    "fuse_time_mean_ms": 0.10841142092876241,
    "rd_int8_mean": 0.0,
    "rd_int4_mean": 0.0,
    "rd_drop_mean": 0.0,
    "rd_budget_bytes_mean": 0.0,
    "rd_bytes_used_mean": 0.0,
    "rd_effective_bits_mean": 0.0,
    "rd_payload_bytes_mean": 0.0,
    "rd_index_bytes_mean": 0.0,
    "rd_scale_bytes_mean": 0.0
  },
  "length_statistics": {
    "subjects": {
      "SPLIT_0_OF_1": {
        "avg_input_length": 141.0984455958549,
        "avg_gen_length": 9.549222797927461,
        "avg_length_ratio": 0.06930628172066236,
        "accuracy": 0.41450777202072536,
        "total_samples": 193
      }
    }
  }
}