group,model,EM,F1,NLL/token,wall_clock_sec,compression,payload_bytes,samples,M,token_budget_mode,token_budget_k,dataset
text,llama,0.58,0.7994106570072514,12.72173482274305,15.93363094329834,7.65828125,32768,200,32,content_only,32,squad
text,qwen,0.68,0.8528460272957177,25.81069942126198,15.93363094329834,7.2403125,32768,200,32,content_only,32,squad
latent,llama,0.0,0.02706780644760185,7.044098616727625,13.405575037002563,7.65828125,32768,200,32,content_only,32,squad
latent,qwen,0.0,0.017747266622266625,7.126054512287574,13.405575037002563,7.2403125,32768,200,32,content_only,32,squad
token_budget,llama,0.005,0.04086507936507937,,11.68359088897705,7.65828125,32768,200,32,content_only,32,squad
token_budget,qwen,0.04,0.07479711954711955,,11.68359088897705,7.2403125,32768,200,32,content_only,32,squad
joint,both,0.0,0.017170652876535228,,,,32768,200,32,content_only,32,squad
