row_id,content_id,answer_index,full_prompt_prediction,distill_prediction,chunk_prediction,slots_prediction,distill_kl_to_full,slots_kl_to_full,distill_prefix_rms,chunk_prefix_rms
887,608bca457d7aafee5e29a5e026dc3b7399cb5e5d0ed3ba83d57ed0048541d15b,3,3,3,3,2,0.033265389206688506,0.017897590860827595,0.015052780508995056,0.015052780508995056
888,431be609e32f5a34b4fd3f878f7ef20667f3111d81dd5cc8dea37eae112149b8,2,2,1,1,1,0.37260608790220434,0.21658194453208585,0.015052780508995056,0.015052780508995056
923,4b42bd36a3943e76c8dc3681abb0f03b2043cb956da59cb95293d5c32fd98260,0,0,0,0,0,0.02222229753634311,0.14822555295078105,0.015052780508995056,0.015052780508995056
924,7d6fea9829e8df1bf433e39f611558a784c92e58c0b70dcb4646cd7890c9173a,1,3,3,3,3,0.12251725429905119,0.05336862039304224,0.015052780508995056,0.015052780508995056
942,d1bb085d0f5572645579df9389729f6bd5f525c2bd60d8c392a516626b2ab365,0,0,1,1,1,0.03220009382501285,0.016260562925007993,0.015052780508995056,0.015052780508995056
950,e5df353f145e054a0f5b3f6794db2eed04859cf20ea8442318a3f7840bd1fd22,0,1,3,3,3,0.04729257629523234,0.09244973640671522,0.015052780508995056,0.01505278144031763
951,7c80510ca6c4ffc4132ceaf963d9592f06b9ebda2e72f5d87a63887b7e17337b,2,0,3,3,3,0.1117967900007949,0.10234430239480663,0.015052780508995056,0.015052780508995056
989,9aa72499d3bfa3b43e7a9437a6efb67545ee08b252e30568473db225c1abcbc3,2,0,3,3,1,0.2833944940516657,0.20274596066222236,0.015052780508995056,0.015052780508995056
